name,value,unit,source,derivation
seed,20260916,integer,por_monthly.csv,"the seed column, constant down the file"
run_date,2026-09-16,date,por_monthly.csv,"the run_date column, constant down the file"
horizon_months,60,months,por_monthly.csv,row count
n_paths,20000,paths,por_paths.csv,row count
n_drivers,80,count,drivers.csv,row count
driver_anchor_u_low,0.000000,driver units,drivers.csv,the low column for anchor_u
driver_anchor_u_high,1.000000,driver units,drivers.csv,the high column for anchor_u
driver_anchor_u_low_pct,0.000000,per cent,drivers.csv,"the low column for anchor_u, as a percentage"
driver_anchor_u_high_pct,100.000000,per cent,drivers.csv,"the high column for anchor_u, as a percentage"
driver_price_uk_tut_gbp_low,14.000000,driver units,drivers.csv,the low column for price_uk_tut_gbp
driver_price_uk_tut_gbp_high,42.000000,driver units,drivers.csv,the high column for price_uk_tut_gbp
driver_price_uk_tut_gbp_mode,22.000000,driver units,drivers.csv,the mode column for price_uk_tut_gbp
driver_price_uk_tut_gbp_low_pct,1400.000000,per cent,drivers.csv,"the low column for price_uk_tut_gbp, as a percentage"
driver_price_uk_tut_gbp_high_pct,4200.000000,per cent,drivers.csv,"the high column for price_uk_tut_gbp, as a percentage"
driver_price_uk_sw_gbp_low,3.500000,driver units,drivers.csv,the low column for price_uk_sw_gbp
driver_price_uk_sw_gbp_high,13.000000,driver units,drivers.csv,the high column for price_uk_sw_gbp
driver_price_uk_sw_gbp_mode,7.000000,driver units,drivers.csv,the mode column for price_uk_sw_gbp
driver_price_uk_sw_gbp_low_pct,350.000000,per cent,drivers.csv,"the low column for price_uk_sw_gbp, as a percentage"
driver_price_uk_sw_gbp_high_pct,1300.000000,per cent,drivers.csv,"the high column for price_uk_sw_gbp, as a percentage"
driver_price_rel_us_low,0.850000,driver units,drivers.csv,the low column for price_rel_us
driver_price_rel_us_high,1.450000,driver units,drivers.csv,the high column for price_rel_us
driver_price_rel_us_low_pct,85.000000,per cent,drivers.csv,"the low column for price_rel_us, as a percentage"
driver_price_rel_us_high_pct,145.000000,per cent,drivers.csv,"the high column for price_rel_us, as a percentage"
driver_price_rel_in_low,0.100000,driver units,drivers.csv,the low column for price_rel_in
driver_price_rel_in_high,0.320000,driver units,drivers.csv,the high column for price_rel_in
driver_price_rel_in_low_pct,10.000000,per cent,drivers.csv,"the low column for price_rel_in, as a percentage"
driver_price_rel_in_high_pct,32.000000,per cent,drivers.csv,"the high column for price_rel_in, as a percentage"
driver_price_rel_row_low,0.550000,driver units,drivers.csv,the low column for price_rel_row
driver_price_rel_row_high,1.050000,driver units,drivers.csv,the high column for price_rel_row
driver_price_rel_row_low_pct,55.000000,per cent,drivers.csv,"the low column for price_rel_row, as a percentage"
driver_price_rel_row_high_pct,105.000000,per cent,drivers.csv,"the high column for price_rel_row, as a percentage"
driver_price_drift_yr_low,0.015000,driver units,drivers.csv,the low column for price_drift_yr
driver_price_drift_yr_high,0.030000,driver units,drivers.csv,the high column for price_drift_yr
driver_price_drift_yr_low_pct,1.500000,per cent,drivers.csv,"the low column for price_drift_yr, as a percentage"
driver_price_drift_yr_high_pct,3.000000,per cent,drivers.csv,"the high column for price_drift_yr, as a percentage"
driver_overage_price_frac_low,0.550000,driver units,drivers.csv,the low column for overage_price_frac
driver_overage_price_frac_high,1.450000,driver units,drivers.csv,the high column for overage_price_frac
driver_overage_price_frac_low_pct,55.000000,per cent,drivers.csv,"the low column for overage_price_frac, as a percentage"
driver_overage_price_frac_high_pct,145.000000,per cent,drivers.csv,"the high column for overage_price_frac, as a percentage"
driver_sessions_per_hh_month_low,3.500000,driver units,drivers.csv,the low column for sessions_per_hh_month
driver_sessions_per_hh_month_high,18.000000,driver units,drivers.csv,the high column for sessions_per_hh_month
driver_sessions_per_hh_month_low_pct,350.000000,per cent,drivers.csv,"the low column for sessions_per_hh_month, as a percentage"
driver_sessions_per_hh_month_high_pct,1800.000000,per cent,drivers.csv,"the high column for sessions_per_hh_month, as a percentage"
driver_sessions_cv_low,0.550000,driver units,drivers.csv,the low column for sessions_cv
driver_sessions_cv_high,1.600000,driver units,drivers.csv,the high column for sessions_cv
driver_sessions_cv_low_pct,55.000000,per cent,drivers.csv,"the low column for sessions_cv, as a percentage"
driver_sessions_cv_high_pct,160.000000,per cent,drivers.csv,"the high column for sessions_cv, as a percentage"
driver_usage_season_amp_low,0.100000,driver units,drivers.csv,the low column for usage_season_amp
driver_usage_season_amp_high,0.550000,driver units,drivers.csv,the high column for usage_season_amp
driver_usage_season_amp_low_pct,10.000000,per cent,drivers.csv,"the low column for usage_season_amp, as a percentage"
driver_usage_season_amp_high_pct,55.000000,per cent,drivers.csv,"the high column for usage_season_amp, as a percentage"
driver_churn_base_low,0.030000,driver units,drivers.csv,the low column for churn_base
driver_churn_base_high,0.180000,driver units,drivers.csv,the high column for churn_base
driver_churn_base_low_pct,3.000000,per cent,drivers.csv,"the low column for churn_base, as a percentage"
driver_churn_base_high_pct,18.000000,per cent,drivers.csv,"the high column for churn_base, as a percentage"
driver_churn_m1_extra_low,0.040000,driver units,drivers.csv,the low column for churn_m1_extra
driver_churn_m1_extra_high,0.320000,driver units,drivers.csv,the high column for churn_m1_extra
driver_churn_m1_extra_low_pct,4.000000,per cent,drivers.csv,"the low column for churn_m1_extra, as a percentage"
driver_churn_m1_extra_high_pct,32.000000,per cent,drivers.csv,"the high column for churn_m1_extra, as a percentage"
driver_summer_lapse_pre_low,0.200000,driver units,drivers.csv,the low column for summer_lapse_pre
driver_summer_lapse_pre_high,0.850000,driver units,drivers.csv,the high column for summer_lapse_pre
driver_summer_lapse_pre_low_pct,20.000000,per cent,drivers.csv,"the low column for summer_lapse_pre, as a percentage"
driver_summer_lapse_pre_high_pct,85.000000,per cent,drivers.csv,"the high column for summer_lapse_pre, as a percentage"
driver_progress_continue_low,0.650000,driver units,drivers.csv,the low column for progress_continue
driver_progress_continue_high,0.980000,driver units,drivers.csv,the high column for progress_continue
driver_progress_continue_low_pct,65.000000,per cent,drivers.csv,"the low column for progress_continue, as a percentage"
driver_progress_continue_high_pct,98.000000,per cent,drivers.csv,"the high column for progress_continue, as a percentage"
driver_alevel_continue_low,0.020000,driver units,drivers.csv,the low column for alevel_continue
driver_alevel_continue_high,0.220000,driver units,drivers.csv,the high column for alevel_continue
driver_alevel_continue_low_pct,2.000000,per cent,drivers.csv,"the low column for alevel_continue, as a percentage"
driver_alevel_continue_high_pct,22.000000,per cent,drivers.csv,"the high column for alevel_continue, as a percentage"
driver_alevel_exit_rate_low,0.350000,driver units,drivers.csv,the low column for alevel_exit_rate
driver_alevel_exit_rate_high,0.720000,driver units,drivers.csv,the high column for alevel_exit_rate
driver_alevel_exit_rate_low_pct,35.000000,per cent,drivers.csv,"the low column for alevel_exit_rate, as a percentage"
driver_alevel_exit_rate_high_pct,72.000000,per cent,drivers.csv,"the high column for alevel_exit_rate, as a percentage"
driver_exam_carryover_low,0.000000,driver units,drivers.csv,the low column for exam_carryover
driver_exam_carryover_high,0.100000,driver units,drivers.csv,the high column for exam_carryover
driver_exam_carryover_low_pct,0.000000,per cent,drivers.csv,"the low column for exam_carryover, as a percentage"
driver_exam_carryover_high_pct,10.000000,per cent,drivers.csv,"the high column for exam_carryover, as a percentage"
driver_turns_per_session_low,8.000000,driver units,drivers.csv,the low column for turns_per_session
driver_turns_per_session_high,30.000000,driver units,drivers.csv,the high column for turns_per_session
driver_turns_per_session_low_pct,800.000000,per cent,drivers.csv,"the low column for turns_per_session, as a percentage"
driver_turns_per_session_high_pct,3000.000000,per cent,drivers.csv,"the high column for turns_per_session, as a percentage"
driver_tok_in_per_turn_low,2500.000000,driver units,drivers.csv,the low column for tok_in_per_turn
driver_tok_in_per_turn_high,9000.000000,driver units,drivers.csv,the high column for tok_in_per_turn
driver_tok_in_per_turn_low_pct,250000.000000,per cent,drivers.csv,"the low column for tok_in_per_turn, as a percentage"
driver_tok_in_per_turn_high_pct,900000.000000,per cent,drivers.csv,"the high column for tok_in_per_turn, as a percentage"
driver_tok_out_per_turn_low,250.000000,driver units,drivers.csv,the low column for tok_out_per_turn
driver_tok_out_per_turn_high,900.000000,driver units,drivers.csv,the high column for tok_out_per_turn
driver_tok_out_per_turn_low_pct,25000.000000,per cent,drivers.csv,"the low column for tok_out_per_turn, as a percentage"
driver_tok_out_per_turn_high_pct,90000.000000,per cent,drivers.csv,"the high column for tok_out_per_turn, as a percentage"
driver_price_in_mtok_usd_low,0.150000,driver units,drivers.csv,the low column for price_in_mtok_usd
driver_price_in_mtok_usd_high,3.000000,driver units,drivers.csv,the high column for price_in_mtok_usd
driver_price_in_mtok_usd_low_pct,15.000000,per cent,drivers.csv,"the low column for price_in_mtok_usd, as a percentage"
driver_price_in_mtok_usd_high_pct,300.000000,per cent,drivers.csv,"the high column for price_in_mtok_usd, as a percentage"
driver_price_out_mtok_usd_low,0.600000,driver units,drivers.csv,the low column for price_out_mtok_usd
driver_price_out_mtok_usd_high,15.000000,driver units,drivers.csv,the high column for price_out_mtok_usd
driver_price_out_mtok_usd_low_pct,60.000000,per cent,drivers.csv,"the low column for price_out_mtok_usd, as a percentage"
driver_price_out_mtok_usd_high_pct,1500.000000,per cent,drivers.csv,"the high column for price_out_mtok_usd, as a percentage"
driver_verify_overhead_low,0.120000,driver units,drivers.csv,the low column for verify_overhead
driver_verify_overhead_high,0.850000,driver units,drivers.csv,the high column for verify_overhead
driver_verify_overhead_low_pct,12.000000,per cent,drivers.csv,"the low column for verify_overhead, as a percentage"
driver_verify_overhead_high_pct,85.000000,per cent,drivers.csv,"the high column for verify_overhead, as a percentage"
driver_gate_fire_rate_low,0.020000,driver units,drivers.csv,the low column for gate_fire_rate
driver_gate_fire_rate_high,0.280000,driver units,drivers.csv,the high column for gate_fire_rate
driver_gate_fire_rate_low_pct,2.000000,per cent,drivers.csv,"the low column for gate_fire_rate, as a percentage"
driver_gate_fire_rate_high_pct,28.000000,per cent,drivers.csv,"the high column for gate_fire_rate, as a percentage"
driver_infer_decline_yr_low,0.080000,driver units,drivers.csv,the low column for infer_decline_yr
driver_infer_decline_yr_high,0.550000,driver units,drivers.csv,the high column for infer_decline_yr
driver_infer_decline_yr_low_pct,8.000000,per cent,drivers.csv,"the low column for infer_decline_yr, as a percentage"
driver_infer_decline_yr_high_pct,55.000000,per cent,drivers.csv,"the high column for infer_decline_yr, as a percentage"
driver_support_min_hh_month_low,0.400000,driver units,drivers.csv,the low column for support_min_hh_month
driver_support_min_hh_month_high,6.000000,driver units,drivers.csv,the high column for support_min_hh_month
driver_support_min_hh_month_low_pct,40.000000,per cent,drivers.csv,"the low column for support_min_hh_month, as a percentage"
driver_support_min_hh_month_high_pct,600.000000,per cent,drivers.csv,"the high column for support_min_hh_month, as a percentage"
driver_support_usd_hr_low,3.000000,driver units,drivers.csv,the low column for support_usd_hr
driver_support_usd_hr_high,9.500000,driver units,drivers.csv,the high column for support_usd_hr
driver_support_usd_hr_low_pct,300.000000,per cent,drivers.csv,"the low column for support_usd_hr, as a percentage"
driver_support_usd_hr_high_pct,950.000000,per cent,drivers.csv,"the high column for support_usd_hr, as a percentage"
driver_pay_pct_low,0.019000,driver units,drivers.csv,the low column for pay_pct
driver_pay_pct_high,0.037000,driver units,drivers.csv,the high column for pay_pct
driver_pay_pct_low_pct,1.900000,per cent,drivers.csv,"the low column for pay_pct, as a percentage"
driver_pay_pct_high_pct,3.700000,per cent,drivers.csv,"the high column for pay_pct, as a percentage"
driver_pay_fixed_usd_low,0.180000,driver units,drivers.csv,the low column for pay_fixed_usd
driver_pay_fixed_usd_high,0.450000,driver units,drivers.csv,the high column for pay_fixed_usd
driver_pay_fixed_usd_low_pct,18.000000,per cent,drivers.csv,"the low column for pay_fixed_usd, as a percentage"
driver_pay_fixed_usd_high_pct,45.000000,per cent,drivers.csv,"the high column for pay_fixed_usd, as a percentage"
driver_hosting_hh_usd_low,0.040000,driver units,drivers.csv,the low column for hosting_hh_usd
driver_hosting_hh_usd_high,0.600000,driver units,drivers.csv,the high column for hosting_hh_usd
driver_hosting_hh_usd_low_pct,4.000000,per cent,drivers.csv,"the low column for hosting_hh_usd, as a percentage"
driver_hosting_hh_usd_high_pct,60.000000,per cent,drivers.csv,"the high column for hosting_hh_usd, as a percentage"
driver_verif_cost_usd_low,0.120000,driver units,drivers.csv,the low column for verif_cost_usd
driver_verif_cost_usd_high,7.000000,driver units,drivers.csv,the high column for verif_cost_usd
driver_verif_cost_usd_low_pct,12.000000,per cent,drivers.csv,"the low column for verif_cost_usd, as a percentage"
driver_verif_cost_usd_high_pct,700.000000,per cent,drivers.csv,"the high column for verif_cost_usd, as a percentage"
driver_minutes_per_item_low,4.000000,driver units,drivers.csv,the low column for minutes_per_item
driver_minutes_per_item_high,30.000000,driver units,drivers.csv,the high column for minutes_per_item
driver_minutes_per_item_low_pct,400.000000,per cent,drivers.csv,"the low column for minutes_per_item, as a percentage"
driver_minutes_per_item_high_pct,3000.000000,per cent,drivers.csv,"the high column for minutes_per_item, as a percentage"
driver_examiner_rate_gbp_hr_low,22.000000,driver units,drivers.csv,the low column for examiner_rate_gbp_hr
driver_examiner_rate_gbp_hr_high,78.000000,driver units,drivers.csv,the high column for examiner_rate_gbp_hr
driver_examiner_rate_gbp_hr_low_pct,2200.000000,per cent,drivers.csv,"the low column for examiner_rate_gbp_hr, as a percentage"
driver_examiner_rate_gbp_hr_high_pct,7800.000000,per cent,drivers.csv,"the high column for examiner_rate_gbp_hr, as a percentage"
driver_writer_gbp_item_low,5.000000,driver units,drivers.csv,the low column for writer_gbp_item
driver_writer_gbp_item_high,36.000000,driver units,drivers.csv,the high column for writer_gbp_item
driver_writer_gbp_item_low_pct,500.000000,per cent,drivers.csv,"the low column for writer_gbp_item, as a percentage"
driver_writer_gbp_item_high_pct,3600.000000,per cent,drivers.csv,"the high column for writer_gbp_item, as a percentage"
driver_items_per_unit_low,1800.000000,driver units,drivers.csv,the low column for items_per_unit
driver_items_per_unit_high,6000.000000,driver units,drivers.csv,the high column for items_per_unit
driver_items_per_unit_low_pct,180000.000000,per cent,drivers.csv,"the low column for items_per_unit, as a percentage"
driver_items_per_unit_high_pct,600000.000000,per cent,drivers.csv,"the high column for items_per_unit, as a percentage"
driver_board_reuse_low,0.500000,driver units,drivers.csv,the low column for board_reuse
driver_board_reuse_high,0.920000,driver units,drivers.csv,the high column for board_reuse
driver_board_reuse_low_pct,50.000000,per cent,drivers.csv,"the low column for board_reuse, as a percentage"
driver_board_reuse_high_pct,92.000000,per cent,drivers.csv,"the high column for board_reuse, as a percentage"
driver_market_reuse_low,0.100000,driver units,drivers.csv,the low column for market_reuse
driver_market_reuse_high,0.600000,driver units,drivers.csv,the high column for market_reuse
driver_market_reuse_low_pct,10.000000,per cent,drivers.csv,"the low column for market_reuse, as a percentage"
driver_market_reuse_high_pct,60.000000,per cent,drivers.csv,"the high column for market_reuse, as a percentage"
driver_reval_frac_yr_low,0.040000,driver units,drivers.csv,the low column for reval_frac_yr
driver_reval_frac_yr_high,0.280000,driver units,drivers.csv,the high column for reval_frac_yr
driver_reval_frac_yr_low_pct,4.000000,per cent,drivers.csv,"the low column for reval_frac_yr, as a percentage"
driver_reval_frac_yr_high_pct,28.000000,per cent,drivers.csv,"the high column for reval_frac_yr, as a percentage"
driver_eng_usd_yr_low,14000.000000,driver units,drivers.csv,the low column for eng_usd_yr
driver_eng_usd_yr_high,45000.000000,driver units,drivers.csv,the high column for eng_usd_yr
driver_eng_usd_yr_low_pct,1400000.000000,per cent,drivers.csv,"the low column for eng_usd_yr, as a percentage"
driver_eng_usd_yr_high_pct,4500000.000000,per cent,drivers.csv,"the high column for eng_usd_yr, as a percentage"
driver_uk_gbp_yr_low,45000.000000,driver units,drivers.csv,the low column for uk_gbp_yr
driver_uk_gbp_yr_high,98000.000000,driver units,drivers.csv,the high column for uk_gbp_yr
driver_uk_gbp_yr_low_pct,4500000.000000,per cent,drivers.csv,"the low column for uk_gbp_yr, as a percentage"
driver_uk_gbp_yr_high_pct,9800000.000000,per cent,drivers.csv,"the high column for uk_gbp_yr, as a percentage"
driver_overhead_mult_low,1.120000,driver units,drivers.csv,the low column for overhead_mult
driver_overhead_mult_high,1.480000,driver units,drivers.csv,the high column for overhead_mult
driver_overhead_mult_low_pct,112.000000,per cent,drivers.csv,"the low column for overhead_mult, as a percentage"
driver_overhead_mult_high_pct,148.000000,per cent,drivers.csv,"the high column for overhead_mult, as a percentage"
driver_units_per_content_head_low,0.500000,driver units,drivers.csv,the low column for units_per_content_head
driver_units_per_content_head_high,2.600000,driver units,drivers.csv,the high column for units_per_content_head
driver_units_per_content_head_low_pct,50.000000,per cent,drivers.csv,"the low column for units_per_content_head, as a percentage"
driver_units_per_content_head_high_pct,260.000000,per cent,drivers.csv,"the high column for units_per_content_head, as a percentage"
driver_eng_ramp_mult_low,0.700000,driver units,drivers.csv,the low column for eng_ramp_mult
driver_eng_ramp_mult_high,1.600000,driver units,drivers.csv,the high column for eng_ramp_mult
driver_eng_ramp_mult_low_pct,70.000000,per cent,drivers.csv,"the low column for eng_ramp_mult, as a percentage"
driver_eng_ramp_mult_high_pct,160.000000,per cent,drivers.csv,"the high column for eng_ramp_mult, as a percentage"
driver_cac_anchor_usd_low,8.000000,driver units,drivers.csv,the low column for cac_anchor_usd
driver_cac_anchor_usd_high,130.000000,driver units,drivers.csv,the high column for cac_anchor_usd
driver_cac_anchor_usd_low_pct,800.000000,per cent,drivers.csv,"the low column for cac_anchor_usd, as a percentage"
driver_cac_anchor_usd_high_pct,13000.000000,per cent,drivers.csv,"the high column for cac_anchor_usd, as a percentage"
driver_cac_rel_us_low,0.900000,driver units,drivers.csv,the low column for cac_rel_us
driver_cac_rel_us_high,2.400000,driver units,drivers.csv,the high column for cac_rel_us
driver_cac_rel_us_low_pct,90.000000,per cent,drivers.csv,"the low column for cac_rel_us, as a percentage"
driver_cac_rel_us_high_pct,240.000000,per cent,drivers.csv,"the high column for cac_rel_us, as a percentage"
driver_cac_rel_in_low,0.150000,driver units,drivers.csv,the low column for cac_rel_in
driver_cac_rel_in_high,0.800000,driver units,drivers.csv,the high column for cac_rel_in
driver_cac_rel_in_low_pct,15.000000,per cent,drivers.csv,"the low column for cac_rel_in, as a percentage"
driver_cac_rel_in_high_pct,80.000000,per cent,drivers.csv,"the high column for cac_rel_in, as a percentage"
driver_cac_rel_row_low,0.600000,driver units,drivers.csv,the low column for cac_rel_row
driver_cac_rel_row_high,1.800000,driver units,drivers.csv,the high column for cac_rel_row
driver_cac_rel_row_low_pct,60.000000,per cent,drivers.csv,"the low column for cac_rel_row, as a percentage"
driver_cac_rel_row_high_pct,180.000000,per cent,drivers.csv,"the high column for cac_rel_row, as a percentage"
driver_sat_kappa_low,0.120000,driver units,drivers.csv,the low column for sat_kappa
driver_sat_kappa_high,0.800000,driver units,drivers.csv,the high column for sat_kappa
driver_sat_kappa_low_pct,12.000000,per cent,drivers.csv,"the low column for sat_kappa, as a percentage"
driver_sat_kappa_high_pct,80.000000,per cent,drivers.csv,"the high column for sat_kappa, as a percentage"
driver_cac_ref_spend_usd_low,2500.000000,driver units,drivers.csv,the low column for cac_ref_spend_usd
driver_cac_ref_spend_usd_high,70000.000000,driver units,drivers.csv,the high column for cac_ref_spend_usd
driver_cac_ref_spend_usd_low_pct,250000.000000,per cent,drivers.csv,"the low column for cac_ref_spend_usd, as a percentage"
driver_cac_ref_spend_usd_high_pct,7000000.000000,per cent,drivers.csv,"the high column for cac_ref_spend_usd, as a percentage"
driver_pool_pressure_psi_low,0.250000,driver units,drivers.csv,the low column for pool_pressure_psi
driver_pool_pressure_psi_high,1.600000,driver units,drivers.csv,the high column for pool_pressure_psi
driver_pool_pressure_psi_low_pct,25.000000,per cent,drivers.csv,"the low column for pool_pressure_psi, as a percentage"
driver_pool_pressure_psi_high_pct,160.000000,per cent,drivers.csv,"the high column for pool_pressure_psi, as a percentage"
driver_creator_share_low,0.000000,driver units,drivers.csv,the low column for creator_share
driver_creator_share_high,0.600000,driver units,drivers.csv,the high column for creator_share
driver_creator_share_low_pct,0.000000,per cent,drivers.csv,"the low column for creator_share, as a percentage"
driver_creator_share_high_pct,60.000000,per cent,drivers.csv,"the high column for creator_share, as a percentage"
driver_creator_cac_rel_low,0.150000,driver units,drivers.csv,the low column for creator_cac_rel
driver_creator_cac_rel_high,0.950000,driver units,drivers.csv,the high column for creator_cac_rel
driver_creator_cac_rel_low_pct,15.000000,per cent,drivers.csv,"the low column for creator_cac_rel, as a percentage"
driver_creator_cac_rel_high_pct,95.000000,per cent,drivers.csv,"the high column for creator_cac_rel, as a percentage"
driver_pool_uk_low,40000.000000,driver units,drivers.csv,the low column for pool_uk
driver_pool_uk_high,1200000.000000,driver units,drivers.csv,the high column for pool_uk
driver_pool_uk_low_pct,4000000.000000,per cent,drivers.csv,"the low column for pool_uk, as a percentage"
driver_pool_uk_high_pct,120000000.000000,per cent,drivers.csv,"the high column for pool_uk, as a percentage"
driver_pool_rel_us_low,0.800000,driver units,drivers.csv,the low column for pool_rel_us
driver_pool_rel_us_high,9.000000,driver units,drivers.csv,the high column for pool_rel_us
driver_pool_rel_us_low_pct,80.000000,per cent,drivers.csv,"the low column for pool_rel_us, as a percentage"
driver_pool_rel_us_high_pct,900.000000,per cent,drivers.csv,"the high column for pool_rel_us, as a percentage"
driver_pool_rel_in_low,0.500000,driver units,drivers.csv,the low column for pool_rel_in
driver_pool_rel_in_high,30.000000,driver units,drivers.csv,the high column for pool_rel_in
driver_pool_rel_in_low_pct,50.000000,per cent,drivers.csv,"the low column for pool_rel_in, as a percentage"
driver_pool_rel_in_high_pct,3000.000000,per cent,drivers.csv,"the high column for pool_rel_in, as a percentage"
driver_pool_rel_row_low,0.300000,driver units,drivers.csv,the low column for pool_rel_row
driver_pool_rel_row_high,4.000000,driver units,drivers.csv,the high column for pool_rel_row
driver_pool_rel_row_low_pct,30.000000,per cent,drivers.csv,"the low column for pool_rel_row, as a percentage"
driver_pool_rel_row_high_pct,400.000000,per cent,drivers.csv,"the high column for pool_rel_row, as a percentage"
driver_acq_season_amp_low,0.150000,driver units,drivers.csv,the low column for acq_season_amp
driver_acq_season_amp_high,0.800000,driver units,drivers.csv,the high column for acq_season_amp
driver_acq_season_amp_low_pct,15.000000,per cent,drivers.csv,"the low column for acq_season_amp, as a percentage"
driver_acq_season_amp_high_pct,80.000000,per cent,drivers.csv,"the high column for acq_season_amp, as a percentage"
driver_seg_mix_exam_low,0.400000,driver units,drivers.csv,the low column for seg_mix_exam
driver_seg_mix_exam_high,0.850000,driver units,drivers.csv,the high column for seg_mix_exam
driver_seg_mix_exam_low_pct,40.000000,per cent,drivers.csv,"the low column for seg_mix_exam, as a percentage"
driver_seg_mix_exam_high_pct,85.000000,per cent,drivers.csv,"the high column for seg_mix_exam, as a percentage"
driver_seg_mix_alevel_low,0.030000,driver units,drivers.csv,the low column for seg_mix_alevel
driver_seg_mix_alevel_high,0.250000,driver units,drivers.csv,the high column for seg_mix_alevel
driver_seg_mix_alevel_low_pct,3.000000,per cent,drivers.csv,"the low column for seg_mix_alevel, as a percentage"
driver_seg_mix_alevel_high_pct,25.000000,per cent,drivers.csv,"the high column for seg_mix_alevel, as a percentage"
driver_acq_pct_of_rev_low,0.120000,driver units,drivers.csv,the low column for acq_pct_of_rev
driver_acq_pct_of_rev_high,0.650000,driver units,drivers.csv,the high column for acq_pct_of_rev
driver_acq_pct_of_rev_low_pct,12.000000,per cent,drivers.csv,"the low column for acq_pct_of_rev, as a percentage"
driver_acq_pct_of_rev_high_pct,65.000000,per cent,drivers.csv,"the high column for acq_pct_of_rev, as a percentage"
driver_acq_launch_ramp_low,6000.000000,driver units,drivers.csv,the low column for acq_launch_ramp
driver_acq_launch_ramp_high,120000.000000,driver units,drivers.csv,the high column for acq_launch_ramp
driver_acq_launch_ramp_low_pct,600000.000000,per cent,drivers.csv,"the low column for acq_launch_ramp, as a percentage"
driver_acq_launch_ramp_high_pct,12000000.000000,per cent,drivers.csv,"the high column for acq_launch_ramp, as a percentage"
driver_shock_rho_low,0.450000,driver units,drivers.csv,the low column for shock_rho
driver_shock_rho_high,0.950000,driver units,drivers.csv,the high column for shock_rho
driver_shock_rho_low_pct,45.000000,per cent,drivers.csv,"the low column for shock_rho, as a percentage"
driver_shock_rho_high_pct,95.000000,per cent,drivers.csv,"the high column for shock_rho, as a percentage"
driver_shock_sd_low,0.040000,driver units,drivers.csv,the low column for shock_sd
driver_shock_sd_high,0.320000,driver units,drivers.csv,the high column for shock_sd
driver_shock_sd_low_pct,4.000000,per cent,drivers.csv,"the low column for shock_sd, as a percentage"
driver_shock_sd_high_pct,32.000000,per cent,drivers.csv,"the high column for shock_sd, as a percentage"
driver_school_seats_low,40.000000,driver units,drivers.csv,the low column for school_seats
driver_school_seats_high,420.000000,driver units,drivers.csv,the high column for school_seats
driver_school_seats_low_pct,4000.000000,per cent,drivers.csv,"the low column for school_seats, as a percentage"
driver_school_seats_high_pct,42000.000000,per cent,drivers.csv,"the high column for school_seats, as a percentage"
driver_school_gbp_seat_yr_low,3.500000,driver units,drivers.csv,the low column for school_gbp_seat_yr
driver_school_gbp_seat_yr_high,32.000000,driver units,drivers.csv,the high column for school_gbp_seat_yr
driver_school_gbp_seat_yr_low_pct,350.000000,per cent,drivers.csv,"the low column for school_gbp_seat_yr, as a percentage"
driver_school_gbp_seat_yr_high_pct,3200.000000,per cent,drivers.csv,"the high column for school_gbp_seat_yr, as a percentage"
driver_school_win_rate_low,0.030000,driver units,drivers.csv,the low column for school_win_rate
driver_school_win_rate_high,0.280000,driver units,drivers.csv,the high column for school_win_rate
driver_school_win_rate_low_pct,3.000000,per cent,drivers.csv,"the low column for school_win_rate, as a percentage"
driver_school_win_rate_high_pct,28.000000,per cent,drivers.csv,"the high column for school_win_rate, as a percentage"
driver_school_rep_pipeline_yr_low,12.000000,driver units,drivers.csv,the low column for school_rep_pipeline_yr
driver_school_rep_pipeline_yr_high,60.000000,driver units,drivers.csv,the high column for school_rep_pipeline_yr
driver_school_rep_pipeline_yr_low_pct,1200.000000,per cent,drivers.csv,"the low column for school_rep_pipeline_yr, as a percentage"
driver_school_rep_pipeline_yr_high_pct,6000.000000,per cent,drivers.csv,"the high column for school_rep_pipeline_yr, as a percentage"
driver_school_renewal_low,0.450000,driver units,drivers.csv,the low column for school_renewal
driver_school_renewal_high,0.920000,driver units,drivers.csv,the high column for school_renewal
driver_school_renewal_low_pct,45.000000,per cent,drivers.csv,"the low column for school_renewal, as a percentage"
driver_school_renewal_high_pct,92.000000,per cent,drivers.csv,"the high column for school_renewal, as a percentage"
driver_school_cycle_m_low,6.000000,driver units,drivers.csv,the low column for school_cycle_m
driver_school_cycle_m_high,18.000000,driver units,drivers.csv,the high column for school_cycle_m
driver_school_cycle_m_low_pct,600.000000,per cent,drivers.csv,"the low column for school_cycle_m, as a percentage"
driver_school_cycle_m_high_pct,1800.000000,per cent,drivers.csv,"the high column for school_cycle_m, as a percentage"
driver_us_sales_tax_eff_low,0.000000,driver units,drivers.csv,the low column for us_sales_tax_eff
driver_us_sales_tax_eff_high,0.085000,driver units,drivers.csv,the high column for us_sales_tax_eff
driver_us_sales_tax_eff_low_pct,0.000000,per cent,drivers.csv,"the low column for us_sales_tax_eff, as a percentage"
driver_us_sales_tax_eff_high_pct,8.500000,per cent,drivers.csv,"the high column for us_sales_tax_eff, as a percentage"
driver_step_entity_setup_usd_low,9000.000000,driver units,drivers.csv,the low column for step_entity_setup_usd
driver_step_entity_setup_usd_high,48000.000000,driver units,drivers.csv,the high column for step_entity_setup_usd
driver_step_entity_setup_usd_low_pct,900000.000000,per cent,drivers.csv,"the low column for step_entity_setup_usd, as a percentage"
driver_step_entity_setup_usd_high_pct,4800000.000000,per cent,drivers.csv,"the high column for step_entity_setup_usd, as a percentage"
driver_step_entity_annual_usd_low,7000.000000,driver units,drivers.csv,the low column for step_entity_annual_usd
driver_step_entity_annual_usd_high,34000.000000,driver units,drivers.csv,the high column for step_entity_annual_usd
driver_step_entity_annual_usd_low_pct,700000.000000,per cent,drivers.csv,"the low column for step_entity_annual_usd, as a percentage"
driver_step_entity_annual_usd_high_pct,3400000.000000,per cent,drivers.csv,"the high column for step_entity_annual_usd, as a percentage"
driver_step_cert_setup_usd_low,18000.000000,driver units,drivers.csv,the low column for step_cert_setup_usd
driver_step_cert_setup_usd_high,70000.000000,driver units,drivers.csv,the high column for step_cert_setup_usd
driver_step_cert_setup_usd_low_pct,1800000.000000,per cent,drivers.csv,"the low column for step_cert_setup_usd, as a percentage"
driver_step_cert_setup_usd_high_pct,7000000.000000,per cent,drivers.csv,"the high column for step_cert_setup_usd, as a percentage"
driver_step_cert_annual_usd_low,9000.000000,driver units,drivers.csv,the low column for step_cert_annual_usd
driver_step_cert_annual_usd_high,28000.000000,driver units,drivers.csv,the high column for step_cert_annual_usd
driver_step_cert_annual_usd_low_pct,900000.000000,per cent,drivers.csv,"the low column for step_cert_annual_usd, as a percentage"
driver_step_cert_annual_usd_high_pct,2800000.000000,per cent,drivers.csv,"the high column for step_cert_annual_usd, as a percentage"
driver_step_uk_rep_usd_yr_low,3500.000000,driver units,drivers.csv,the low column for step_uk_rep_usd_yr
driver_step_uk_rep_usd_yr_high,16000.000000,driver units,drivers.csv,the high column for step_uk_rep_usd_yr
driver_step_uk_rep_usd_yr_low_pct,350000.000000,per cent,drivers.csv,"the low column for step_uk_rep_usd_yr, as a percentage"
driver_step_uk_rep_usd_yr_high_pct,1600000.000000,per cent,drivers.csv,"the high column for step_uk_rep_usd_yr, as a percentage"
driver_step_counsel_initial_usd_low,25000.000000,driver units,drivers.csv,the low column for step_counsel_initial_usd
driver_step_counsel_initial_usd_high,130000.000000,driver units,drivers.csv,the high column for step_counsel_initial_usd
driver_step_counsel_initial_usd_low_pct,2500000.000000,per cent,drivers.csv,"the low column for step_counsel_initial_usd, as a percentage"
driver_step_counsel_initial_usd_high_pct,13000000.000000,per cent,drivers.csv,"the high column for step_counsel_initial_usd, as a percentage"
driver_step_counsel_market_usd_low,12000.000000,driver units,drivers.csv,the low column for step_counsel_market_usd
driver_step_counsel_market_usd_high,70000.000000,driver units,drivers.csv,the high column for step_counsel_market_usd
driver_step_counsel_market_usd_low_pct,1200000.000000,per cent,drivers.csv,"the low column for step_counsel_market_usd, as a percentage"
driver_step_counsel_market_usd_high_pct,7000000.000000,per cent,drivers.csv,"the high column for step_counsel_market_usd, as a percentage"
driver_step_office_usd_head_yr_low,900.000000,driver units,drivers.csv,the low column for step_office_usd_head_yr
driver_step_office_usd_head_yr_high,3600.000000,driver units,drivers.csv,the high column for step_office_usd_head_yr
driver_step_office_usd_head_yr_low_pct,90000.000000,per cent,drivers.csv,"the low column for step_office_usd_head_yr, as a percentage"
driver_step_office_usd_head_yr_high_pct,360000.000000,per cent,drivers.csv,"the high column for step_office_usd_head_yr, as a percentage"
driver_step_dpia_audit_usd_yr_low,8000.000000,driver units,drivers.csv,the low column for step_dpia_audit_usd_yr
driver_step_dpia_audit_usd_yr_high,40000.000000,driver units,drivers.csv,the high column for step_dpia_audit_usd_yr
driver_step_dpia_audit_usd_yr_low_pct,800000.000000,per cent,drivers.csv,"the low column for step_dpia_audit_usd_yr, as a percentage"
driver_step_dpia_audit_usd_yr_high_pct,4000000.000000,per cent,drivers.csv,"the high column for step_dpia_audit_usd_yr, as a percentage"
const_FX_GBP_USD,1.270000,model units,constants.csv,"United States dollars per pound, fixed at the owner's instruction"
const_FX_GBP_USD_pct,127.000000,per cent,constants.csv,"United States dollars per pound, fixed at the owner's instruction, as a percentage"
const_FX_INR_USD,0.011561,model units,constants.csv,"United States dollars per rupee, fixed at the owner's instruction"
const_FX_INR_USD_pct,1.156100,per cent,constants.csv,"United States dollars per rupee, fixed at the owner's instruction, as a percentage"
const_VAT_UK,0.200000,model units,constants.csv,"United Kingdom VAT on business-to-consumer digital services, statutory"
const_VAT_UK_pct,20.000000,per cent,constants.csv,"United Kingdom VAT on business-to-consumer digital services, statutory, as a percentage"
const_GST_IN,0.180000,model units,constants.csv,"Indian GST on OIDAR services, statutory"
const_GST_IN_pct,18.000000,per cent,constants.csv,"Indian GST on OIDAR services, statutory, as a percentage"
const_ROW_TAX,0.130000,model units,constants.csv,"blended rest-of-English-speaking consumption tax, a stated prior"
const_ROW_TAX_pct,13.000000,per cent,constants.csv,"blended rest-of-English-speaking consumption tax, a stated prior, as a percentage"
const_SESSION_ALLOWANCE,16.000000,model units,constants.csv,"sessions included per active household per month, a commercial decision"
const_SESSION_ALLOWANCE_pct,1600.000000,per cent,constants.csv,"sessions included per active household per month, a commercial decision, as a percentage"
const_OVERAGE_CAP_MULT,2.500000,model units,constants.csv,"billed overage capped at this multiple of the allowance, a commercial decision"
const_OVERAGE_CAP_MULT_pct,250.000000,per cent,constants.csv,"billed overage capped at this multiple of the allowance, a commercial decision, as a percentage"
const_CAC_LTV_CAP,0.750000,model units,constants.csv,acquisition spend capped so effective cost stays below this times lifetime value
const_CAC_LTV_CAP_pct,75.000000,per cent,constants.csv,"acquisition spend capped so effective cost stays below this times lifetime value, as a percentage"
const_ACQ_RAMP_HOLD_MONTHS,12.000000,model units,constants.csv,months the launch acquisition subsidy holds after go-to-market
const_ACQ_RAMP_HOLD_MONTHS_pct,1200.000000,per cent,constants.csv,"months the launch acquisition subsidy holds after go-to-market, as a percentage"
const_ACQ_RAMP_TAPER_MONTHS,12.000000,model units,constants.csv,months over which it then tapers to nothing
const_ACQ_RAMP_TAPER_MONTHS_pct,1200.000000,per cent,constants.csv,"months over which it then tapers to nothing, as a percentage"
const_ROTA_EXTENDED_AT,3000.000000,model units,constants.csv,active households at which safeguarding cover steps up
const_ROTA_EXTENDED_AT_pct,300000.000000,per cent,constants.csv,"active households at which safeguarding cover steps up, as a percentage"
const_ROTA_24_7_AT,25000.000000,model units,constants.csv,active households at which an out-of-hours rota is added
const_ROTA_24_7_AT_pct,2500000.000000,per cent,constants.csv,"active households at which an out-of-hours rota is added, as a percentage"
const_PLATFORM_PER_EXTRA_MARKET,1.500000,model units,constants.csv,platform engineering heads per additional live consumer market
const_PLATFORM_PER_EXTRA_MARKET_pct,150.000000,per cent,constants.csv,"platform engineering heads per additional live consumer market, as a percentage"
const_PLATFORM_FOR_INSTITUTIONS,2.000000,model units,constants.csv,platform engineering heads for running the institution channel
const_PLATFORM_FOR_INSTITUTIONS_pct,200.000000,per cent,constants.csv,"platform engineering heads for running the institution channel, as a percentage"
const_POOL_BREADTH_REFERENCE_SUBJECTS,5.000000,model units,constants.csv,subject count the reachable pool driver is defined at
const_POOL_BREADTH_REFERENCE_SUBJECTS_pct,500.000000,per cent,constants.csv,"subject count the reachable pool driver is defined at, as a percentage"
const_POOL_BREADTH_EXPONENT,0.600000,model units,constants.csv,exponent by which reachable pool scales with subject breadth
const_POOL_BREADTH_EXPONENT_pct,60.000000,per cent,constants.csv,"exponent by which reachable pool scales with subject breadth, as a percentage"
const_CONTENT_BUILD_WINDOW,6.000000,model units,constants.csv,months a content step is built over before it is delivered
const_CONTENT_BUILD_WINDOW_pct,600.000000,per cent,constants.csv,"months a content step is built over before it is delivered, as a percentage"
const_SCHOOL_USAGE_REL,0.350000,model units,constants.csv,a school seat's usage relative to a paying household's
const_SCHOOL_USAGE_REL_pct,35.000000,per cent,constants.csv,"a school seat's usage relative to a paying household's, as a percentage"
const_SCHOOL_ONBOARD_WEEKS,0.750000,model units,constants.csv,"United Kingdom person-weeks per institution: agreement, security review, onboarding"
const_SCHOOL_ONBOARD_WEEKS_pct,75.000000,per cent,constants.csv,"United Kingdom person-weeks per institution: agreement, security review, onboarding, as a percentage"
const_GTM_MONTH,6.000000,model units,constants.csv,the month the United Kingdom consumer market opens
const_GTM_MONTH_pct,600.000000,per cent,constants.csv,"the month the United Kingdom consumer market opens, as a percentage"
const_HORIZON,60.000000,model units,constants.csv,months in the horizon
const_HORIZON_pct,6000.000000,per cent,constants.csv,"months in the horizon, as a percentage"
const_N_PATHS,20000.000000,model units,constants.csv,paths simulated
const_N_PATHS_pct,2000000.000000,per cent,constants.csv,"paths simulated, as a percentage"
const_P_TUTORING_ANCHOR,0.500000,model units,constants.csv,probability a path lands in the tutoring-anchored price regime
const_P_TUTORING_ANCHOR_pct,50.000000,per cent,constants.csv,"probability a path lands in the tutoring-anchored price regime, as a percentage"
const_SHOCK_BAD_THRESHOLD,0.800000,model units,constants.csv,demand multiplier below which a month counts toward a bad run
const_SHOCK_BAD_THRESHOLD_pct,80.000000,per cent,constants.csv,"demand multiplier below which a month counts toward a bad run, as a percentage"
const_POOL_REACQUISITION_MULTIPLE,3.000000,model units,constants.csv,how many times over the reachable pool may be worked across the horizon
const_POOL_REACQUISITION_MULTIPLE_pct,300.000000,per cent,constants.csv,"how many times over the reachable pool may be worked across the horizon, as a percentage"
const_START_YEAR,2027.000000,model units,constants.csv,calendar year of month zero
const_START_YEAR_pct,202700.000000,per cent,constants.csv,"calendar year of month zero, as a percentage"
const_START_MONTH_IDX,2.000000,model units,constants.csv,"calendar month index of month zero, zero being January"
const_START_MONTH_IDX_pct,200.000000,per cent,constants.csv,"calendar month index of month zero, zero being January, as a percentage"
const_FX_INR_USD_inverse,86.500000,model units,constants.csv,"rupees per United States dollar, the inverse of FX_INR_USD"
const_FX_INR_USD_inverse_pct,8650.000000,per cent,constants.csv,"rupees per United States dollar, the inverse of FX_INR_USD, as a percentage"
por_terminal_cash_mean,-8682960.561243,USD,por_paths.csv,mean of terminal_cash
por_terminal_cash_p50,-20176327.175652,USD,por_paths.csv,50th percentile of terminal_cash
por_terminal_cash_p10,-33467099.436032,USD,por_paths.csv,10th percentile of terminal_cash
por_terminal_cash_p90,2162005.216739,USD,por_paths.csv,90th percentile of terminal_cash
por_share_reaching_profitability,0.198750,share,por_paths.csv,"share of rows with month_rev_passes_cost >= 0, which marks the first of three consecutive cash-positive months"
por_share_reaching_profitability_pct,19.875000,per cent,por_paths.csv,the same share expressed as a percentage
por_median_month_rev_passes_cost,23.000000,month index,por_paths.csv,median of month_rev_passes_cost over the rows that reach it
por_peak_funding_mean,20550577.471461,USD,por_paths.csv,mean of peak_funding_requirement
por_peak_funding_p50,20216151.644172,USD,por_paths.csv,50th percentile of peak_funding_requirement
por_peak_funding_p80,28435027.719977,USD,por_paths.csv,80th percentile of peak_funding_requirement
por_peak_funding_p95,37926151.869682,USD,por_paths.csv,95th percentile of peak_funding_requirement
por_min_of_mean_cash_line,-10465590.392909,USD,por_monthly.csv,minimum over months of cum_cash_mean
por_min_of_mean_cash_month,43,month index,por_monthly.csv,argmin over months of cum_cash_mean
por_mean_of_per_path_min,-20550577.471461,USD,por_paths.csv,"mean of the trough column, which is each path's own minimum"
por_trough_understatement_ratio,0.509260,ratio,por_monthly.csv and por_paths.csv,min of cum_cash_mean divided by mean of the per-path trough
por_trough_understatement_pct,49.073984,per cent,por_monthly.csv and por_paths.csv,"one minus that ratio, as a percentage: how much shallower the headline trough is"
por_trough_p10,-33468802.865459,USD,por_paths.csv,10th percentile of the per-path trough
por_trough_p90,-6071150.560320,USD,por_paths.csv,90th percentile of the per-path trough
por_mean_trough_month,53.639300,month index,por_paths.csv,mean of trough_month
por_final_year_contrib_per_hh_month_median,27.371813,USD per household month,por_paths.csv,"median of final_year_contrib_per_hh_month, which is net revenue less inference, support, payment and hosting only"
por_final_year_contrib_per_hh_month_p05,6.675059,USD per household month,por_paths.csv,5th percentile of final_year_contrib_per_hh_month
por_final_year_contrib_per_hh_month_p95,77.132281,USD per household month,por_paths.csv,95th percentile of final_year_contrib_per_hh_month
por_final_year_effective_cac_mean,40.408494,USD per acquisition,por_paths.csv,mean of final_year_effective_cac: final twelve months of acquisition and verification spend divided by final twelve months of acquisitions
por_final_year_effective_cac_median,32.238045,USD per acquisition,por_paths.csv,median of final_year_effective_cac
por_cac_anchor_median,32.263316,USD per acquisition,por_paths.csv,"median of the cac_anchor_usd driver column, which is the low-volume anchor and not a cost at scale"
por_cac_effective_over_anchor,0.999217,ratio,por_paths.csv,"median final-year effective CAC divided by the median anchor, both medians so the ratio is on one basis"
por_effective_cac_all_in_mean,44.626021,USD per acquisition,por_paths.csv,mean of effective_cac_all_in over the whole horizon
por_total_acquisitions_median,48671.625110,households,por_paths.csv,median over paths of total_acquisitions across the horizon
por_total_acquisitions_p99,4014193.638461,households,por_paths.csv,99th percentile of total_acquisitions
por_total_acquisitions_max,30230487.439640,households,por_paths.csv,the largest total_acquisitions on any path
por_max_acquisitions_over_own_uk_pool,42.273639,ratio,por_paths.csv,the largest ratio of total acquisitions to that path's own sampled United Kingdom pool; the cap is POOL_REACQUISITION_MULTIPLE per market and the plan of record opens three consumer markets
por_share_paths_terminal_cash_above_100m,0.026150,share,por_paths.csv,share of paths ending the horizon with cumulative cash above one hundred million dollars
por_mean_share_over_allowance,0.236145,share,por_paths.csv,mean of mean_share_over_allowance: the household-weighted share of active households exceeding the sold session allowance
por_mean_share_over_allowance_pct,23.614455,per cent,por_paths.csv,the same share as a percentage
por_total_cost_mean,39341949.938124,USD,por_monthly.csv,sum over months of the mean of every cost line
por_median_path_total_content_cost,12448547.479682,USD,por_paths.csv,median over paths of total_content_cost
por_median_path_total_cac_spend,1730928.015867,USD,por_paths.csv,"median over paths of total_cac_spend, which includes verification"
por_median_path_content_over_cac,7.191834,ratio,por_paths.csv,the median path's content cost divided by its acquisition and verification spend
por_total_inference_cost_mean,1045446.427967,USD,por_monthly.csv,sum over months of inference_cost_mean
por_share_inference_cost,0.026573,share,por_monthly.csv,"inference_cost_mean summed over months, divided by the sum of every cost line"
por_share_inference_cost_pct,2.657333,per cent,por_monthly.csv,the same share as a percentage
por_total_support_cost_mean,316402.057408,USD,por_monthly.csv,sum over months of support_cost_mean
por_share_support_cost,0.008042,share,por_monthly.csv,"support_cost_mean summed over months, divided by the sum of every cost line"
por_share_support_cost_pct,0.804236,per cent,por_monthly.csv,the same share as a percentage
por_total_payment_cost_mean,1253886.323807,USD,por_monthly.csv,sum over months of payment_cost_mean
por_share_payment_cost,0.031871,share,por_monthly.csv,"payment_cost_mean summed over months, divided by the sum of every cost line"
por_share_payment_cost_pct,3.187148,per cent,por_monthly.csv,the same share as a percentage
por_total_hosting_cost_mean,294407.944721,USD,por_monthly.csv,sum over months of hosting_cost_mean
por_share_hosting_cost,0.007483,share,por_monthly.csv,"hosting_cost_mean summed over months, divided by the sum of every cost line"
por_share_hosting_cost_pct,0.748331,per cent,por_monthly.csv,the same share as a percentage
por_total_verif_cost_mean,459022.601071,USD,por_monthly.csv,sum over months of verif_cost_mean
por_share_verif_cost,0.011668,share,por_monthly.csv,"verif_cost_mean summed over months, divided by the sum of every cost line"
por_share_verif_cost_pct,1.166751,per cent,por_monthly.csv,the same share as a percentage
por_total_cac_spend_mean,10936829.692280,USD,por_monthly.csv,sum over months of cac_spend_mean
por_share_cac_spend,0.277994,share,por_monthly.csv,"cac_spend_mean summed over months, divided by the sum of every cost line"
por_share_cac_spend_pct,27.799409,per cent,por_monthly.csv,the same share as a percentage
por_total_content_cost_mean,13965825.810645,USD,por_monthly.csv,sum over months of content_cost_mean
por_share_content_cost,0.354986,share,por_monthly.csv,"content_cost_mean summed over months, divided by the sum of every cost line"
por_share_content_cost_pct,35.498560,per cent,por_monthly.csv,the same share as a percentage
por_total_people_beng_cost_mean,6448535.728684,USD,por_monthly.csv,sum over months of people_beng_cost_mean
por_share_people_beng_cost,0.163910,share,por_monthly.csv,"people_beng_cost_mean summed over months, divided by the sum of every cost line"
por_share_people_beng_cost_pct,16.390992,per cent,por_monthly.csv,the same share as a percentage
por_total_people_uk_cost_mean,3284398.014576,USD,por_monthly.csv,sum over months of people_uk_cost_mean
por_share_people_uk_cost,0.083483,share,por_monthly.csv,"people_uk_cost_mean summed over months, divided by the sum of every cost line"
por_share_people_uk_cost_pct,8.348336,per cent,por_monthly.csv,the same share as a percentage
por_total_step_cost_mean,1271771.681909,USD,por_monthly.csv,sum over months of step_cost_mean
por_share_step_cost,0.032326,share,por_monthly.csv,"step_cost_mean summed over months, divided by the sum of every cost line"
por_share_step_cost_pct,3.232610,per cent,por_monthly.csv,the same share as a percentage
por_total_school_onboard_cost_mean,65423.655056,USD,por_monthly.csv,sum over months of school_onboard_cost_mean
por_share_school_onboard_cost,0.001663,share,por_monthly.csv,"school_onboard_cost_mean summed over months, divided by the sum of every cost line"
por_share_school_onboard_cost_pct,0.166295,per cent,por_monthly.csv,the same share as a percentage
por_total_appstore_fee_mean,0.000000,USD,por_monthly.csv,sum over months of appstore_fee_mean
por_share_appstore_fee,0.000000,share,por_monthly.csv,"appstore_fee_mean summed over months, divided by the sum of every cost line"
por_share_appstore_fee_pct,0.000000,per cent,por_monthly.csv,the same share as a percentage
por_demand_independent_cost_mean,24970531.235814,USD,por_monthly.csv,"content, Bengaluru people, United Kingdom people and step costs, summed over months"
por_share_demand_independent,0.634705,share,por_monthly.csv,that sum divided by the sum of every cost line
por_share_demand_independent_pct,63.470497,per cent,por_monthly.csv,the same share as a percentage
por_total_net_revenue_mean,30658989.376893,USD,por_monthly.csv,sum over months of net_rev_consumer_mean plus net_rev_schools_mean
por_total_gross_consumer_revenue_mean,34262489.067127,USD,por_monthly.csv,sum over months of gross_rev_consumer_mean
por_total_tax_collected_mean,3774664.601027,USD,por_monthly.csv,sum over months of tax_collected_mean
por_tax_share_of_gross,0.110169,share,por_monthly.csv,tax collected divided by gross consumer revenue: the part of a gross-quoted price that is not revenue
por_tax_share_of_gross_pct,11.016901,per cent,por_monthly.csv,the same as a percentage
por_schools_share_of_net_revenue_pct,0.558286,per cent,por_monthly.csv,"net_rev_schools_mean summed, over total net revenue summed"
por_band_central_placement_terminal,0.498650,percentile as a share,por_monthly.csv,cum_cash_bandcentral_placement in the final row: the percentile of the real per-path distribution the central band line sits at
por_band_central_placement_min,0.497800,percentile as a share,por_monthly.csv,minimum of cum_cash_bandcentral_placement from month 6 onward
por_band_central_placement_max,0.572550,percentile as a share,por_monthly.csv,maximum of cum_cash_bandcentral_placement from month 6 onward
band_placement_por_low_terminal,0.191900,percentile as a share,variants_bands.csv,placement_terminal for scenario por band low
band_placement_por_central_terminal,0.498650,percentile as a share,variants_bands.csv,placement_terminal for scenario por band central
band_placement_por_high_terminal,0.827050,percentile as a share,variants_bands.csv,placement_terminal for scenario por band high
band_placement_por_feedback_off_low_terminal,0.191900,percentile as a share,variants_bands.csv,placement_terminal for scenario por_feedback_off band low
band_placement_por_feedback_off_central_terminal,0.498650,percentile as a share,variants_bands.csv,placement_terminal for scenario por_feedback_off band central
band_placement_por_feedback_off_high_terminal,0.827050,percentile as a share,variants_bands.csv,placement_terminal for scenario por_feedback_off band high
band_placement_por_feedback_on_low_terminal,0.192200,percentile as a share,variants_bands.csv,placement_terminal for scenario por_feedback_on band low
band_placement_por_feedback_on_central_terminal,0.498450,percentile as a share,variants_bands.csv,placement_terminal for scenario por_feedback_on band central
band_placement_por_feedback_on_high_terminal,0.813000,percentile as a share,variants_bands.csv,placement_terminal for scenario por_feedback_on band high
band_placement_por_dependence_low_terminal,0.192100,percentile as a share,variants_bands.csv,placement_terminal for scenario por_dependence band low
band_placement_por_dependence_central_terminal,0.499200,percentile as a share,variants_bands.csv,placement_terminal for scenario por_dependence band central
band_placement_por_dependence_high_terminal,0.824800,percentile as a share,variants_bands.csv,placement_terminal for scenario por_dependence band high
band_placement_por_dependence_feedback_low_terminal,0.192700,percentile as a share,variants_bands.csv,placement_terminal for scenario por_dependence_feedback band low
band_placement_por_dependence_feedback_central_terminal,0.497550,percentile as a share,variants_bands.csv,placement_terminal for scenario por_dependence_feedback band central
band_placement_por_dependence_feedback_high_terminal,0.811400,percentile as a share,variants_bands.csv,placement_terminal for scenario por_dependence_feedback band high
band_placement_por_fx_sampled_low_terminal,0.192050,percentile as a share,variants_bands.csv,placement_terminal for scenario por_fx_sampled band low
band_placement_por_fx_sampled_central_terminal,0.498200,percentile as a share,variants_bands.csv,placement_terminal for scenario por_fx_sampled band central
band_placement_por_fx_sampled_high_terminal,0.827450,percentile as a share,variants_bands.csv,placement_terminal for scenario por_fx_sampled band high
band_placement_por_india_d2c_low_terminal,0.193150,percentile as a share,variants_bands.csv,placement_terminal for scenario por_india_d2c band low
band_placement_por_india_d2c_central_terminal,0.498550,percentile as a share,variants_bands.csv,placement_terminal for scenario por_india_d2c band central
band_placement_por_india_d2c_high_terminal,0.824750,percentile as a share,variants_bands.csv,placement_terminal for scenario por_india_d2c band high
band_placement_por_appstore_low_terminal,0.192750,percentile as a share,variants_bands.csv,placement_terminal for scenario por_appstore band low
band_placement_por_appstore_central_terminal,0.499300,percentile as a share,variants_bands.csv,placement_terminal for scenario por_appstore band central
band_placement_por_appstore_high_terminal,0.825400,percentile as a share,variants_bands.csv,placement_terminal for scenario por_appstore band high
band_placement_por_allowance_enforced_low_terminal,0.191650,percentile as a share,variants_bands.csv,placement_terminal for scenario por_allowance_enforced band low
band_placement_por_allowance_enforced_central_terminal,0.498450,percentile as a share,variants_bands.csv,placement_terminal for scenario por_allowance_enforced band central
band_placement_por_allowance_enforced_high_terminal,0.826550,percentile as a share,variants_bands.csv,placement_terminal for scenario por_allowance_enforced band high
band_placement_ukonly_low_terminal,0.191600,percentile as a share,variants_bands.csv,placement_terminal for scenario ukonly band low
band_placement_ukonly_central_terminal,0.499700,percentile as a share,variants_bands.csv,placement_terminal for scenario ukonly band central
band_placement_ukonly_high_terminal,0.823750,percentile as a share,variants_bands.csv,placement_terminal for scenario ukonly band high
band_placement_por_no_schools_low_terminal,0.192200,percentile as a share,variants_bands.csv,placement_terminal for scenario por_no_schools band low
band_placement_por_no_schools_central_terminal,0.498600,percentile as a share,variants_bands.csv,placement_terminal for scenario por_no_schools band central
band_placement_por_no_schools_high_terminal,0.826900,percentile as a share,variants_bands.csv,placement_terminal for scenario por_no_schools band high
band_placement_por_creator_fees_low_terminal,0.193400,percentile as a share,variants_bands.csv,placement_terminal for scenario por_creator_fees band low
band_placement_por_creator_fees_central_terminal,0.499000,percentile as a share,variants_bands.csv,placement_terminal for scenario por_creator_fees band central
band_placement_por_creator_fees_high_terminal,0.826050,percentile as a share,variants_bands.csv,placement_terminal for scenario por_creator_fees band high
band_placement_por_onshore_half_low_terminal,0.193150,percentile as a share,variants_bands.csv,placement_terminal for scenario por_onshore_half band low
band_placement_por_onshore_half_central_terminal,0.499450,percentile as a share,variants_bands.csv,placement_terminal for scenario por_onshore_half band central
band_placement_por_onshore_half_high_terminal,0.822700,percentile as a share,variants_bands.csv,placement_terminal for scenario por_onshore_half band high
band_placement_por_onshore_all_low_terminal,0.192950,percentile as a share,variants_bands.csv,placement_terminal for scenario por_onshore_all band low
band_placement_por_onshore_all_central_terminal,0.499250,percentile as a share,variants_bands.csv,placement_terminal for scenario por_onshore_all band central
band_placement_por_onshore_all_high_terminal,0.816650,percentile as a share,variants_bands.csv,placement_terminal for scenario por_onshore_all band high
band_placement_por_anchor_tutoring_low_terminal,0.193800,percentile as a share,variants_bands.csv,placement_terminal for scenario por_anchor_tutoring band low
band_placement_por_anchor_tutoring_central_terminal,0.501500,percentile as a share,variants_bands.csv,placement_terminal for scenario por_anchor_tutoring band central
band_placement_por_anchor_tutoring_high_terminal,0.820500,percentile as a share,variants_bands.csv,placement_terminal for scenario por_anchor_tutoring band high
band_placement_por_anchor_software_low_terminal,0.192850,percentile as a share,variants_bands.csv,placement_terminal for scenario por_anchor_software band low
band_placement_por_anchor_software_central_terminal,0.498550,percentile as a share,variants_bands.csv,placement_terminal for scenario por_anchor_software band central
band_placement_por_anchor_software_high_terminal,0.804200,percentile as a share,variants_bands.csv,placement_terminal for scenario por_anchor_software band high
band_placement_por_launch_plus3_low_terminal,0.191750,percentile as a share,variants_bands.csv,placement_terminal for scenario por_launch_plus3 band low
band_placement_por_launch_plus3_central_terminal,0.498250,percentile as a share,variants_bands.csv,placement_terminal for scenario por_launch_plus3 band central
band_placement_por_launch_plus3_high_terminal,0.825600,percentile as a share,variants_bands.csv,placement_terminal for scenario por_launch_plus3 band high
band_placement_por_launch_plus6_low_terminal,0.191800,percentile as a share,variants_bands.csv,placement_terminal for scenario por_launch_plus6 band low
band_placement_por_launch_plus6_central_terminal,0.498400,percentile as a share,variants_bands.csv,placement_terminal for scenario por_launch_plus6 band central
band_placement_por_launch_plus6_high_terminal,0.825300,percentile as a share,variants_bands.csv,placement_terminal for scenario por_launch_plus6 band high
scenario_por_terminal_cash_mean,-8682960.561243,USD or share,variants.csv,column terminal_cash_mean for scenario por
scenario_por_terminal_cash_p50,-20176327.175652,USD or share,variants.csv,column terminal_cash_p50 for scenario por
scenario_por_peak_funding_mean,20550577.471461,USD or share,variants.csv,column peak_funding_mean for scenario por
scenario_por_peak_funding_p80,28435027.719976,USD or share,variants.csv,column peak_funding_p80 for scenario por
scenario_por_peak_funding_p90,33468802.865459,USD or share,variants.csv,column peak_funding_p90 for scenario por
scenario_por_share_reaching_profitability,0.198750,USD or share,variants.csv,column share_reaching_profitability for scenario por
scenario_por_final_year_effective_cac_mean,40.408494,USD or share,variants.csv,column final_year_effective_cac_mean for scenario por
scenario_por_mean_share_over_allowance,0.236145,USD or share,variants.csv,column mean_share_over_allowance for scenario por
scenario_por_understatement_ratio,0.509260,USD or share,variants.csv,column understatement_ratio for scenario por
scenario_por_band_central_placement_terminal,0.498650,USD or share,variants.csv,column band_central_placement_terminal for scenario por
scenario_por_total_content_cost_mean,13965825.810650,USD or share,variants.csv,column total_content_cost_mean for scenario por
scenario_por_total_cost_mean,39341949.938133,USD or share,variants.csv,column total_cost_mean for scenario por
scenario_por_total_net_revenue_mean,30658989.376890,USD or share,variants.csv,column total_net_revenue_mean for scenario por
scenario_por_pathwise_spearman_vs_base,1.000000,USD or share,variants.csv,column pathwise_spearman_vs_base for scenario por
scenario_por_pathwise_mean_abs_delta,0.000000,USD or share,variants.csv,column pathwise_mean_abs_delta for scenario por
scenario_por_abs_mean_delta,0.000000,USD or share,variants.csv,column abs_mean_delta for scenario por
scenario_por_feedback_off_terminal_cash_mean,-8682960.561243,USD or share,variants.csv,column terminal_cash_mean for scenario por_feedback_off
scenario_por_feedback_off_terminal_cash_p50,-20176327.175652,USD or share,variants.csv,column terminal_cash_p50 for scenario por_feedback_off
scenario_por_feedback_off_peak_funding_mean,20550577.471461,USD or share,variants.csv,column peak_funding_mean for scenario por_feedback_off
scenario_por_feedback_off_peak_funding_p80,28435027.719976,USD or share,variants.csv,column peak_funding_p80 for scenario por_feedback_off
scenario_por_feedback_off_peak_funding_p90,33468802.865459,USD or share,variants.csv,column peak_funding_p90 for scenario por_feedback_off
scenario_por_feedback_off_share_reaching_profitability,0.198750,USD or share,variants.csv,column share_reaching_profitability for scenario por_feedback_off
scenario_por_feedback_off_final_year_effective_cac_mean,40.408494,USD or share,variants.csv,column final_year_effective_cac_mean for scenario por_feedback_off
scenario_por_feedback_off_mean_share_over_allowance,0.236145,USD or share,variants.csv,column mean_share_over_allowance for scenario por_feedback_off
scenario_por_feedback_off_understatement_ratio,0.509260,USD or share,variants.csv,column understatement_ratio for scenario por_feedback_off
scenario_por_feedback_off_band_central_placement_terminal,0.498650,USD or share,variants.csv,column band_central_placement_terminal for scenario por_feedback_off
scenario_por_feedback_off_total_content_cost_mean,13965825.810650,USD or share,variants.csv,column total_content_cost_mean for scenario por_feedback_off
scenario_por_feedback_off_total_cost_mean,39341949.938133,USD or share,variants.csv,column total_cost_mean for scenario por_feedback_off
scenario_por_feedback_off_total_net_revenue_mean,30658989.376890,USD or share,variants.csv,column total_net_revenue_mean for scenario por_feedback_off
scenario_por_feedback_off_pathwise_spearman_vs_base,1.000000,USD or share,variants.csv,column pathwise_spearman_vs_base for scenario por_feedback_off
scenario_por_feedback_off_pathwise_mean_abs_delta,0.000000,USD or share,variants.csv,column pathwise_mean_abs_delta for scenario por_feedback_off
scenario_por_feedback_off_abs_mean_delta,0.000000,USD or share,variants.csv,column abs_mean_delta for scenario por_feedback_off
scenario_por_feedback_on_terminal_cash_mean,-16815312.612803,USD or share,variants.csv,column terminal_cash_mean for scenario por_feedback_on
scenario_por_feedback_on_terminal_cash_p50,-21423045.046503,USD or share,variants.csv,column terminal_cash_p50 for scenario por_feedback_on
scenario_por_feedback_on_peak_funding_mean,22056731.862827,USD or share,variants.csv,column peak_funding_mean for scenario por_feedback_on
scenario_por_feedback_on_peak_funding_p80,29591683.906569,USD or share,variants.csv,column peak_funding_p80 for scenario por_feedback_on
scenario_por_feedback_on_peak_funding_p90,34527595.978946,USD or share,variants.csv,column peak_funding_p90 for scenario por_feedback_on
scenario_por_feedback_on_share_reaching_profitability,0.138100,USD or share,variants.csv,column share_reaching_profitability for scenario por_feedback_on
scenario_por_feedback_on_final_year_effective_cac_mean,34.326154,USD or share,variants.csv,column final_year_effective_cac_mean for scenario por_feedback_on
scenario_por_feedback_on_mean_share_over_allowance,0.236120,USD or share,variants.csv,column mean_share_over_allowance for scenario por_feedback_on
scenario_por_feedback_on_understatement_ratio,0.767728,USD or share,variants.csv,column understatement_ratio for scenario por_feedback_on
scenario_por_feedback_on_band_central_placement_terminal,0.498450,USD or share,variants.csv,column band_central_placement_terminal for scenario por_feedback_on
scenario_por_feedback_on_total_content_cost_mean,13965825.810650,USD or share,variants.csv,column total_content_cost_mean for scenario por_feedback_on
scenario_por_feedback_on_total_cost_mean,34300717.345249,USD or share,variants.csv,column total_cost_mean for scenario por_feedback_on
scenario_por_feedback_on_total_net_revenue_mean,17485404.732445,USD or share,variants.csv,column total_net_revenue_mean for scenario por_feedback_on
scenario_por_feedback_on_pathwise_spearman_vs_base,0.944988,USD or share,variants.csv,column pathwise_spearman_vs_base for scenario por_feedback_on
scenario_por_feedback_on_pathwise_mean_abs_delta,8370089.927313,USD or share,variants.csv,column pathwise_mean_abs_delta for scenario por_feedback_on
scenario_por_feedback_on_abs_mean_delta,8132352.051561,USD or share,variants.csv,column abs_mean_delta for scenario por_feedback_on
scenario_por_dependence_terminal_cash_mean,-4787432.829066,USD or share,variants.csv,column terminal_cash_mean for scenario por_dependence
scenario_por_dependence_terminal_cash_p50,-20218586.896789,USD or share,variants.csv,column terminal_cash_p50 for scenario por_dependence
scenario_por_dependence_peak_funding_mean,20691414.324091,USD or share,variants.csv,column peak_funding_mean for scenario por_dependence
scenario_por_dependence_peak_funding_p80,28611831.261838,USD or share,variants.csv,column peak_funding_p80 for scenario por_dependence
scenario_por_dependence_peak_funding_p90,33916577.676913,USD or share,variants.csv,column peak_funding_p90 for scenario por_dependence
scenario_por_dependence_share_reaching_profitability,0.188150,USD or share,variants.csv,column share_reaching_profitability for scenario por_dependence
scenario_por_dependence_final_year_effective_cac_mean,40.440397,USD or share,variants.csv,column final_year_effective_cac_mean for scenario por_dependence
scenario_por_dependence_mean_share_over_allowance,0.235784,USD or share,variants.csv,column mean_share_over_allowance for scenario por_dependence
scenario_por_dependence_understatement_ratio,0.432964,USD or share,variants.csv,column understatement_ratio for scenario por_dependence
scenario_por_dependence_band_central_placement_terminal,0.499200,USD or share,variants.csv,column band_central_placement_terminal for scenario por_dependence
scenario_por_dependence_total_content_cost_mean,13899301.593324,USD or share,variants.csv,column total_content_cost_mean for scenario por_dependence
scenario_por_dependence_total_cost_mean,41834278.689685,USD or share,variants.csv,column total_cost_mean for scenario por_dependence
scenario_por_dependence_total_net_revenue_mean,37046845.860619,USD or share,variants.csv,column total_net_revenue_mean for scenario por_dependence
scenario_por_dependence_pathwise_spearman_vs_base,0.297441,USD or share,variants.csv,column pathwise_spearman_vs_base for scenario por_dependence
scenario_por_dependence_pathwise_mean_abs_delta,34685074.739651,USD or share,variants.csv,column pathwise_mean_abs_delta for scenario por_dependence
scenario_por_dependence_abs_mean_delta,3895527.732177,USD or share,variants.csv,column abs_mean_delta for scenario por_dependence
scenario_por_dependence_feedback_terminal_cash_mean,-14943214.332846,USD or share,variants.csv,column terminal_cash_mean for scenario por_dependence_feedback
scenario_por_dependence_feedback_terminal_cash_p50,-21414380.619577,USD or share,variants.csv,column terminal_cash_p50 for scenario por_dependence_feedback
scenario_por_dependence_feedback_peak_funding_mean,22150954.565192,USD or share,variants.csv,column peak_funding_mean for scenario por_dependence_feedback
scenario_por_dependence_feedback_peak_funding_p80,29718189.413456,USD or share,variants.csv,column peak_funding_p80 for scenario por_dependence_feedback
scenario_por_dependence_feedback_peak_funding_p90,34961817.557731,USD or share,variants.csv,column peak_funding_p90 for scenario por_dependence_feedback
scenario_por_dependence_feedback_share_reaching_profitability,0.133100,USD or share,variants.csv,column share_reaching_profitability for scenario por_dependence_feedback
scenario_por_dependence_feedback_final_year_effective_cac_mean,34.350395,USD or share,variants.csv,column final_year_effective_cac_mean for scenario por_dependence_feedback
scenario_por_dependence_feedback_mean_share_over_allowance,0.235748,USD or share,variants.csv,column mean_share_over_allowance for scenario por_dependence_feedback
scenario_por_dependence_feedback_understatement_ratio,0.692576,USD or share,variants.csv,column understatement_ratio for scenario por_dependence_feedback
scenario_por_dependence_feedback_band_central_placement_terminal,0.497550,USD or share,variants.csv,column band_central_placement_terminal for scenario por_dependence_feedback
scenario_por_dependence_feedback_total_content_cost_mean,13899301.593324,USD or share,variants.csv,column total_content_cost_mean for scenario por_dependence_feedback
scenario_por_dependence_feedback_total_cost_mean,35705187.050196,USD or share,variants.csv,column total_cost_mean for scenario por_dependence_feedback
scenario_por_dependence_feedback_total_net_revenue_mean,20761972.717350,USD or share,variants.csv,column total_net_revenue_mean for scenario por_dependence_feedback
scenario_por_dependence_feedback_pathwise_spearman_vs_base,0.276451,USD or share,variants.csv,column pathwise_spearman_vs_base for scenario por_dependence_feedback
scenario_por_dependence_feedback_pathwise_mean_abs_delta,27093572.221252,USD or share,variants.csv,column pathwise_mean_abs_delta for scenario por_dependence_feedback
scenario_por_dependence_feedback_abs_mean_delta,6260253.771603,USD or share,variants.csv,column abs_mean_delta for scenario por_dependence_feedback
scenario_por_fx_sampled_terminal_cash_mean,-8640394.970834,USD or share,variants.csv,column terminal_cash_mean for scenario por_fx_sampled
scenario_por_fx_sampled_terminal_cash_p50,-20164078.672754,USD or share,variants.csv,column terminal_cash_p50 for scenario por_fx_sampled
scenario_por_fx_sampled_peak_funding_mean,20556671.571658,USD or share,variants.csv,column peak_funding_mean for scenario por_fx_sampled
scenario_por_fx_sampled_peak_funding_p80,28439647.209161,USD or share,variants.csv,column peak_funding_p80 for scenario por_fx_sampled
scenario_por_fx_sampled_peak_funding_p90,33493875.605930,USD or share,variants.csv,column peak_funding_p90 for scenario por_fx_sampled
scenario_por_fx_sampled_share_reaching_profitability,0.197700,USD or share,variants.csv,column share_reaching_profitability for scenario por_fx_sampled
scenario_por_fx_sampled_final_year_effective_cac_mean,40.373606,USD or share,variants.csv,column final_year_effective_cac_mean for scenario por_fx_sampled
scenario_por_fx_sampled_mean_share_over_allowance,0.236145,USD or share,variants.csv,column mean_share_over_allowance for scenario por_fx_sampled
scenario_por_fx_sampled_understatement_ratio,0.506820,USD or share,variants.csv,column understatement_ratio for scenario por_fx_sampled
scenario_por_fx_sampled_band_central_placement_terminal,0.498200,USD or share,variants.csv,column band_central_placement_terminal for scenario por_fx_sampled
scenario_por_fx_sampled_total_content_cost_mean,13965825.810650,USD or share,variants.csv,column total_content_cost_mean for scenario por_fx_sampled
scenario_por_fx_sampled_total_cost_mean,39379909.195843,USD or share,variants.csv,column total_cost_mean for scenario por_fx_sampled
scenario_por_fx_sampled_total_net_revenue_mean,30739514.225009,USD or share,variants.csv,column total_net_revenue_mean for scenario por_fx_sampled
scenario_por_fx_sampled_pathwise_spearman_vs_base,0.997712,USD or share,variants.csv,column pathwise_spearman_vs_base for scenario por_fx_sampled
scenario_por_fx_sampled_pathwise_mean_abs_delta,1945700.363910,USD or share,variants.csv,column pathwise_mean_abs_delta for scenario por_fx_sampled
scenario_por_fx_sampled_abs_mean_delta,42565.590409,USD or share,variants.csv,column abs_mean_delta for scenario por_fx_sampled
scenario_por_india_d2c_terminal_cash_mean,-11969922.834270,USD or share,variants.csv,column terminal_cash_mean for scenario por_india_d2c
scenario_por_india_d2c_terminal_cash_p50,-23155532.995043,USD or share,variants.csv,column terminal_cash_p50 for scenario por_india_d2c
scenario_por_india_d2c_peak_funding_mean,23868440.212940,USD or share,variants.csv,column peak_funding_mean for scenario por_india_d2c
scenario_por_india_d2c_peak_funding_p80,32880320.316155,USD or share,variants.csv,column peak_funding_p80 for scenario por_india_d2c
scenario_por_india_d2c_peak_funding_p90,38699410.978106,USD or share,variants.csv,column peak_funding_p90 for scenario por_india_d2c
scenario_por_india_d2c_share_reaching_profitability,0.189200,USD or share,variants.csv,column share_reaching_profitability for scenario por_india_d2c
scenario_por_india_d2c_final_year_effective_cac_mean,30.538647,USD or share,variants.csv,column final_year_effective_cac_mean for scenario por_india_d2c
scenario_por_india_d2c_mean_share_over_allowance,0.233324,USD or share,variants.csv,column mean_share_over_allowance for scenario por_india_d2c
scenario_por_india_d2c_understatement_ratio,0.569630,USD or share,variants.csv,column understatement_ratio for scenario por_india_d2c
scenario_por_india_d2c_band_central_placement_terminal,0.498550,USD or share,variants.csv,column band_central_placement_terminal for scenario por_india_d2c
scenario_por_india_d2c_total_content_cost_mean,16461584.031681,USD or share,variants.csv,column total_content_cost_mean for scenario por_india_d2c
scenario_por_india_d2c_total_cost_mean,44852176.103244,USD or share,variants.csv,column total_cost_mean for scenario por_india_d2c
scenario_por_india_d2c_total_net_revenue_mean,32882253.268973,USD or share,variants.csv,column total_net_revenue_mean for scenario por_india_d2c
scenario_por_india_d2c_pathwise_spearman_vs_base,0.994635,USD or share,variants.csv,column pathwise_spearman_vs_base for scenario por_india_d2c
scenario_por_india_d2c_pathwise_mean_abs_delta,4793734.752931,USD or share,variants.csv,column pathwise_mean_abs_delta for scenario por_india_d2c
scenario_por_india_d2c_abs_mean_delta,3286962.273028,USD or share,variants.csv,column abs_mean_delta for scenario por_india_d2c
scenario_por_appstore_terminal_cash_mean,-10930975.797475,USD or share,variants.csv,column terminal_cash_mean for scenario por_appstore
scenario_por_appstore_terminal_cash_p50,-20553407.526364,USD or share,variants.csv,column terminal_cash_p50 for scenario por_appstore
scenario_por_appstore_peak_funding_mean,20988586.552039,USD or share,variants.csv,column peak_funding_mean for scenario por_appstore
scenario_por_appstore_peak_funding_p80,28751572.792334,USD or share,variants.csv,column peak_funding_p80 for scenario por_appstore
scenario_por_appstore_peak_funding_p90,33789352.751451,USD or share,variants.csv,column peak_funding_p90 for scenario por_appstore
scenario_por_appstore_share_reaching_profitability,0.180750,USD or share,variants.csv,column share_reaching_profitability for scenario por_appstore
scenario_por_appstore_final_year_effective_cac_mean,40.408494,USD or share,variants.csv,column final_year_effective_cac_mean for scenario por_appstore
scenario_por_appstore_mean_share_over_allowance,0.236145,USD or share,variants.csv,column mean_share_over_allowance for scenario por_appstore
scenario_por_appstore_understatement_ratio,0.571085,USD or share,variants.csv,column understatement_ratio for scenario por_appstore
scenario_por_appstore_band_central_placement_terminal,0.499300,USD or share,variants.csv,column band_central_placement_terminal for scenario por_appstore
scenario_por_appstore_total_content_cost_mean,13965825.810650,USD or share,variants.csv,column total_content_cost_mean for scenario por_appstore
scenario_por_appstore_total_cost_mean,41589965.174365,USD or share,variants.csv,column total_cost_mean for scenario por_appstore
scenario_por_appstore_total_net_revenue_mean,30658989.376890,USD or share,variants.csv,column total_net_revenue_mean for scenario por_appstore
scenario_por_appstore_pathwise_spearman_vs_base,0.997000,USD or share,variants.csv,column pathwise_spearman_vs_base for scenario por_appstore
scenario_por_appstore_pathwise_mean_abs_delta,2248015.236232,USD or share,variants.csv,column pathwise_mean_abs_delta for scenario por_appstore
scenario_por_appstore_abs_mean_delta,2248015.236232,USD or share,variants.csv,column abs_mean_delta for scenario por_appstore
scenario_por_allowance_enforced_terminal_cash_mean,-8591507.783179,USD or share,variants.csv,column terminal_cash_mean for scenario por_allowance_enforced
scenario_por_allowance_enforced_terminal_cash_p50,-20136594.962822,USD or share,variants.csv,column terminal_cash_p50 for scenario por_allowance_enforced
scenario_por_allowance_enforced_peak_funding_mean,20520635.893166,USD or share,variants.csv,column peak_funding_mean for scenario por_allowance_enforced
scenario_por_allowance_enforced_peak_funding_p80,28415946.196117,USD or share,variants.csv,column peak_funding_p80 for scenario por_allowance_enforced
scenario_por_allowance_enforced_peak_funding_p90,33457188.638628,USD or share,variants.csv,column peak_funding_p90 for scenario por_allowance_enforced
scenario_por_allowance_enforced_share_reaching_profitability,0.199600,USD or share,variants.csv,column share_reaching_profitability for scenario por_allowance_enforced
scenario_por_allowance_enforced_final_year_effective_cac_mean,40.408494,USD or share,variants.csv,column final_year_effective_cac_mean for scenario por_allowance_enforced
scenario_por_allowance_enforced_mean_share_over_allowance,0.236145,USD or share,variants.csv,column mean_share_over_allowance for scenario por_allowance_enforced
scenario_por_allowance_enforced_understatement_ratio,0.507134,USD or share,variants.csv,column understatement_ratio for scenario por_allowance_enforced
scenario_por_allowance_enforced_band_central_placement_terminal,0.498450,USD or share,variants.csv,column band_central_placement_terminal for scenario por_allowance_enforced
scenario_por_allowance_enforced_total_content_cost_mean,13965825.810650,USD or share,variants.csv,column total_content_cost_mean for scenario por_allowance_enforced
scenario_por_allowance_enforced_total_cost_mean,39250497.160069,USD or share,variants.csv,column total_cost_mean for scenario por_allowance_enforced
scenario_por_allowance_enforced_total_net_revenue_mean,30658989.376890,USD or share,variants.csv,column total_net_revenue_mean for scenario por_allowance_enforced
scenario_por_allowance_enforced_pathwise_spearman_vs_base,0.999903,USD or share,variants.csv,column pathwise_spearman_vs_base for scenario por_allowance_enforced
scenario_por_allowance_enforced_pathwise_mean_abs_delta,91452.778063,USD or share,variants.csv,column pathwise_mean_abs_delta for scenario por_allowance_enforced
scenario_por_allowance_enforced_abs_mean_delta,91452.778063,USD or share,variants.csv,column abs_mean_delta for scenario por_allowance_enforced
scenario_ukonly_terminal_cash_mean,-8493333.550683,USD or share,variants.csv,column terminal_cash_mean for scenario ukonly
scenario_ukonly_terminal_cash_p50,-12571070.996803,USD or share,variants.csv,column terminal_cash_p50 for scenario ukonly
scenario_ukonly_peak_funding_mean,12858537.007535,USD or share,variants.csv,column peak_funding_mean for scenario ukonly
scenario_ukonly_peak_funding_p80,17664271.934021,USD or share,variants.csv,column peak_funding_p80 for scenario ukonly
scenario_ukonly_peak_funding_p90,20787942.707287,USD or share,variants.csv,column peak_funding_p90 for scenario ukonly
scenario_ukonly_share_reaching_profitability,0.190450,USD or share,variants.csv,column share_reaching_profitability for scenario ukonly
scenario_ukonly_final_year_effective_cac_mean,33.800599,USD or share,variants.csv,column final_year_effective_cac_mean for scenario ukonly
scenario_ukonly_mean_share_over_allowance,0.234656,USD or share,variants.csv,column mean_share_over_allowance for scenario ukonly
scenario_ukonly_understatement_ratio,0.673967,USD or share,variants.csv,column understatement_ratio for scenario ukonly
scenario_ukonly_band_central_placement_terminal,0.499700,USD or share,variants.csv,column band_central_placement_terminal for scenario ukonly
scenario_ukonly_total_content_cost_mean,8596098.326204,USD or share,variants.csv,column total_content_cost_mean for scenario ukonly
scenario_ukonly_total_cost_mean,22211584.759544,USD or share,variants.csv,column total_cost_mean for scenario ukonly
scenario_ukonly_total_net_revenue_mean,13718251.208860,USD or share,variants.csv,column total_net_revenue_mean for scenario ukonly
scenario_ukonly_pathwise_spearman_vs_base,0.976379,USD or share,variants.csv,column pathwise_spearman_vs_base for scenario ukonly
scenario_ukonly_pathwise_mean_abs_delta,14989924.491067,USD or share,variants.csv,column pathwise_mean_abs_delta for scenario ukonly
scenario_ukonly_abs_mean_delta,189627.010559,USD or share,variants.csv,column abs_mean_delta for scenario ukonly
scenario_por_no_schools_terminal_cash_mean,-6444594.098071,USD or share,variants.csv,column terminal_cash_mean for scenario por_no_schools
scenario_por_no_schools_terminal_cash_p50,-17918352.996244,USD or share,variants.csv,column terminal_cash_p50 for scenario por_no_schools
scenario_por_no_schools_peak_funding_mean,18595095.423356,USD or share,variants.csv,column peak_funding_mean for scenario por_no_schools
scenario_por_no_schools_peak_funding_p80,26185430.867792,USD or share,variants.csv,column peak_funding_p80 for scenario por_no_schools
scenario_por_no_schools_peak_funding_p90,31146029.349088,USD or share,variants.csv,column peak_funding_p90 for scenario por_no_schools
scenario_por_no_schools_share_reaching_profitability,0.222100,USD or share,variants.csv,column share_reaching_profitability for scenario por_no_schools
scenario_por_no_schools_final_year_effective_cac_mean,34.618118,USD or share,variants.csv,column final_year_effective_cac_mean for scenario por_no_schools
scenario_por_no_schools_mean_share_over_allowance,0.235751,USD or share,variants.csv,column mean_share_over_allowance for scenario por_no_schools
scenario_por_no_schools_understatement_ratio,0.498961,USD or share,variants.csv,column understatement_ratio for scenario por_no_schools
scenario_por_no_schools_band_central_placement_terminal,0.498600,USD or share,variants.csv,column band_central_placement_terminal for scenario por_no_schools
scenario_por_no_schools_total_content_cost_mean,13965825.810650,USD or share,variants.csv,column total_content_cost_mean for scenario por_no_schools
scenario_por_no_schools_total_cost_mean,36873634.248700,USD or share,variants.csv,column total_cost_mean for scenario por_no_schools
scenario_por_no_schools_total_net_revenue_mean,30429040.150629,USD or share,variants.csv,column total_net_revenue_mean for scenario por_no_schools
scenario_por_no_schools_pathwise_spearman_vs_base,0.998724,USD or share,variants.csv,column pathwise_spearman_vs_base for scenario por_no_schools
scenario_por_no_schools_pathwise_mean_abs_delta,2238366.463171,USD or share,variants.csv,column pathwise_mean_abs_delta for scenario por_no_schools
scenario_por_no_schools_abs_mean_delta,2238366.463171,USD or share,variants.csv,column abs_mean_delta for scenario por_no_schools
scenario_por_creator_fees_terminal_cash_mean,-10765603.906098,USD or share,variants.csv,column terminal_cash_mean for scenario por_creator_fees
scenario_por_creator_fees_terminal_cash_p50,-21533535.696275,USD or share,variants.csv,column terminal_cash_p50 for scenario por_creator_fees
scenario_por_creator_fees_peak_funding_mean,21787077.028682,USD or share,variants.csv,column peak_funding_mean for scenario por_creator_fees
scenario_por_creator_fees_peak_funding_p80,29861250.789864,USD or share,variants.csv,column peak_funding_p80 for scenario por_creator_fees
scenario_por_creator_fees_peak_funding_p90,34836544.240214,USD or share,variants.csv,column peak_funding_p90 for scenario por_creator_fees
scenario_por_creator_fees_share_reaching_profitability,0.178950,USD or share,variants.csv,column share_reaching_profitability for scenario por_creator_fees
scenario_por_creator_fees_final_year_effective_cac_mean,40.408494,USD or share,variants.csv,column final_year_effective_cac_mean for scenario por_creator_fees
scenario_por_creator_fees_mean_share_over_allowance,0.236145,USD or share,variants.csv,column mean_share_over_allowance for scenario por_creator_fees
scenario_por_creator_fees_understatement_ratio,0.542373,USD or share,variants.csv,column understatement_ratio for scenario por_creator_fees
scenario_por_creator_fees_band_central_placement_terminal,0.499000,USD or share,variants.csv,column band_central_placement_terminal for scenario por_creator_fees
scenario_por_creator_fees_total_content_cost_mean,13965825.810650,USD or share,variants.csv,column total_content_cost_mean for scenario por_creator_fees
scenario_por_creator_fees_total_cost_mean,41424593.282988,USD or share,variants.csv,column total_cost_mean for scenario por_creator_fees
scenario_por_creator_fees_total_net_revenue_mean,30658989.376890,USD or share,variants.csv,column total_net_revenue_mean for scenario por_creator_fees
scenario_por_creator_fees_pathwise_spearman_vs_base,0.996974,USD or share,variants.csv,column pathwise_spearman_vs_base for scenario por_creator_fees
scenario_por_creator_fees_pathwise_mean_abs_delta,2082643.344856,USD or share,variants.csv,column pathwise_mean_abs_delta for scenario por_creator_fees
scenario_por_creator_fees_abs_mean_delta,2082643.344856,USD or share,variants.csv,column abs_mean_delta for scenario por_creator_fees
scenario_por_onshore_half_terminal_cash_mean,-15378096.252880,USD or share,variants.csv,column terminal_cash_mean for scenario por_onshore_half
scenario_por_onshore_half_terminal_cash_p50,-26661133.304846,USD or share,variants.csv,column terminal_cash_p50 for scenario por_onshore_half
scenario_por_onshore_half_peak_funding_mean,26656606.838320,USD or share,variants.csv,column peak_funding_mean for scenario por_onshore_half
scenario_por_onshore_half_peak_funding_p80,35889968.229137,USD or share,variants.csv,column peak_funding_p80 for scenario por_onshore_half
scenario_por_onshore_half_peak_funding_p90,41374485.745330,USD or share,variants.csv,column peak_funding_p90 for scenario por_onshore_half
scenario_por_onshore_half_share_reaching_profitability,0.164850,USD or share,variants.csv,column share_reaching_profitability for scenario por_onshore_half
scenario_por_onshore_half_final_year_effective_cac_mean,40.408494,USD or share,variants.csv,column final_year_effective_cac_mean for scenario por_onshore_half
scenario_por_onshore_half_mean_share_over_allowance,0.236145,USD or share,variants.csv,column mean_share_over_allowance for scenario por_onshore_half
scenario_por_onshore_half_understatement_ratio,0.607065,USD or share,variants.csv,column understatement_ratio for scenario por_onshore_half
scenario_por_onshore_half_band_central_placement_terminal,0.499450,USD or share,variants.csv,column band_central_placement_terminal for scenario por_onshore_half
scenario_por_onshore_half_total_content_cost_mean,13965825.810650,USD or share,variants.csv,column total_content_cost_mean for scenario por_onshore_half
scenario_por_onshore_half_total_cost_mean,46037085.629770,USD or share,variants.csv,column total_cost_mean for scenario por_onshore_half
scenario_por_onshore_half_total_net_revenue_mean,30658989.376890,USD or share,variants.csv,column total_net_revenue_mean for scenario por_onshore_half
scenario_por_onshore_half_pathwise_spearman_vs_base,0.962001,USD or share,variants.csv,column pathwise_spearman_vs_base for scenario por_onshore_half
scenario_por_onshore_half_pathwise_mean_abs_delta,6695135.691637,USD or share,variants.csv,column pathwise_mean_abs_delta for scenario por_onshore_half
scenario_por_onshore_half_abs_mean_delta,6695135.691637,USD or share,variants.csv,column abs_mean_delta for scenario por_onshore_half
scenario_por_onshore_all_terminal_cash_mean,-22073231.944517,USD or share,variants.csv,column terminal_cash_mean for scenario por_onshore_all
scenario_por_onshore_all_terminal_cash_p50,-32910131.130028,USD or share,variants.csv,column terminal_cash_p50 for scenario por_onshore_all
scenario_por_onshore_all_peak_funding_mean,32861250.770358,USD or share,variants.csv,column peak_funding_mean for scenario por_onshore_all
scenario_por_onshore_all_peak_funding_p80,43702262.075984,USD or share,variants.csv,column peak_funding_p80 for scenario por_onshore_all
scenario_por_onshore_all_peak_funding_p90,50108768.975956,USD or share,variants.csv,column peak_funding_p90 for scenario por_onshore_all
scenario_por_onshore_all_share_reaching_profitability,0.143050,USD or share,variants.csv,column share_reaching_profitability for scenario por_onshore_all
scenario_por_onshore_all_final_year_effective_cac_mean,40.408494,USD or share,variants.csv,column final_year_effective_cac_mean for scenario por_onshore_all
scenario_por_onshore_all_mean_share_over_allowance,0.236145,USD or share,variants.csv,column mean_share_over_allowance for scenario por_onshore_all
scenario_por_onshore_all_understatement_ratio,0.681019,USD or share,variants.csv,column understatement_ratio for scenario por_onshore_all
scenario_por_onshore_all_band_central_placement_terminal,0.499250,USD or share,variants.csv,column band_central_placement_terminal for scenario por_onshore_all
scenario_por_onshore_all_total_content_cost_mean,13965825.810650,USD or share,variants.csv,column total_content_cost_mean for scenario por_onshore_all
scenario_por_onshore_all_total_cost_mean,52732221.321407,USD or share,variants.csv,column total_cost_mean for scenario por_onshore_all
scenario_por_onshore_all_total_net_revenue_mean,30658989.376890,USD or share,variants.csv,column total_net_revenue_mean for scenario por_onshore_all
scenario_por_onshore_all_pathwise_spearman_vs_base,0.888446,USD or share,variants.csv,column pathwise_spearman_vs_base for scenario por_onshore_all
scenario_por_onshore_all_pathwise_mean_abs_delta,13390271.383274,USD or share,variants.csv,column pathwise_mean_abs_delta for scenario por_onshore_all
scenario_por_onshore_all_abs_mean_delta,13390271.383274,USD or share,variants.csv,column abs_mean_delta for scenario por_onshore_all
scenario_por_anchor_tutoring_terminal_cash_mean,5719391.402258,USD or share,variants.csv,column terminal_cash_mean for scenario por_anchor_tutoring
scenario_por_anchor_tutoring_terminal_cash_p50,-17204897.203005,USD or share,variants.csv,column terminal_cash_p50 for scenario por_anchor_tutoring
scenario_por_anchor_tutoring_peak_funding_mean,17536183.332097,USD or share,variants.csv,column peak_funding_mean for scenario por_anchor_tutoring
scenario_por_anchor_tutoring_peak_funding_p80,26215878.307178,USD or share,variants.csv,column peak_funding_p80 for scenario por_anchor_tutoring
scenario_por_anchor_tutoring_peak_funding_p90,31254533.971990,USD or share,variants.csv,column peak_funding_p90 for scenario por_anchor_tutoring
scenario_por_anchor_tutoring_share_reaching_profitability,0.346550,USD or share,variants.csv,column share_reaching_profitability for scenario por_anchor_tutoring
scenario_por_anchor_tutoring_final_year_effective_cac_mean,55.321319,USD or share,variants.csv,column final_year_effective_cac_mean for scenario por_anchor_tutoring
scenario_por_anchor_tutoring_mean_share_over_allowance,0.236130,USD or share,variants.csv,column mean_share_over_allowance for scenario por_anchor_tutoring
scenario_por_anchor_tutoring_understatement_ratio,0.393157,USD or share,variants.csv,column understatement_ratio for scenario por_anchor_tutoring
scenario_por_anchor_tutoring_band_central_placement_terminal,0.501500,USD or share,variants.csv,column band_central_placement_terminal for scenario por_anchor_tutoring
scenario_por_anchor_tutoring_total_content_cost_mean,13965825.810650,USD or share,variants.csv,column total_content_cost_mean for scenario por_anchor_tutoring
scenario_por_anchor_tutoring_total_cost_mean,50087614.110813,USD or share,variants.csv,column total_cost_mean for scenario por_anchor_tutoring
scenario_por_anchor_tutoring_total_net_revenue_mean,55807005.513071,USD or share,variants.csv,column total_net_revenue_mean for scenario por_anchor_tutoring
scenario_por_anchor_tutoring_pathwise_spearman_vs_base,0.798415,USD or share,variants.csv,column pathwise_spearman_vs_base for scenario por_anchor_tutoring
scenario_por_anchor_tutoring_pathwise_mean_abs_delta,14423556.820641,USD or share,variants.csv,column pathwise_mean_abs_delta for scenario por_anchor_tutoring
scenario_por_anchor_tutoring_abs_mean_delta,14402351.963500,USD or share,variants.csv,column abs_mean_delta for scenario por_anchor_tutoring
scenario_por_anchor_software_terminal_cash_mean,-23388433.275426,USD or share,variants.csv,column terminal_cash_mean for scenario por_anchor_software
scenario_por_anchor_software_terminal_cash_p50,-22501070.631071,USD or share,variants.csv,column terminal_cash_p50 for scenario por_anchor_software
scenario_por_anchor_software_peak_funding_mean,23725533.517573,USD or share,variants.csv,column peak_funding_mean for scenario por_anchor_software
scenario_por_anchor_software_peak_funding_p80,30351352.363022,USD or share,variants.csv,column peak_funding_p80 for scenario por_anchor_software
scenario_por_anchor_software_peak_funding_p90,35109680.480505,USD or share,variants.csv,column peak_funding_p90 for scenario por_anchor_software
scenario_por_anchor_software_share_reaching_profitability,0.039250,USD or share,variants.csv,column share_reaching_profitability for scenario por_anchor_software
scenario_por_anchor_software_final_year_effective_cac_mean,25.182575,USD or share,variants.csv,column final_year_effective_cac_mean for scenario por_anchor_software
scenario_por_anchor_software_mean_share_over_allowance,0.236082,USD or share,variants.csv,column mean_share_over_allowance for scenario por_anchor_software
scenario_por_anchor_software_understatement_ratio,0.985792,USD or share,variants.csv,column understatement_ratio for scenario por_anchor_software
scenario_por_anchor_software_band_central_placement_terminal,0.498550,USD or share,variants.csv,column band_central_placement_terminal for scenario por_anchor_software
scenario_por_anchor_software_total_content_cost_mean,13965825.810650,USD or share,variants.csv,column total_content_cost_mean for scenario por_anchor_software
scenario_por_anchor_software_total_cost_mean,28402889.179052,USD or share,variants.csv,column total_cost_mean for scenario por_anchor_software
scenario_por_anchor_software_total_net_revenue_mean,5014455.903626,USD or share,variants.csv,column total_net_revenue_mean for scenario por_anchor_software
scenario_por_anchor_software_pathwise_spearman_vs_base,0.781073,USD or share,variants.csv,column pathwise_spearman_vs_base for scenario por_anchor_software
scenario_por_anchor_software_pathwise_mean_abs_delta,14726112.480329,USD or share,variants.csv,column pathwise_mean_abs_delta for scenario por_anchor_software
scenario_por_anchor_software_abs_mean_delta,14705472.714183,USD or share,variants.csv,column abs_mean_delta for scenario por_anchor_software
scenario_por_launch_plus3_terminal_cash_mean,-9917552.131037,USD or share,variants.csv,column terminal_cash_mean for scenario por_launch_plus3
scenario_por_launch_plus3_terminal_cash_p50,-19871906.772936,USD or share,variants.csv,column terminal_cash_p50 for scenario por_launch_plus3
scenario_por_launch_plus3_peak_funding_mean,20367430.809815,USD or share,variants.csv,column peak_funding_mean for scenario por_launch_plus3
scenario_por_launch_plus3_peak_funding_p80,28001861.082140,USD or share,variants.csv,column peak_funding_p80 for scenario por_launch_plus3
scenario_por_launch_plus3_peak_funding_p90,32903328.757749,USD or share,variants.csv,column peak_funding_p90 for scenario por_launch_plus3
scenario_por_launch_plus3_share_reaching_profitability,0.199050,USD or share,variants.csv,column share_reaching_profitability for scenario por_launch_plus3
scenario_por_launch_plus3_final_year_effective_cac_mean,39.706263,USD or share,variants.csv,column final_year_effective_cac_mean for scenario por_launch_plus3
scenario_por_launch_plus3_mean_share_over_allowance,0.236332,USD or share,variants.csv,column mean_share_over_allowance for scenario por_launch_plus3
scenario_por_launch_plus3_understatement_ratio,0.539344,USD or share,variants.csv,column understatement_ratio for scenario por_launch_plus3
scenario_por_launch_plus3_band_central_placement_terminal,0.498250,USD or share,variants.csv,column band_central_placement_terminal for scenario por_launch_plus3
scenario_por_launch_plus3_total_content_cost_mean,13775913.024423,USD or share,variants.csv,column total_content_cost_mean for scenario por_launch_plus3
scenario_por_launch_plus3_total_cost_mean,37273540.535806,USD or share,variants.csv,column total_cost_mean for scenario por_launch_plus3
scenario_por_launch_plus3_total_net_revenue_mean,27355988.404769,USD or share,variants.csv,column total_net_revenue_mean for scenario por_launch_plus3
scenario_por_launch_plus3_pathwise_spearman_vs_base,0.999032,USD or share,variants.csv,column pathwise_spearman_vs_base for scenario por_launch_plus3
scenario_por_launch_plus3_pathwise_mean_abs_delta,1903439.813157,USD or share,variants.csv,column pathwise_mean_abs_delta for scenario por_launch_plus3
scenario_por_launch_plus3_abs_mean_delta,1234591.569795,USD or share,variants.csv,column abs_mean_delta for scenario por_launch_plus3
scenario_por_launch_plus6_terminal_cash_mean,-9050614.970511,USD or share,variants.csv,column terminal_cash_mean for scenario por_launch_plus6
scenario_por_launch_plus6_terminal_cash_p50,-18205909.570299,USD or share,variants.csv,column terminal_cash_p50 for scenario por_launch_plus6
scenario_por_launch_plus6_peak_funding_mean,18697273.708737,USD or share,variants.csv,column peak_funding_mean for scenario por_launch_plus6
scenario_por_launch_plus6_peak_funding_p80,25491488.867122,USD or share,variants.csv,column peak_funding_p80 for scenario por_launch_plus6
scenario_por_launch_plus6_peak_funding_p90,29908174.049459,USD or share,variants.csv,column peak_funding_p90 for scenario por_launch_plus6
scenario_por_launch_plus6_share_reaching_profitability,0.200700,USD or share,variants.csv,column share_reaching_profitability for scenario por_launch_plus6
scenario_por_launch_plus6_final_year_effective_cac_mean,39.132787,USD or share,variants.csv,column final_year_effective_cac_mean for scenario por_launch_plus6
scenario_por_launch_plus6_mean_share_over_allowance,0.236078,USD or share,variants.csv,column mean_share_over_allowance for scenario por_launch_plus6
scenario_por_launch_plus6_understatement_ratio,0.582865,USD or share,variants.csv,column understatement_ratio for scenario por_launch_plus6
scenario_por_launch_plus6_band_central_placement_terminal,0.498400,USD or share,variants.csv,column band_central_placement_terminal for scenario por_launch_plus6
scenario_por_launch_plus6_total_content_cost_mean,12245135.042459,USD or share,variants.csv,column total_content_cost_mean for scenario por_launch_plus6
scenario_por_launch_plus6_total_cost_mean,34058859.230777,USD or share,variants.csv,column total_cost_mean for scenario por_launch_plus6
scenario_por_launch_plus6_total_net_revenue_mean,25008244.260266,USD or share,variants.csv,column total_net_revenue_mean for scenario por_launch_plus6
scenario_por_launch_plus6_pathwise_spearman_vs_base,0.998467,USD or share,variants.csv,column pathwise_spearman_vs_base for scenario por_launch_plus6
scenario_por_launch_plus6_pathwise_mean_abs_delta,4377969.152586,USD or share,variants.csv,column pathwise_mean_abs_delta for scenario por_launch_plus6
scenario_por_launch_plus6_abs_mean_delta,367654.409268,USD or share,variants.csv,column abs_mean_delta for scenario por_launch_plus6
anchor_tutoring_minus_software_terminal_cash_mean,29107824.677684,USD,variants.csv,"terminal_cash_mean for por_anchor_tutoring less terminal_cash_mean for por_anchor_software: the spread between the two regimes, not either one's delta against the published mix"
anchor_tutoring_minus_software_peak_funding_p80,4135474.055844,USD,variants.csv,peak_funding_p80 for por_anchor_software less the same for por_anchor_tutoring
pathwise_spearman_min,0.276451,rank correlation,variants.csv,the lowest pathwise_spearman_vs_base over every scenario
pathwise_spearman_min_scenario,por_dependence_feedback,scenario name,variants.csv,the scenario carrying that lowest value
pathwise_spearman_min_excluding_dependence,0.781073,rank correlation,variants.csv,the lowest pathwise_spearman_vs_base over scenarios that do not reorder driver values across paths
pathwise_spearman_min_excluding_dependence_scenario,por_anchor_software,scenario name,variants.csv,the scenario carrying that value
pathwise_spearman_max_dependence,0.297441,rank correlation,variants.csv,the highest pathwise_spearman_vs_base among the scenarios that do reorder driver values across paths
pathwise_spearman_max,1.000000,rank correlation,variants.csv,the highest pathwise_spearman_vs_base over every scenario
delta_por_feedback_off_terminal_cash_mean,0.000000,USD,variants.csv,terminal_cash_mean for por_feedback_off less terminal_cash_mean for por
delta_por_feedback_off_terminal_cash_p50,0.000000,USD,variants.csv,terminal_cash_p50 for por_feedback_off less terminal_cash_p50 for por
delta_por_feedback_off_terminal_cash_p50_abs,0.000000,USD,variants.csv,the absolute value of that median difference
delta_por_feedback_off_peak_funding_p80,0.000000,USD,variants.csv,peak_funding_p80 for por_feedback_off less peak_funding_p80 for por
delta_por_feedback_off_peak_funding_p80_abs,0.000000,USD,variants.csv,the absolute value of that difference
delta_por_feedback_off_sign_agrees_mean_and_median,1.000000,boolean,variants.csv,"1 when the mean delta and the median delta for por_feedback_off have the same sign, 0 when they disagree"
delta_por_feedback_off_terminal_cash_abs,0.000000,USD,variants.csv,the absolute value of that difference; the direction is in the sign of delta_por_feedback_off_terminal_cash_mean
delta_por_feedback_off_total_content_cost_mean,0.000000,USD,variants.csv,total_content_cost_mean for por_feedback_off less the same for por
delta_por_feedback_off_total_content_cost_abs,0.000000,USD,variants.csv,the absolute value of that difference
delta_por_feedback_on_terminal_cash_mean,-8132352.051560,USD,variants.csv,terminal_cash_mean for por_feedback_on less terminal_cash_mean for por
delta_por_feedback_on_terminal_cash_p50,-1246717.870851,USD,variants.csv,terminal_cash_p50 for por_feedback_on less terminal_cash_p50 for por
delta_por_feedback_on_terminal_cash_p50_abs,1246717.870851,USD,variants.csv,the absolute value of that median difference
delta_por_feedback_on_peak_funding_p80,1156656.186593,USD,variants.csv,peak_funding_p80 for por_feedback_on less peak_funding_p80 for por
delta_por_feedback_on_peak_funding_p80_abs,1156656.186593,USD,variants.csv,the absolute value of that difference
delta_por_feedback_on_sign_agrees_mean_and_median,1.000000,boolean,variants.csv,"1 when the mean delta and the median delta for por_feedback_on have the same sign, 0 when they disagree"
delta_por_feedback_on_terminal_cash_abs,8132352.051560,USD,variants.csv,the absolute value of that difference; the direction is in the sign of delta_por_feedback_on_terminal_cash_mean
delta_por_feedback_on_total_content_cost_mean,0.000000,USD,variants.csv,total_content_cost_mean for por_feedback_on less the same for por
delta_por_feedback_on_total_content_cost_abs,0.000000,USD,variants.csv,the absolute value of that difference
delta_por_dependence_terminal_cash_mean,3895527.732177,USD,variants.csv,terminal_cash_mean for por_dependence less terminal_cash_mean for por
delta_por_dependence_terminal_cash_p50,-42259.721137,USD,variants.csv,terminal_cash_p50 for por_dependence less terminal_cash_p50 for por
delta_por_dependence_terminal_cash_p50_abs,42259.721137,USD,variants.csv,the absolute value of that median difference
delta_por_dependence_peak_funding_p80,176803.541862,USD,variants.csv,peak_funding_p80 for por_dependence less peak_funding_p80 for por
delta_por_dependence_peak_funding_p80_abs,176803.541862,USD,variants.csv,the absolute value of that difference
delta_por_dependence_sign_agrees_mean_and_median,0.000000,boolean,variants.csv,"1 when the mean delta and the median delta for por_dependence have the same sign, 0 when they disagree"
delta_por_dependence_terminal_cash_abs,3895527.732177,USD,variants.csv,the absolute value of that difference; the direction is in the sign of delta_por_dependence_terminal_cash_mean
delta_por_dependence_total_content_cost_mean,-66524.217326,USD,variants.csv,total_content_cost_mean for por_dependence less the same for por
delta_por_dependence_total_content_cost_abs,66524.217326,USD,variants.csv,the absolute value of that difference
delta_por_dependence_feedback_terminal_cash_mean,-6260253.771603,USD,variants.csv,terminal_cash_mean for por_dependence_feedback less terminal_cash_mean for por
delta_por_dependence_feedback_terminal_cash_p50,-1238053.443925,USD,variants.csv,terminal_cash_p50 for por_dependence_feedback less terminal_cash_p50 for por
delta_por_dependence_feedback_terminal_cash_p50_abs,1238053.443925,USD,variants.csv,the absolute value of that median difference
delta_por_dependence_feedback_peak_funding_p80,1283161.693480,USD,variants.csv,peak_funding_p80 for por_dependence_feedback less peak_funding_p80 for por
delta_por_dependence_feedback_peak_funding_p80_abs,1283161.693480,USD,variants.csv,the absolute value of that difference
delta_por_dependence_feedback_sign_agrees_mean_and_median,1.000000,boolean,variants.csv,"1 when the mean delta and the median delta for por_dependence_feedback have the same sign, 0 when they disagree"
delta_por_dependence_feedback_terminal_cash_abs,6260253.771603,USD,variants.csv,the absolute value of that difference; the direction is in the sign of delta_por_dependence_feedback_terminal_cash_mean
delta_por_dependence_feedback_total_content_cost_mean,-66524.217326,USD,variants.csv,total_content_cost_mean for por_dependence_feedback less the same for por
delta_por_dependence_feedback_total_content_cost_abs,66524.217326,USD,variants.csv,the absolute value of that difference
delta_por_fx_sampled_terminal_cash_mean,42565.590409,USD,variants.csv,terminal_cash_mean for por_fx_sampled less terminal_cash_mean for por
delta_por_fx_sampled_terminal_cash_p50,12248.502898,USD,variants.csv,terminal_cash_p50 for por_fx_sampled less terminal_cash_p50 for por
delta_por_fx_sampled_terminal_cash_p50_abs,12248.502898,USD,variants.csv,the absolute value of that median difference
delta_por_fx_sampled_peak_funding_p80,4619.489185,USD,variants.csv,peak_funding_p80 for por_fx_sampled less peak_funding_p80 for por
delta_por_fx_sampled_peak_funding_p80_abs,4619.489185,USD,variants.csv,the absolute value of that difference
delta_por_fx_sampled_sign_agrees_mean_and_median,1.000000,boolean,variants.csv,"1 when the mean delta and the median delta for por_fx_sampled have the same sign, 0 when they disagree"
delta_por_fx_sampled_terminal_cash_abs,42565.590409,USD,variants.csv,the absolute value of that difference; the direction is in the sign of delta_por_fx_sampled_terminal_cash_mean
delta_por_fx_sampled_total_content_cost_mean,0.000000,USD,variants.csv,total_content_cost_mean for por_fx_sampled less the same for por
delta_por_fx_sampled_total_content_cost_abs,0.000000,USD,variants.csv,the absolute value of that difference
delta_por_india_d2c_terminal_cash_mean,-3286962.273027,USD,variants.csv,terminal_cash_mean for por_india_d2c less terminal_cash_mean for por
delta_por_india_d2c_terminal_cash_p50,-2979205.819391,USD,variants.csv,terminal_cash_p50 for por_india_d2c less terminal_cash_p50 for por
delta_por_india_d2c_terminal_cash_p50_abs,2979205.819391,USD,variants.csv,the absolute value of that median difference
delta_por_india_d2c_peak_funding_p80,4445292.596179,USD,variants.csv,peak_funding_p80 for por_india_d2c less peak_funding_p80 for por
delta_por_india_d2c_peak_funding_p80_abs,4445292.596179,USD,variants.csv,the absolute value of that difference
delta_por_india_d2c_sign_agrees_mean_and_median,1.000000,boolean,variants.csv,"1 when the mean delta and the median delta for por_india_d2c have the same sign, 0 when they disagree"
delta_por_india_d2c_terminal_cash_abs,3286962.273027,USD,variants.csv,the absolute value of that difference; the direction is in the sign of delta_por_india_d2c_terminal_cash_mean
delta_por_india_d2c_total_content_cost_mean,2495758.221031,USD,variants.csv,total_content_cost_mean for por_india_d2c less the same for por
delta_por_india_d2c_total_content_cost_abs,2495758.221031,USD,variants.csv,the absolute value of that difference
delta_por_appstore_terminal_cash_mean,-2248015.236232,USD,variants.csv,terminal_cash_mean for por_appstore less terminal_cash_mean for por
delta_por_appstore_terminal_cash_p50,-377080.350712,USD,variants.csv,terminal_cash_p50 for por_appstore less terminal_cash_p50 for por
delta_por_appstore_terminal_cash_p50_abs,377080.350712,USD,variants.csv,the absolute value of that median difference
delta_por_appstore_peak_funding_p80,316545.072358,USD,variants.csv,peak_funding_p80 for por_appstore less peak_funding_p80 for por
delta_por_appstore_peak_funding_p80_abs,316545.072358,USD,variants.csv,the absolute value of that difference
delta_por_appstore_sign_agrees_mean_and_median,1.000000,boolean,variants.csv,"1 when the mean delta and the median delta for por_appstore have the same sign, 0 when they disagree"
delta_por_appstore_terminal_cash_abs,2248015.236232,USD,variants.csv,the absolute value of that difference; the direction is in the sign of delta_por_appstore_terminal_cash_mean
delta_por_appstore_total_content_cost_mean,0.000000,USD,variants.csv,total_content_cost_mean for por_appstore less the same for por
delta_por_appstore_total_content_cost_abs,0.000000,USD,variants.csv,the absolute value of that difference
delta_por_allowance_enforced_terminal_cash_mean,91452.778064,USD,variants.csv,terminal_cash_mean for por_allowance_enforced less terminal_cash_mean for por
delta_por_allowance_enforced_terminal_cash_p50,39732.212830,USD,variants.csv,terminal_cash_p50 for por_allowance_enforced less terminal_cash_p50 for por
delta_por_allowance_enforced_terminal_cash_p50_abs,39732.212830,USD,variants.csv,the absolute value of that median difference
delta_por_allowance_enforced_peak_funding_p80,-19081.523859,USD,variants.csv,peak_funding_p80 for por_allowance_enforced less peak_funding_p80 for por
delta_por_allowance_enforced_peak_funding_p80_abs,19081.523859,USD,variants.csv,the absolute value of that difference
delta_por_allowance_enforced_sign_agrees_mean_and_median,1.000000,boolean,variants.csv,"1 when the mean delta and the median delta for por_allowance_enforced have the same sign, 0 when they disagree"
delta_por_allowance_enforced_terminal_cash_abs,91452.778064,USD,variants.csv,the absolute value of that difference; the direction is in the sign of delta_por_allowance_enforced_terminal_cash_mean
delta_por_allowance_enforced_total_content_cost_mean,0.000000,USD,variants.csv,total_content_cost_mean for por_allowance_enforced less the same for por
delta_por_allowance_enforced_total_content_cost_abs,0.000000,USD,variants.csv,the absolute value of that difference
delta_ukonly_terminal_cash_mean,189627.010560,USD,variants.csv,terminal_cash_mean for ukonly less terminal_cash_mean for por
delta_ukonly_terminal_cash_p50,7605256.178849,USD,variants.csv,terminal_cash_p50 for ukonly less terminal_cash_p50 for por
delta_ukonly_terminal_cash_p50_abs,7605256.178849,USD,variants.csv,the absolute value of that median difference
delta_ukonly_peak_funding_p80,-10770755.785955,USD,variants.csv,peak_funding_p80 for ukonly less peak_funding_p80 for por
delta_ukonly_peak_funding_p80_abs,10770755.785955,USD,variants.csv,the absolute value of that difference
delta_ukonly_sign_agrees_mean_and_median,1.000000,boolean,variants.csv,"1 when the mean delta and the median delta for ukonly have the same sign, 0 when they disagree"
delta_ukonly_terminal_cash_abs,189627.010560,USD,variants.csv,the absolute value of that difference; the direction is in the sign of delta_ukonly_terminal_cash_mean
delta_ukonly_total_content_cost_mean,-5369727.484446,USD,variants.csv,total_content_cost_mean for ukonly less the same for por
delta_ukonly_total_content_cost_abs,5369727.484446,USD,variants.csv,the absolute value of that difference
delta_por_no_schools_terminal_cash_mean,2238366.463172,USD,variants.csv,terminal_cash_mean for por_no_schools less terminal_cash_mean for por
delta_por_no_schools_terminal_cash_p50,2257974.179408,USD,variants.csv,terminal_cash_p50 for por_no_schools less terminal_cash_p50 for por
delta_por_no_schools_terminal_cash_p50_abs,2257974.179408,USD,variants.csv,the absolute value of that median difference
delta_por_no_schools_peak_funding_p80,-2249596.852184,USD,variants.csv,peak_funding_p80 for por_no_schools less peak_funding_p80 for por
delta_por_no_schools_peak_funding_p80_abs,2249596.852184,USD,variants.csv,the absolute value of that difference
delta_por_no_schools_sign_agrees_mean_and_median,1.000000,boolean,variants.csv,"1 when the mean delta and the median delta for por_no_schools have the same sign, 0 when they disagree"
delta_por_no_schools_terminal_cash_abs,2238366.463172,USD,variants.csv,the absolute value of that difference; the direction is in the sign of delta_por_no_schools_terminal_cash_mean
delta_por_no_schools_total_content_cost_mean,0.000000,USD,variants.csv,total_content_cost_mean for por_no_schools less the same for por
delta_por_no_schools_total_content_cost_abs,0.000000,USD,variants.csv,the absolute value of that difference
delta_por_creator_fees_terminal_cash_mean,-2082643.344855,USD,variants.csv,terminal_cash_mean for por_creator_fees less terminal_cash_mean for por
delta_por_creator_fees_terminal_cash_p50,-1357208.520623,USD,variants.csv,terminal_cash_p50 for por_creator_fees less terminal_cash_p50 for por
delta_por_creator_fees_terminal_cash_p50_abs,1357208.520623,USD,variants.csv,the absolute value of that median difference
delta_por_creator_fees_peak_funding_p80,1426223.069888,USD,variants.csv,peak_funding_p80 for por_creator_fees less peak_funding_p80 for por
delta_por_creator_fees_peak_funding_p80_abs,1426223.069888,USD,variants.csv,the absolute value of that difference
delta_por_creator_fees_sign_agrees_mean_and_median,1.000000,boolean,variants.csv,"1 when the mean delta and the median delta for por_creator_fees have the same sign, 0 when they disagree"
delta_por_creator_fees_terminal_cash_abs,2082643.344855,USD,variants.csv,the absolute value of that difference; the direction is in the sign of delta_por_creator_fees_terminal_cash_mean
delta_por_creator_fees_total_content_cost_mean,0.000000,USD,variants.csv,total_content_cost_mean for por_creator_fees less the same for por
delta_por_creator_fees_total_content_cost_abs,0.000000,USD,variants.csv,the absolute value of that difference
delta_por_onshore_half_terminal_cash_mean,-6695135.691637,USD,variants.csv,terminal_cash_mean for por_onshore_half less terminal_cash_mean for por
delta_por_onshore_half_terminal_cash_p50,-6484806.129194,USD,variants.csv,terminal_cash_p50 for por_onshore_half less terminal_cash_p50 for por
delta_por_onshore_half_terminal_cash_p50_abs,6484806.129194,USD,variants.csv,the absolute value of that median difference
delta_por_onshore_half_peak_funding_p80,7454940.509161,USD,variants.csv,peak_funding_p80 for por_onshore_half less peak_funding_p80 for por
delta_por_onshore_half_peak_funding_p80_abs,7454940.509161,USD,variants.csv,the absolute value of that difference
delta_por_onshore_half_sign_agrees_mean_and_median,1.000000,boolean,variants.csv,"1 when the mean delta and the median delta for por_onshore_half have the same sign, 0 when they disagree"
delta_por_onshore_half_terminal_cash_abs,6695135.691637,USD,variants.csv,the absolute value of that difference; the direction is in the sign of delta_por_onshore_half_terminal_cash_mean
delta_por_onshore_half_total_content_cost_mean,0.000000,USD,variants.csv,total_content_cost_mean for por_onshore_half less the same for por
delta_por_onshore_half_total_content_cost_abs,0.000000,USD,variants.csv,the absolute value of that difference
delta_por_onshore_all_terminal_cash_mean,-13390271.383274,USD,variants.csv,terminal_cash_mean for por_onshore_all less terminal_cash_mean for por
delta_por_onshore_all_terminal_cash_p50,-12733803.954376,USD,variants.csv,terminal_cash_p50 for por_onshore_all less terminal_cash_p50 for por
delta_por_onshore_all_terminal_cash_p50_abs,12733803.954376,USD,variants.csv,the absolute value of that median difference
delta_por_onshore_all_peak_funding_p80,15267234.356008,USD,variants.csv,peak_funding_p80 for por_onshore_all less peak_funding_p80 for por
delta_por_onshore_all_peak_funding_p80_abs,15267234.356008,USD,variants.csv,the absolute value of that difference
delta_por_onshore_all_sign_agrees_mean_and_median,1.000000,boolean,variants.csv,"1 when the mean delta and the median delta for por_onshore_all have the same sign, 0 when they disagree"
delta_por_onshore_all_terminal_cash_abs,13390271.383274,USD,variants.csv,the absolute value of that difference; the direction is in the sign of delta_por_onshore_all_terminal_cash_mean
delta_por_onshore_all_total_content_cost_mean,0.000000,USD,variants.csv,total_content_cost_mean for por_onshore_all less the same for por
delta_por_onshore_all_total_content_cost_abs,0.000000,USD,variants.csv,the absolute value of that difference
delta_por_anchor_tutoring_terminal_cash_mean,14402351.963501,USD,variants.csv,terminal_cash_mean for por_anchor_tutoring less terminal_cash_mean for por
delta_por_anchor_tutoring_terminal_cash_p50,2971429.972647,USD,variants.csv,terminal_cash_p50 for por_anchor_tutoring less terminal_cash_p50 for por
delta_por_anchor_tutoring_terminal_cash_p50_abs,2971429.972647,USD,variants.csv,the absolute value of that median difference
delta_por_anchor_tutoring_peak_funding_p80,-2219149.412798,USD,variants.csv,peak_funding_p80 for por_anchor_tutoring less peak_funding_p80 for por
delta_por_anchor_tutoring_peak_funding_p80_abs,2219149.412798,USD,variants.csv,the absolute value of that difference
delta_por_anchor_tutoring_sign_agrees_mean_and_median,1.000000,boolean,variants.csv,"1 when the mean delta and the median delta for por_anchor_tutoring have the same sign, 0 when they disagree"
delta_por_anchor_tutoring_terminal_cash_abs,14402351.963501,USD,variants.csv,the absolute value of that difference; the direction is in the sign of delta_por_anchor_tutoring_terminal_cash_mean
delta_por_anchor_tutoring_total_content_cost_mean,0.000000,USD,variants.csv,total_content_cost_mean for por_anchor_tutoring less the same for por
delta_por_anchor_tutoring_total_content_cost_abs,0.000000,USD,variants.csv,the absolute value of that difference
delta_por_anchor_software_terminal_cash_mean,-14705472.714183,USD,variants.csv,terminal_cash_mean for por_anchor_software less terminal_cash_mean for por
delta_por_anchor_software_terminal_cash_p50,-2324743.455419,USD,variants.csv,terminal_cash_p50 for por_anchor_software less terminal_cash_p50 for por
delta_por_anchor_software_terminal_cash_p50_abs,2324743.455419,USD,variants.csv,the absolute value of that median difference
delta_por_anchor_software_peak_funding_p80,1916324.643046,USD,variants.csv,peak_funding_p80 for por_anchor_software less peak_funding_p80 for por
delta_por_anchor_software_peak_funding_p80_abs,1916324.643046,USD,variants.csv,the absolute value of that difference
delta_por_anchor_software_sign_agrees_mean_and_median,1.000000,boolean,variants.csv,"1 when the mean delta and the median delta for por_anchor_software have the same sign, 0 when they disagree"
delta_por_anchor_software_terminal_cash_abs,14705472.714183,USD,variants.csv,the absolute value of that difference; the direction is in the sign of delta_por_anchor_software_terminal_cash_mean
delta_por_anchor_software_total_content_cost_mean,0.000000,USD,variants.csv,total_content_cost_mean for por_anchor_software less the same for por
delta_por_anchor_software_total_content_cost_abs,0.000000,USD,variants.csv,the absolute value of that difference
delta_por_launch_plus3_terminal_cash_mean,-1234591.569794,USD,variants.csv,terminal_cash_mean for por_launch_plus3 less terminal_cash_mean for por
delta_por_launch_plus3_terminal_cash_p50,304420.402716,USD,variants.csv,terminal_cash_p50 for por_launch_plus3 less terminal_cash_p50 for por
delta_por_launch_plus3_terminal_cash_p50_abs,304420.402716,USD,variants.csv,the absolute value of that median difference
delta_por_launch_plus3_peak_funding_p80,-433166.637836,USD,variants.csv,peak_funding_p80 for por_launch_plus3 less peak_funding_p80 for por
delta_por_launch_plus3_peak_funding_p80_abs,433166.637836,USD,variants.csv,the absolute value of that difference
delta_por_launch_plus3_sign_agrees_mean_and_median,0.000000,boolean,variants.csv,"1 when the mean delta and the median delta for por_launch_plus3 have the same sign, 0 when they disagree"
delta_por_launch_plus3_terminal_cash_abs,1234591.569794,USD,variants.csv,the absolute value of that difference; the direction is in the sign of delta_por_launch_plus3_terminal_cash_mean
delta_por_launch_plus3_total_content_cost_mean,-189912.786227,USD,variants.csv,total_content_cost_mean for por_launch_plus3 less the same for por
delta_por_launch_plus3_total_content_cost_abs,189912.786227,USD,variants.csv,the absolute value of that difference
delta_por_launch_plus6_terminal_cash_mean,-367654.409268,USD,variants.csv,terminal_cash_mean for por_launch_plus6 less terminal_cash_mean for por
delta_por_launch_plus6_terminal_cash_p50,1970417.605353,USD,variants.csv,terminal_cash_p50 for por_launch_plus6 less terminal_cash_p50 for por
delta_por_launch_plus6_terminal_cash_p50_abs,1970417.605353,USD,variants.csv,the absolute value of that median difference
delta_por_launch_plus6_peak_funding_p80,-2943538.852854,USD,variants.csv,peak_funding_p80 for por_launch_plus6 less peak_funding_p80 for por
delta_por_launch_plus6_peak_funding_p80_abs,2943538.852854,USD,variants.csv,the absolute value of that difference
delta_por_launch_plus6_sign_agrees_mean_and_median,0.000000,boolean,variants.csv,"1 when the mean delta and the median delta for por_launch_plus6 have the same sign, 0 when they disagree"
delta_por_launch_plus6_terminal_cash_abs,367654.409268,USD,variants.csv,the absolute value of that difference; the direction is in the sign of delta_por_launch_plus6_terminal_cash_mean
delta_por_launch_plus6_total_content_cost_mean,-1720690.768191,USD,variants.csv,total_content_cost_mean for por_launch_plus6 less the same for por
delta_por_launch_plus6_total_content_cost_abs,1720690.768191,USD,variants.csv,the absolute value of that difference
sobol_peak_funding_requirement_sum_first_order,0.790444,share of variance,sobol.csv,sum of sobol_first_order over every driver for target peak_funding_requirement
sobol_peak_funding_requirement_rank1_driver,items_per_unit,driver name,sobol.csv,driver at rank 1 by sobol_first_order for target peak_funding_requirement
sobol_peak_funding_requirement_rank1_value,0.161680,share of variance,sobol.csv,sobol_first_order at rank 1 for target peak_funding_requirement
sobol_peak_funding_requirement_rank2_driver,cac_anchor_usd,driver name,sobol.csv,driver at rank 2 by sobol_first_order for target peak_funding_requirement
sobol_peak_funding_requirement_rank2_value,0.107696,share of variance,sobol.csv,sobol_first_order at rank 2 for target peak_funding_requirement
sobol_peak_funding_requirement_rank3_driver,anchor_u,driver name,sobol.csv,driver at rank 3 by sobol_first_order for target peak_funding_requirement
sobol_peak_funding_requirement_rank3_value,0.101859,share of variance,sobol.csv,sobol_first_order at rank 3 for target peak_funding_requirement
sobol_peak_funding_requirement_rank4_driver,writer_gbp_item,driver name,sobol.csv,driver at rank 4 by sobol_first_order for target peak_funding_requirement
sobol_peak_funding_requirement_rank4_value,0.081025,share of variance,sobol.csv,sobol_first_order at rank 4 for target peak_funding_requirement
sobol_peak_funding_requirement_rank5_driver,minutes_per_item,driver name,sobol.csv,driver at rank 5 by sobol_first_order for target peak_funding_requirement
sobol_peak_funding_requirement_rank5_value,0.078201,share of variance,sobol.csv,sobol_first_order at rank 5 for target peak_funding_requirement
sobol_peak_funding_requirement_rank6_driver,board_reuse,driver name,sobol.csv,driver at rank 6 by sobol_first_order for target peak_funding_requirement
sobol_peak_funding_requirement_rank6_value,0.065975,share of variance,sobol.csv,sobol_first_order at rank 6 for target peak_funding_requirement
sobol_peak_funding_requirement_rank7_driver,examiner_rate_gbp_hr,driver name,sobol.csv,driver at rank 7 by sobol_first_order for target peak_funding_requirement
sobol_peak_funding_requirement_rank7_value,0.042500,share of variance,sobol.csv,sobol_first_order at rank 7 for target peak_funding_requirement
sobol_peak_funding_requirement_rank8_driver,eng_usd_yr,driver name,sobol.csv,driver at rank 8 by sobol_first_order for target peak_funding_requirement
sobol_peak_funding_requirement_rank8_value,0.029824,share of variance,sobol.csv,sobol_first_order at rank 8 for target peak_funding_requirement
sobol_reaches_profitability_sum_first_order,0.515461,share of variance,sobol.csv,sum of sobol_first_order over every driver for target reaches_profitability
sobol_reaches_profitability_rank1_driver,cac_anchor_usd,driver name,sobol.csv,driver at rank 1 by sobol_first_order for target reaches_profitability
sobol_reaches_profitability_rank1_value,0.220004,share of variance,sobol.csv,sobol_first_order at rank 1 for target reaches_profitability
sobol_reaches_profitability_rank2_driver,anchor_u,driver name,sobol.csv,driver at rank 2 by sobol_first_order for target reaches_profitability
sobol_reaches_profitability_rank2_value,0.162146,share of variance,sobol.csv,sobol_first_order at rank 2 for target reaches_profitability
sobol_reaches_profitability_rank3_driver,cac_ref_spend_usd,driver name,sobol.csv,driver at rank 3 by sobol_first_order for target reaches_profitability
sobol_reaches_profitability_rank3_value,0.046324,share of variance,sobol.csv,sobol_first_order at rank 3 for target reaches_profitability
sobol_reaches_profitability_rank4_driver,sat_kappa,driver name,sobol.csv,driver at rank 4 by sobol_first_order for target reaches_profitability
sobol_reaches_profitability_rank4_value,0.016872,share of variance,sobol.csv,sobol_first_order at rank 4 for target reaches_profitability
sobol_reaches_profitability_rank5_driver,churn_base,driver name,sobol.csv,driver at rank 5 by sobol_first_order for target reaches_profitability
sobol_reaches_profitability_rank5_value,0.012900,share of variance,sobol.csv,sobol_first_order at rank 5 for target reaches_profitability
sobol_reaches_profitability_rank6_driver,price_uk_tut_gbp,driver name,sobol.csv,driver at rank 6 by sobol_first_order for target reaches_profitability
sobol_reaches_profitability_rank6_value,0.010467,share of variance,sobol.csv,sobol_first_order at rank 6 for target reaches_profitability
sobol_reaches_profitability_rank7_driver,sessions_per_hh_month,driver name,sobol.csv,driver at rank 7 by sobol_first_order for target reaches_profitability
sobol_reaches_profitability_rank7_value,0.003708,share of variance,sobol.csv,sobol_first_order at rank 7 for target reaches_profitability
sobol_reaches_profitability_rank8_driver,price_drift_yr,driver name,sobol.csv,driver at rank 8 by sobol_first_order for target reaches_profitability
sobol_reaches_profitability_rank8_value,0.003559,share of variance,sobol.csv,sobol_first_order at rank 8 for target reaches_profitability
sobol_terminal_cash_sum_first_order,0.160527,share of variance,sobol.csv,sum of sobol_first_order over every driver for target terminal_cash
sobol_terminal_cash_rank1_driver,cac_anchor_usd,driver name,sobol.csv,driver at rank 1 by sobol_first_order for target terminal_cash
sobol_terminal_cash_rank1_value,0.054441,share of variance,sobol.csv,sobol_first_order at rank 1 for target terminal_cash
sobol_terminal_cash_rank2_driver,sat_kappa,driver name,sobol.csv,driver at rank 2 by sobol_first_order for target terminal_cash
sobol_terminal_cash_rank2_value,0.027409,share of variance,sobol.csv,sobol_first_order at rank 2 for target terminal_cash
sobol_terminal_cash_rank3_driver,anchor_u,driver name,sobol.csv,driver at rank 3 by sobol_first_order for target terminal_cash
sobol_terminal_cash_rank3_value,0.026337,share of variance,sobol.csv,sobol_first_order at rank 3 for target terminal_cash
sobol_terminal_cash_rank4_driver,price_uk_tut_gbp,driver name,sobol.csv,driver at rank 4 by sobol_first_order for target terminal_cash
sobol_terminal_cash_rank4_value,0.007264,share of variance,sobol.csv,sobol_first_order at rank 4 for target terminal_cash
sobol_terminal_cash_rank5_driver,cac_ref_spend_usd,driver name,sobol.csv,driver at rank 5 by sobol_first_order for target terminal_cash
sobol_terminal_cash_rank5_value,0.006136,share of variance,sobol.csv,sobol_first_order at rank 5 for target terminal_cash
sobol_terminal_cash_rank6_driver,churn_base,driver name,sobol.csv,driver at rank 6 by sobol_first_order for target terminal_cash
sobol_terminal_cash_rank6_value,0.004632,share of variance,sobol.csv,sobol_first_order at rank 6 for target terminal_cash
sobol_terminal_cash_rank7_driver,pool_uk,driver name,sobol.csv,driver at rank 7 by sobol_first_order for target terminal_cash
sobol_terminal_cash_rank7_value,0.004276,share of variance,sobol.csv,sobol_first_order at rank 7 for target terminal_cash
sobol_terminal_cash_rank8_driver,acq_pct_of_rev,driver name,sobol.csv,driver at rank 8 by sobol_first_order for target terminal_cash
sobol_terminal_cash_rank8_value,0.003230,share of variance,sobol.csv,sobol_first_order at rank 8 for target terminal_cash
sobol_terminal_cash_rank_sum_first_order,0.766058,share of variance,sobol.csv,sum of sobol_first_order over every driver for target terminal_cash_rank
sobol_terminal_cash_rank_rank1_driver,items_per_unit,driver name,sobol.csv,driver at rank 1 by sobol_first_order for target terminal_cash_rank
sobol_terminal_cash_rank_rank1_value,0.153701,share of variance,sobol.csv,sobol_first_order at rank 1 for target terminal_cash_rank
sobol_terminal_cash_rank_rank2_driver,cac_anchor_usd,driver name,sobol.csv,driver at rank 2 by sobol_first_order for target terminal_cash_rank
sobol_terminal_cash_rank_rank2_value,0.109749,share of variance,sobol.csv,sobol_first_order at rank 2 for target terminal_cash_rank
sobol_terminal_cash_rank_rank3_driver,anchor_u,driver name,sobol.csv,driver at rank 3 by sobol_first_order for target terminal_cash_rank
sobol_terminal_cash_rank_rank3_value,0.102326,share of variance,sobol.csv,sobol_first_order at rank 3 for target terminal_cash_rank
sobol_terminal_cash_rank_rank4_driver,writer_gbp_item,driver name,sobol.csv,driver at rank 4 by sobol_first_order for target terminal_cash_rank
sobol_terminal_cash_rank_rank4_value,0.077215,share of variance,sobol.csv,sobol_first_order at rank 4 for target terminal_cash_rank
sobol_terminal_cash_rank_rank5_driver,minutes_per_item,driver name,sobol.csv,driver at rank 5 by sobol_first_order for target terminal_cash_rank
sobol_terminal_cash_rank_rank5_value,0.071744,share of variance,sobol.csv,sobol_first_order at rank 5 for target terminal_cash_rank
sobol_terminal_cash_rank_rank6_driver,board_reuse,driver name,sobol.csv,driver at rank 6 by sobol_first_order for target terminal_cash_rank
sobol_terminal_cash_rank_rank6_value,0.058234,share of variance,sobol.csv,sobol_first_order at rank 6 for target terminal_cash_rank
sobol_terminal_cash_rank_rank7_driver,examiner_rate_gbp_hr,driver name,sobol.csv,driver at rank 7 by sobol_first_order for target terminal_cash_rank
sobol_terminal_cash_rank_rank7_value,0.037304,share of variance,sobol.csv,sobol_first_order at rank 7 for target terminal_cash_rank
sobol_terminal_cash_rank_rank8_driver,eng_usd_yr,driver name,sobol.csv,driver at rank 8 by sobol_first_order for target terminal_cash_rank
sobol_terminal_cash_rank_rank8_value,0.032770,share of variance,sobol.csv,sobol_first_order at rank 8 for target terminal_cash_rank
sobol_peak_funding_requirement_content_drivers_in_top7,5,count,sobol.csv,how many of the top seven drivers by first-order index for peak_funding_requirement are content-cost drivers
sobol_peak_funding_requirement_acq_drivers_in_top3,1,count,sobol.csv,how many of the top three drivers for peak_funding_requirement are acquisition drivers
sobol_peak_funding_requirement_content_drivers_in_top3,1,count,sobol.csv,how many of the top three drivers for peak_funding_requirement are content-cost drivers
sobol_peak_funding_requirement_rank_of_items_per_unit,1,rank,sobol.csv,the rank of items_per_unit by first-order index for target peak_funding_requirement
sobol_peak_funding_requirement_rank_of_cac_anchor_usd,2,rank,sobol.csv,the rank of cac_anchor_usd by first-order index for target peak_funding_requirement
sobol_peak_funding_requirement_rank_of_anchor_u,3,rank,sobol.csv,the rank of anchor_u by first-order index for target peak_funding_requirement
sobol_peak_funding_requirement_rank_of_writer_gbp_item,4,rank,sobol.csv,the rank of writer_gbp_item by first-order index for target peak_funding_requirement
sobol_peak_funding_requirement_rank_of_minutes_per_item,5,rank,sobol.csv,the rank of minutes_per_item by first-order index for target peak_funding_requirement
sobol_peak_funding_requirement_rank_of_board_reuse,6,rank,sobol.csv,the rank of board_reuse by first-order index for target peak_funding_requirement
sobol_peak_funding_requirement_rank_of_examiner_rate_gbp_hr,7,rank,sobol.csv,the rank of examiner_rate_gbp_hr by first-order index for target peak_funding_requirement
sobol_peak_funding_requirement_rank_of_eng_usd_yr,8,rank,sobol.csv,the rank of eng_usd_yr by first-order index for target peak_funding_requirement
sobol_peak_funding_requirement_rank_of_cac_ref_spend_usd,9,rank,sobol.csv,the rank of cac_ref_spend_usd by first-order index for target peak_funding_requirement
sobol_peak_funding_requirement_rank_of_market_reuse,10,rank,sobol.csv,the rank of market_reuse by first-order index for target peak_funding_requirement
sobol_peak_funding_requirement_rank_of_units_per_content_head,11,rank,sobol.csv,the rank of units_per_content_head by first-order index for target peak_funding_requirement
sobol_peak_funding_requirement_rank_of_reval_frac_yr,12,rank,sobol.csv,the rank of reval_frac_yr by first-order index for target peak_funding_requirement
sobol_peak_funding_requirement_rank_of_churn_base,13,rank,sobol.csv,the rank of churn_base by first-order index for target peak_funding_requirement
sobol_peak_funding_requirement_rank_of_sat_kappa,14,rank,sobol.csv,the rank of sat_kappa by first-order index for target peak_funding_requirement
sobol_peak_funding_requirement_rank_of_price_uk_tut_gbp,15,rank,sobol.csv,the rank of price_uk_tut_gbp by first-order index for target peak_funding_requirement
sobol_peak_funding_requirement_rank_of_eng_ramp_mult,16,rank,sobol.csv,the rank of eng_ramp_mult by first-order index for target peak_funding_requirement
sobol_peak_funding_requirement_rank_of_overhead_mult,17,rank,sobol.csv,the rank of overhead_mult by first-order index for target peak_funding_requirement
sobol_peak_funding_requirement_rank_of_uk_gbp_yr,18,rank,sobol.csv,the rank of uk_gbp_yr by first-order index for target peak_funding_requirement
sobol_peak_funding_requirement_rank_of_creator_share,19,rank,sobol.csv,the rank of creator_share by first-order index for target peak_funding_requirement
sobol_peak_funding_requirement_rank_of_acq_pct_of_rev,20,rank,sobol.csv,the rank of acq_pct_of_rev by first-order index for target peak_funding_requirement
sobol_peak_funding_requirement_rank_of_churn_m1_extra,21,rank,sobol.csv,the rank of churn_m1_extra by first-order index for target peak_funding_requirement
sobol_peak_funding_requirement_rank_of_pool_rel_row,22,rank,sobol.csv,the rank of pool_rel_row by first-order index for target peak_funding_requirement
sobol_peak_funding_requirement_rank_of_sessions_per_hh_month,23,rank,sobol.csv,the rank of sessions_per_hh_month by first-order index for target peak_funding_requirement
sobol_peak_funding_requirement_rank_of_school_win_rate,24,rank,sobol.csv,the rank of school_win_rate by first-order index for target peak_funding_requirement
sobol_peak_funding_requirement_rank_of_price_in_mtok_usd,25,rank,sobol.csv,the rank of price_in_mtok_usd by first-order index for target peak_funding_requirement
sobol_peak_funding_requirement_rank_of_price_drift_yr,26,rank,sobol.csv,the rank of price_drift_yr by first-order index for target peak_funding_requirement
sobol_peak_funding_requirement_rank_of_hosting_hh_usd,27,rank,sobol.csv,the rank of hosting_hh_usd by first-order index for target peak_funding_requirement
sobol_peak_funding_requirement_rank_of_step_uk_rep_usd_yr,28,rank,sobol.csv,the rank of step_uk_rep_usd_yr by first-order index for target peak_funding_requirement
sobol_peak_funding_requirement_rank_of_acq_season_amp,29,rank,sobol.csv,the rank of acq_season_amp by first-order index for target peak_funding_requirement
sobol_peak_funding_requirement_rank_of_price_rel_us,30,rank,sobol.csv,the rank of price_rel_us by first-order index for target peak_funding_requirement
sobol_peak_funding_requirement_rank_of_cac_rel_us,31,rank,sobol.csv,the rank of cac_rel_us by first-order index for target peak_funding_requirement
sobol_peak_funding_requirement_rank_of_school_seats,32,rank,sobol.csv,the rank of school_seats by first-order index for target peak_funding_requirement
sobol_peak_funding_requirement_rank_of_alevel_exit_rate,33,rank,sobol.csv,the rank of alevel_exit_rate by first-order index for target peak_funding_requirement
sobol_peak_funding_requirement_rank_of_us_sales_tax_eff,34,rank,sobol.csv,the rank of us_sales_tax_eff by first-order index for target peak_funding_requirement
sobol_peak_funding_requirement_rank_of_summer_lapse_pre,35,rank,sobol.csv,the rank of summer_lapse_pre by first-order index for target peak_funding_requirement
sobol_peak_funding_requirement_rank_of_pay_pct,36,rank,sobol.csv,the rank of pay_pct by first-order index for target peak_funding_requirement
sobol_peak_funding_requirement_rank_of_progress_continue,37,rank,sobol.csv,the rank of progress_continue by first-order index for target peak_funding_requirement
sobol_peak_funding_requirement_rank_of_shock_sd,38,rank,sobol.csv,the rank of shock_sd by first-order index for target peak_funding_requirement
sobol_peak_funding_requirement_rank_of_price_out_mtok_usd,39,rank,sobol.csv,the rank of price_out_mtok_usd by first-order index for target peak_funding_requirement
sobol_peak_funding_requirement_rank_of_step_cert_setup_usd,40,rank,sobol.csv,the rank of step_cert_setup_usd by first-order index for target peak_funding_requirement
sobol_peak_funding_requirement_rank_of_price_uk_sw_gbp,41,rank,sobol.csv,the rank of price_uk_sw_gbp by first-order index for target peak_funding_requirement
sobol_peak_funding_requirement_rank_of_cac_rel_row,42,rank,sobol.csv,the rank of cac_rel_row by first-order index for target peak_funding_requirement
sobol_peak_funding_requirement_rank_of_pool_uk,43,rank,sobol.csv,the rank of pool_uk by first-order index for target peak_funding_requirement
sobol_peak_funding_requirement_rank_of_turns_per_session,44,rank,sobol.csv,the rank of turns_per_session by first-order index for target peak_funding_requirement
sobol_peak_funding_requirement_rank_of_alevel_continue,45,rank,sobol.csv,the rank of alevel_continue by first-order index for target peak_funding_requirement
sobol_peak_funding_requirement_rank_of_price_rel_row,46,rank,sobol.csv,the rank of price_rel_row by first-order index for target peak_funding_requirement
sobol_peak_funding_requirement_rank_of_acq_launch_ramp,47,rank,sobol.csv,the rank of acq_launch_ramp by first-order index for target peak_funding_requirement
sobol_peak_funding_requirement_rank_of_cac_rel_in,48,rank,sobol.csv,the rank of cac_rel_in by first-order index for target peak_funding_requirement
sobol_peak_funding_requirement_rank_of_support_usd_hr,49,rank,sobol.csv,the rank of support_usd_hr by first-order index for target peak_funding_requirement
sobol_peak_funding_requirement_rank_of_overage_price_frac,50,rank,sobol.csv,the rank of overage_price_frac by first-order index for target peak_funding_requirement
sobol_peak_funding_requirement_rank_of_school_cycle_m,51,rank,sobol.csv,the rank of school_cycle_m by first-order index for target peak_funding_requirement
sobol_peak_funding_requirement_rank_of_step_counsel_market_usd,52,rank,sobol.csv,the rank of step_counsel_market_usd by first-order index for target peak_funding_requirement
sobol_peak_funding_requirement_rank_of_price_rel_in,53,rank,sobol.csv,the rank of price_rel_in by first-order index for target peak_funding_requirement
sobol_peak_funding_requirement_rank_of_sessions_cv,54,rank,sobol.csv,the rank of sessions_cv by first-order index for target peak_funding_requirement
sobol_peak_funding_requirement_rank_of_usage_season_amp,55,rank,sobol.csv,the rank of usage_season_amp by first-order index for target peak_funding_requirement
sobol_peak_funding_requirement_rank_of_exam_carryover,56,rank,sobol.csv,the rank of exam_carryover by first-order index for target peak_funding_requirement
sobol_peak_funding_requirement_rank_of_tok_in_per_turn,57,rank,sobol.csv,the rank of tok_in_per_turn by first-order index for target peak_funding_requirement
sobol_peak_funding_requirement_rank_of_tok_out_per_turn,58,rank,sobol.csv,the rank of tok_out_per_turn by first-order index for target peak_funding_requirement
sobol_peak_funding_requirement_rank_of_verify_overhead,59,rank,sobol.csv,the rank of verify_overhead by first-order index for target peak_funding_requirement
sobol_peak_funding_requirement_rank_of_gate_fire_rate,60,rank,sobol.csv,the rank of gate_fire_rate by first-order index for target peak_funding_requirement
sobol_peak_funding_requirement_rank_of_infer_decline_yr,61,rank,sobol.csv,the rank of infer_decline_yr by first-order index for target peak_funding_requirement
sobol_peak_funding_requirement_rank_of_support_min_hh_month,62,rank,sobol.csv,the rank of support_min_hh_month by first-order index for target peak_funding_requirement
sobol_peak_funding_requirement_rank_of_pay_fixed_usd,63,rank,sobol.csv,the rank of pay_fixed_usd by first-order index for target peak_funding_requirement
sobol_peak_funding_requirement_rank_of_verif_cost_usd,64,rank,sobol.csv,the rank of verif_cost_usd by first-order index for target peak_funding_requirement
sobol_peak_funding_requirement_rank_of_pool_pressure_psi,65,rank,sobol.csv,the rank of pool_pressure_psi by first-order index for target peak_funding_requirement
sobol_peak_funding_requirement_rank_of_creator_cac_rel,66,rank,sobol.csv,the rank of creator_cac_rel by first-order index for target peak_funding_requirement
sobol_peak_funding_requirement_rank_of_pool_rel_us,67,rank,sobol.csv,the rank of pool_rel_us by first-order index for target peak_funding_requirement
sobol_peak_funding_requirement_rank_of_pool_rel_in,68,rank,sobol.csv,the rank of pool_rel_in by first-order index for target peak_funding_requirement
sobol_peak_funding_requirement_rank_of_seg_mix_exam,69,rank,sobol.csv,the rank of seg_mix_exam by first-order index for target peak_funding_requirement
sobol_peak_funding_requirement_rank_of_seg_mix_alevel,70,rank,sobol.csv,the rank of seg_mix_alevel by first-order index for target peak_funding_requirement
sobol_peak_funding_requirement_rank_of_shock_rho,71,rank,sobol.csv,the rank of shock_rho by first-order index for target peak_funding_requirement
sobol_peak_funding_requirement_rank_of_school_gbp_seat_yr,72,rank,sobol.csv,the rank of school_gbp_seat_yr by first-order index for target peak_funding_requirement
sobol_peak_funding_requirement_rank_of_school_rep_pipeline_yr,73,rank,sobol.csv,the rank of school_rep_pipeline_yr by first-order index for target peak_funding_requirement
sobol_peak_funding_requirement_rank_of_school_renewal,74,rank,sobol.csv,the rank of school_renewal by first-order index for target peak_funding_requirement
sobol_peak_funding_requirement_rank_of_step_entity_setup_usd,75,rank,sobol.csv,the rank of step_entity_setup_usd by first-order index for target peak_funding_requirement
sobol_peak_funding_requirement_rank_of_step_entity_annual_usd,76,rank,sobol.csv,the rank of step_entity_annual_usd by first-order index for target peak_funding_requirement
sobol_peak_funding_requirement_rank_of_step_cert_annual_usd,77,rank,sobol.csv,the rank of step_cert_annual_usd by first-order index for target peak_funding_requirement
sobol_peak_funding_requirement_rank_of_step_counsel_initial_usd,78,rank,sobol.csv,the rank of step_counsel_initial_usd by first-order index for target peak_funding_requirement
sobol_peak_funding_requirement_rank_of_step_office_usd_head_yr,79,rank,sobol.csv,the rank of step_office_usd_head_yr by first-order index for target peak_funding_requirement
sobol_peak_funding_requirement_rank_of_step_dpia_audit_usd_yr,80,rank,sobol.csv,the rank of step_dpia_audit_usd_yr by first-order index for target peak_funding_requirement
sobol_reaches_profitability_content_drivers_in_top7,0,count,sobol.csv,how many of the top seven drivers by first-order index for reaches_profitability are content-cost drivers
sobol_reaches_profitability_acq_drivers_in_top3,2,count,sobol.csv,how many of the top three drivers for reaches_profitability are acquisition drivers
sobol_reaches_profitability_content_drivers_in_top3,0,count,sobol.csv,how many of the top three drivers for reaches_profitability are content-cost drivers
sobol_reaches_profitability_rank_of_cac_anchor_usd,1,rank,sobol.csv,the rank of cac_anchor_usd by first-order index for target reaches_profitability
sobol_reaches_profitability_rank_of_anchor_u,2,rank,sobol.csv,the rank of anchor_u by first-order index for target reaches_profitability
sobol_reaches_profitability_rank_of_cac_ref_spend_usd,3,rank,sobol.csv,the rank of cac_ref_spend_usd by first-order index for target reaches_profitability
sobol_reaches_profitability_rank_of_sat_kappa,4,rank,sobol.csv,the rank of sat_kappa by first-order index for target reaches_profitability
sobol_reaches_profitability_rank_of_churn_base,5,rank,sobol.csv,the rank of churn_base by first-order index for target reaches_profitability
sobol_reaches_profitability_rank_of_price_uk_tut_gbp,6,rank,sobol.csv,the rank of price_uk_tut_gbp by first-order index for target reaches_profitability
sobol_reaches_profitability_rank_of_sessions_per_hh_month,7,rank,sobol.csv,the rank of sessions_per_hh_month by first-order index for target reaches_profitability
sobol_reaches_profitability_rank_of_price_drift_yr,8,rank,sobol.csv,the rank of price_drift_yr by first-order index for target reaches_profitability
sobol_reaches_profitability_rank_of_churn_m1_extra,9,rank,sobol.csv,the rank of churn_m1_extra by first-order index for target reaches_profitability
sobol_reaches_profitability_rank_of_creator_share,10,rank,sobol.csv,the rank of creator_share by first-order index for target reaches_profitability
sobol_reaches_profitability_rank_of_cac_rel_us,11,rank,sobol.csv,the rank of cac_rel_us by first-order index for target reaches_profitability
sobol_reaches_profitability_rank_of_acq_pct_of_rev,12,rank,sobol.csv,the rank of acq_pct_of_rev by first-order index for target reaches_profitability
sobol_reaches_profitability_rank_of_creator_cac_rel,13,rank,sobol.csv,the rank of creator_cac_rel by first-order index for target reaches_profitability
sobol_reaches_profitability_rank_of_overage_price_frac,14,rank,sobol.csv,the rank of overage_price_frac by first-order index for target reaches_profitability
sobol_reaches_profitability_rank_of_reval_frac_yr,15,rank,sobol.csv,the rank of reval_frac_yr by first-order index for target reaches_profitability
sobol_reaches_profitability_rank_of_price_rel_us,16,rank,sobol.csv,the rank of price_rel_us by first-order index for target reaches_profitability
sobol_reaches_profitability_rank_of_price_uk_sw_gbp,17,rank,sobol.csv,the rank of price_uk_sw_gbp by first-order index for target reaches_profitability
sobol_reaches_profitability_rank_of_alevel_exit_rate,18,rank,sobol.csv,the rank of alevel_exit_rate by first-order index for target reaches_profitability
sobol_reaches_profitability_rank_of_price_rel_row,19,rank,sobol.csv,the rank of price_rel_row by first-order index for target reaches_profitability
sobol_reaches_profitability_rank_of_eng_usd_yr,20,rank,sobol.csv,the rank of eng_usd_yr by first-order index for target reaches_profitability
sobol_reaches_profitability_rank_of_market_reuse,21,rank,sobol.csv,the rank of market_reuse by first-order index for target reaches_profitability
sobol_reaches_profitability_rank_of_items_per_unit,22,rank,sobol.csv,the rank of items_per_unit by first-order index for target reaches_profitability
sobol_reaches_profitability_rank_of_seg_mix_exam,23,rank,sobol.csv,the rank of seg_mix_exam by first-order index for target reaches_profitability
sobol_reaches_profitability_rank_of_units_per_content_head,24,rank,sobol.csv,the rank of units_per_content_head by first-order index for target reaches_profitability
sobol_reaches_profitability_rank_of_minutes_per_item,25,rank,sobol.csv,the rank of minutes_per_item by first-order index for target reaches_profitability
sobol_reaches_profitability_rank_of_pool_rel_row,26,rank,sobol.csv,the rank of pool_rel_row by first-order index for target reaches_profitability
sobol_reaches_profitability_rank_of_acq_launch_ramp,27,rank,sobol.csv,the rank of acq_launch_ramp by first-order index for target reaches_profitability
sobol_reaches_profitability_rank_of_pool_uk,28,rank,sobol.csv,the rank of pool_uk by first-order index for target reaches_profitability
sobol_reaches_profitability_rank_of_step_cert_setup_usd,29,rank,sobol.csv,the rank of step_cert_setup_usd by first-order index for target reaches_profitability
sobol_reaches_profitability_rank_of_school_win_rate,30,rank,sobol.csv,the rank of school_win_rate by first-order index for target reaches_profitability
sobol_reaches_profitability_rank_of_shock_sd,31,rank,sobol.csv,the rank of shock_sd by first-order index for target reaches_profitability
sobol_reaches_profitability_rank_of_step_uk_rep_usd_yr,32,rank,sobol.csv,the rank of step_uk_rep_usd_yr by first-order index for target reaches_profitability
sobol_reaches_profitability_rank_of_alevel_continue,33,rank,sobol.csv,the rank of alevel_continue by first-order index for target reaches_profitability
sobol_reaches_profitability_rank_of_support_min_hh_month,34,rank,sobol.csv,the rank of support_min_hh_month by first-order index for target reaches_profitability
sobol_reaches_profitability_rank_of_eng_ramp_mult,35,rank,sobol.csv,the rank of eng_ramp_mult by first-order index for target reaches_profitability
sobol_reaches_profitability_rank_of_board_reuse,36,rank,sobol.csv,the rank of board_reuse by first-order index for target reaches_profitability
sobol_reaches_profitability_rank_of_writer_gbp_item,37,rank,sobol.csv,the rank of writer_gbp_item by first-order index for target reaches_profitability
sobol_reaches_profitability_rank_of_pay_fixed_usd,38,rank,sobol.csv,the rank of pay_fixed_usd by first-order index for target reaches_profitability
sobol_reaches_profitability_rank_of_price_out_mtok_usd,39,rank,sobol.csv,the rank of price_out_mtok_usd by first-order index for target reaches_profitability
sobol_reaches_profitability_rank_of_hosting_hh_usd,40,rank,sobol.csv,the rank of hosting_hh_usd by first-order index for target reaches_profitability
sobol_reaches_profitability_rank_of_school_seats,41,rank,sobol.csv,the rank of school_seats by first-order index for target reaches_profitability
sobol_reaches_profitability_rank_of_uk_gbp_yr,42,rank,sobol.csv,the rank of uk_gbp_yr by first-order index for target reaches_profitability
sobol_reaches_profitability_rank_of_exam_carryover,43,rank,sobol.csv,the rank of exam_carryover by first-order index for target reaches_profitability
sobol_reaches_profitability_rank_of_cac_rel_row,44,rank,sobol.csv,the rank of cac_rel_row by first-order index for target reaches_profitability
sobol_reaches_profitability_rank_of_school_rep_pipeline_yr,45,rank,sobol.csv,the rank of school_rep_pipeline_yr by first-order index for target reaches_profitability
sobol_reaches_profitability_rank_of_support_usd_hr,46,rank,sobol.csv,the rank of support_usd_hr by first-order index for target reaches_profitability
sobol_reaches_profitability_rank_of_examiner_rate_gbp_hr,47,rank,sobol.csv,the rank of examiner_rate_gbp_hr by first-order index for target reaches_profitability
sobol_reaches_profitability_rank_of_verif_cost_usd,48,rank,sobol.csv,the rank of verif_cost_usd by first-order index for target reaches_profitability
sobol_reaches_profitability_rank_of_cac_rel_in,49,rank,sobol.csv,the rank of cac_rel_in by first-order index for target reaches_profitability
sobol_reaches_profitability_rank_of_pool_pressure_psi,50,rank,sobol.csv,the rank of pool_pressure_psi by first-order index for target reaches_profitability
sobol_reaches_profitability_rank_of_us_sales_tax_eff,51,rank,sobol.csv,the rank of us_sales_tax_eff by first-order index for target reaches_profitability
sobol_reaches_profitability_rank_of_pool_rel_us,52,rank,sobol.csv,the rank of pool_rel_us by first-order index for target reaches_profitability
sobol_reaches_profitability_rank_of_step_counsel_initial_usd,53,rank,sobol.csv,the rank of step_counsel_initial_usd by first-order index for target reaches_profitability
sobol_reaches_profitability_rank_of_step_entity_annual_usd,54,rank,sobol.csv,the rank of step_entity_annual_usd by first-order index for target reaches_profitability
sobol_reaches_profitability_rank_of_turns_per_session,55,rank,sobol.csv,the rank of turns_per_session by first-order index for target reaches_profitability
sobol_reaches_profitability_rank_of_progress_continue,56,rank,sobol.csv,the rank of progress_continue by first-order index for target reaches_profitability
sobol_reaches_profitability_rank_of_price_rel_in,57,rank,sobol.csv,the rank of price_rel_in by first-order index for target reaches_profitability
sobol_reaches_profitability_rank_of_sessions_cv,58,rank,sobol.csv,the rank of sessions_cv by first-order index for target reaches_profitability
sobol_reaches_profitability_rank_of_usage_season_amp,59,rank,sobol.csv,the rank of usage_season_amp by first-order index for target reaches_profitability
sobol_reaches_profitability_rank_of_summer_lapse_pre,60,rank,sobol.csv,the rank of summer_lapse_pre by first-order index for target reaches_profitability
sobol_reaches_profitability_rank_of_tok_in_per_turn,61,rank,sobol.csv,the rank of tok_in_per_turn by first-order index for target reaches_profitability
sobol_reaches_profitability_rank_of_tok_out_per_turn,62,rank,sobol.csv,the rank of tok_out_per_turn by first-order index for target reaches_profitability
sobol_reaches_profitability_rank_of_price_in_mtok_usd,63,rank,sobol.csv,the rank of price_in_mtok_usd by first-order index for target reaches_profitability
sobol_reaches_profitability_rank_of_verify_overhead,64,rank,sobol.csv,the rank of verify_overhead by first-order index for target reaches_profitability
sobol_reaches_profitability_rank_of_gate_fire_rate,65,rank,sobol.csv,the rank of gate_fire_rate by first-order index for target reaches_profitability
sobol_reaches_profitability_rank_of_infer_decline_yr,66,rank,sobol.csv,the rank of infer_decline_yr by first-order index for target reaches_profitability
sobol_reaches_profitability_rank_of_pay_pct,67,rank,sobol.csv,the rank of pay_pct by first-order index for target reaches_profitability
sobol_reaches_profitability_rank_of_overhead_mult,68,rank,sobol.csv,the rank of overhead_mult by first-order index for target reaches_profitability
sobol_reaches_profitability_rank_of_pool_rel_in,69,rank,sobol.csv,the rank of pool_rel_in by first-order index for target reaches_profitability
sobol_reaches_profitability_rank_of_acq_season_amp,70,rank,sobol.csv,the rank of acq_season_amp by first-order index for target reaches_profitability
sobol_reaches_profitability_rank_of_seg_mix_alevel,71,rank,sobol.csv,the rank of seg_mix_alevel by first-order index for target reaches_profitability
sobol_reaches_profitability_rank_of_shock_rho,72,rank,sobol.csv,the rank of shock_rho by first-order index for target reaches_profitability
sobol_reaches_profitability_rank_of_school_gbp_seat_yr,73,rank,sobol.csv,the rank of school_gbp_seat_yr by first-order index for target reaches_profitability
sobol_reaches_profitability_rank_of_school_renewal,74,rank,sobol.csv,the rank of school_renewal by first-order index for target reaches_profitability
sobol_reaches_profitability_rank_of_school_cycle_m,75,rank,sobol.csv,the rank of school_cycle_m by first-order index for target reaches_profitability
sobol_reaches_profitability_rank_of_step_entity_setup_usd,76,rank,sobol.csv,the rank of step_entity_setup_usd by first-order index for target reaches_profitability
sobol_reaches_profitability_rank_of_step_cert_annual_usd,77,rank,sobol.csv,the rank of step_cert_annual_usd by first-order index for target reaches_profitability
sobol_reaches_profitability_rank_of_step_counsel_market_usd,78,rank,sobol.csv,the rank of step_counsel_market_usd by first-order index for target reaches_profitability
sobol_reaches_profitability_rank_of_step_office_usd_head_yr,79,rank,sobol.csv,the rank of step_office_usd_head_yr by first-order index for target reaches_profitability
sobol_reaches_profitability_rank_of_step_dpia_audit_usd_yr,80,rank,sobol.csv,the rank of step_dpia_audit_usd_yr by first-order index for target reaches_profitability
sobol_terminal_cash_content_drivers_in_top7,0,count,sobol.csv,how many of the top seven drivers by first-order index for terminal_cash are content-cost drivers
sobol_terminal_cash_acq_drivers_in_top3,2,count,sobol.csv,how many of the top three drivers for terminal_cash are acquisition drivers
sobol_terminal_cash_content_drivers_in_top3,0,count,sobol.csv,how many of the top three drivers for terminal_cash are content-cost drivers
sobol_terminal_cash_rank_of_cac_anchor_usd,1,rank,sobol.csv,the rank of cac_anchor_usd by first-order index for target terminal_cash
sobol_terminal_cash_rank_of_sat_kappa,2,rank,sobol.csv,the rank of sat_kappa by first-order index for target terminal_cash
sobol_terminal_cash_rank_of_anchor_u,3,rank,sobol.csv,the rank of anchor_u by first-order index for target terminal_cash
sobol_terminal_cash_rank_of_price_uk_tut_gbp,4,rank,sobol.csv,the rank of price_uk_tut_gbp by first-order index for target terminal_cash
sobol_terminal_cash_rank_of_cac_ref_spend_usd,5,rank,sobol.csv,the rank of cac_ref_spend_usd by first-order index for target terminal_cash
sobol_terminal_cash_rank_of_churn_base,6,rank,sobol.csv,the rank of churn_base by first-order index for target terminal_cash
sobol_terminal_cash_rank_of_pool_uk,7,rank,sobol.csv,the rank of pool_uk by first-order index for target terminal_cash
sobol_terminal_cash_rank_of_acq_pct_of_rev,8,rank,sobol.csv,the rank of acq_pct_of_rev by first-order index for target terminal_cash
sobol_terminal_cash_rank_of_writer_gbp_item,9,rank,sobol.csv,the rank of writer_gbp_item by first-order index for target terminal_cash
sobol_terminal_cash_rank_of_items_per_unit,10,rank,sobol.csv,the rank of items_per_unit by first-order index for target terminal_cash
sobol_terminal_cash_rank_of_sessions_per_hh_month,11,rank,sobol.csv,the rank of sessions_per_hh_month by first-order index for target terminal_cash
sobol_terminal_cash_rank_of_cac_rel_us,12,rank,sobol.csv,the rank of cac_rel_us by first-order index for target terminal_cash
sobol_terminal_cash_rank_of_board_reuse,13,rank,sobol.csv,the rank of board_reuse by first-order index for target terminal_cash
sobol_terminal_cash_rank_of_minutes_per_item,14,rank,sobol.csv,the rank of minutes_per_item by first-order index for target terminal_cash
sobol_terminal_cash_rank_of_creator_share,15,rank,sobol.csv,the rank of creator_share by first-order index for target terminal_cash
sobol_terminal_cash_rank_of_uk_gbp_yr,16,rank,sobol.csv,the rank of uk_gbp_yr by first-order index for target terminal_cash
sobol_terminal_cash_rank_of_price_rel_row,17,rank,sobol.csv,the rank of price_rel_row by first-order index for target terminal_cash
sobol_terminal_cash_rank_of_price_drift_yr,18,rank,sobol.csv,the rank of price_drift_yr by first-order index for target terminal_cash
sobol_terminal_cash_rank_of_step_entity_setup_usd,19,rank,sobol.csv,the rank of step_entity_setup_usd by first-order index for target terminal_cash
sobol_terminal_cash_rank_of_step_counsel_initial_usd,20,rank,sobol.csv,the rank of step_counsel_initial_usd by first-order index for target terminal_cash
sobol_terminal_cash_rank_of_acq_launch_ramp,21,rank,sobol.csv,the rank of acq_launch_ramp by first-order index for target terminal_cash
sobol_terminal_cash_rank_of_pool_rel_in,22,rank,sobol.csv,the rank of pool_rel_in by first-order index for target terminal_cash
sobol_terminal_cash_rank_of_price_in_mtok_usd,23,rank,sobol.csv,the rank of price_in_mtok_usd by first-order index for target terminal_cash
sobol_terminal_cash_rank_of_pool_pressure_psi,24,rank,sobol.csv,the rank of pool_pressure_psi by first-order index for target terminal_cash
sobol_terminal_cash_rank_of_pool_rel_row,25,rank,sobol.csv,the rank of pool_rel_row by first-order index for target terminal_cash
sobol_terminal_cash_rank_of_sessions_cv,26,rank,sobol.csv,the rank of sessions_cv by first-order index for target terminal_cash
sobol_terminal_cash_rank_of_churn_m1_extra,27,rank,sobol.csv,the rank of churn_m1_extra by first-order index for target terminal_cash
sobol_terminal_cash_rank_of_step_cert_setup_usd,28,rank,sobol.csv,the rank of step_cert_setup_usd by first-order index for target terminal_cash
sobol_terminal_cash_rank_of_school_renewal,29,rank,sobol.csv,the rank of school_renewal by first-order index for target terminal_cash
sobol_terminal_cash_rank_of_eng_ramp_mult,30,rank,sobol.csv,the rank of eng_ramp_mult by first-order index for target terminal_cash
sobol_terminal_cash_rank_of_acq_season_amp,31,rank,sobol.csv,the rank of acq_season_amp by first-order index for target terminal_cash
sobol_terminal_cash_rank_of_pay_fixed_usd,32,rank,sobol.csv,the rank of pay_fixed_usd by first-order index for target terminal_cash
sobol_terminal_cash_rank_of_market_reuse,33,rank,sobol.csv,the rank of market_reuse by first-order index for target terminal_cash
sobol_terminal_cash_rank_of_step_uk_rep_usd_yr,34,rank,sobol.csv,the rank of step_uk_rep_usd_yr by first-order index for target terminal_cash
sobol_terminal_cash_rank_of_pool_rel_us,35,rank,sobol.csv,the rank of pool_rel_us by first-order index for target terminal_cash
sobol_terminal_cash_rank_of_examiner_rate_gbp_hr,36,rank,sobol.csv,the rank of examiner_rate_gbp_hr by first-order index for target terminal_cash
sobol_terminal_cash_rank_of_overage_price_frac,37,rank,sobol.csv,the rank of overage_price_frac by first-order index for target terminal_cash
sobol_terminal_cash_rank_of_step_dpia_audit_usd_yr,38,rank,sobol.csv,the rank of step_dpia_audit_usd_yr by first-order index for target terminal_cash
sobol_terminal_cash_rank_of_eng_usd_yr,39,rank,sobol.csv,the rank of eng_usd_yr by first-order index for target terminal_cash
sobol_terminal_cash_rank_of_units_per_content_head,40,rank,sobol.csv,the rank of units_per_content_head by first-order index for target terminal_cash
sobol_terminal_cash_rank_of_alevel_exit_rate,41,rank,sobol.csv,the rank of alevel_exit_rate by first-order index for target terminal_cash
sobol_terminal_cash_rank_of_reval_frac_yr,42,rank,sobol.csv,the rank of reval_frac_yr by first-order index for target terminal_cash
sobol_terminal_cash_rank_of_cac_rel_row,43,rank,sobol.csv,the rank of cac_rel_row by first-order index for target terminal_cash
sobol_terminal_cash_rank_of_price_rel_us,44,rank,sobol.csv,the rank of price_rel_us by first-order index for target terminal_cash
sobol_terminal_cash_rank_of_school_win_rate,45,rank,sobol.csv,the rank of school_win_rate by first-order index for target terminal_cash
sobol_terminal_cash_rank_of_shock_sd,46,rank,sobol.csv,the rank of shock_sd by first-order index for target terminal_cash
sobol_terminal_cash_rank_of_school_seats,47,rank,sobol.csv,the rank of school_seats by first-order index for target terminal_cash
sobol_terminal_cash_rank_of_gate_fire_rate,48,rank,sobol.csv,the rank of gate_fire_rate by first-order index for target terminal_cash
sobol_terminal_cash_rank_of_price_uk_sw_gbp,49,rank,sobol.csv,the rank of price_uk_sw_gbp by first-order index for target terminal_cash
sobol_terminal_cash_rank_of_price_rel_in,50,rank,sobol.csv,the rank of price_rel_in by first-order index for target terminal_cash
sobol_terminal_cash_rank_of_usage_season_amp,51,rank,sobol.csv,the rank of usage_season_amp by first-order index for target terminal_cash
sobol_terminal_cash_rank_of_summer_lapse_pre,52,rank,sobol.csv,the rank of summer_lapse_pre by first-order index for target terminal_cash
sobol_terminal_cash_rank_of_progress_continue,53,rank,sobol.csv,the rank of progress_continue by first-order index for target terminal_cash
sobol_terminal_cash_rank_of_alevel_continue,54,rank,sobol.csv,the rank of alevel_continue by first-order index for target terminal_cash
sobol_terminal_cash_rank_of_exam_carryover,55,rank,sobol.csv,the rank of exam_carryover by first-order index for target terminal_cash
sobol_terminal_cash_rank_of_turns_per_session,56,rank,sobol.csv,the rank of turns_per_session by first-order index for target terminal_cash
sobol_terminal_cash_rank_of_tok_in_per_turn,57,rank,sobol.csv,the rank of tok_in_per_turn by first-order index for target terminal_cash
sobol_terminal_cash_rank_of_tok_out_per_turn,58,rank,sobol.csv,the rank of tok_out_per_turn by first-order index for target terminal_cash
sobol_terminal_cash_rank_of_price_out_mtok_usd,59,rank,sobol.csv,the rank of price_out_mtok_usd by first-order index for target terminal_cash
sobol_terminal_cash_rank_of_verify_overhead,60,rank,sobol.csv,the rank of verify_overhead by first-order index for target terminal_cash
sobol_terminal_cash_rank_of_infer_decline_yr,61,rank,sobol.csv,the rank of infer_decline_yr by first-order index for target terminal_cash
sobol_terminal_cash_rank_of_support_min_hh_month,62,rank,sobol.csv,the rank of support_min_hh_month by first-order index for target terminal_cash
sobol_terminal_cash_rank_of_support_usd_hr,63,rank,sobol.csv,the rank of support_usd_hr by first-order index for target terminal_cash
sobol_terminal_cash_rank_of_pay_pct,64,rank,sobol.csv,the rank of pay_pct by first-order index for target terminal_cash
sobol_terminal_cash_rank_of_hosting_hh_usd,65,rank,sobol.csv,the rank of hosting_hh_usd by first-order index for target terminal_cash
sobol_terminal_cash_rank_of_verif_cost_usd,66,rank,sobol.csv,the rank of verif_cost_usd by first-order index for target terminal_cash
sobol_terminal_cash_rank_of_overhead_mult,67,rank,sobol.csv,the rank of overhead_mult by first-order index for target terminal_cash
sobol_terminal_cash_rank_of_cac_rel_in,68,rank,sobol.csv,the rank of cac_rel_in by first-order index for target terminal_cash
sobol_terminal_cash_rank_of_creator_cac_rel,69,rank,sobol.csv,the rank of creator_cac_rel by first-order index for target terminal_cash
sobol_terminal_cash_rank_of_seg_mix_exam,70,rank,sobol.csv,the rank of seg_mix_exam by first-order index for target terminal_cash
sobol_terminal_cash_rank_of_seg_mix_alevel,71,rank,sobol.csv,the rank of seg_mix_alevel by first-order index for target terminal_cash
sobol_terminal_cash_rank_of_shock_rho,72,rank,sobol.csv,the rank of shock_rho by first-order index for target terminal_cash
sobol_terminal_cash_rank_of_school_gbp_seat_yr,73,rank,sobol.csv,the rank of school_gbp_seat_yr by first-order index for target terminal_cash
sobol_terminal_cash_rank_of_school_rep_pipeline_yr,74,rank,sobol.csv,the rank of school_rep_pipeline_yr by first-order index for target terminal_cash
sobol_terminal_cash_rank_of_school_cycle_m,75,rank,sobol.csv,the rank of school_cycle_m by first-order index for target terminal_cash
sobol_terminal_cash_rank_of_us_sales_tax_eff,76,rank,sobol.csv,the rank of us_sales_tax_eff by first-order index for target terminal_cash
sobol_terminal_cash_rank_of_step_entity_annual_usd,77,rank,sobol.csv,the rank of step_entity_annual_usd by first-order index for target terminal_cash
sobol_terminal_cash_rank_of_step_cert_annual_usd,78,rank,sobol.csv,the rank of step_cert_annual_usd by first-order index for target terminal_cash
sobol_terminal_cash_rank_of_step_counsel_market_usd,79,rank,sobol.csv,the rank of step_counsel_market_usd by first-order index for target terminal_cash
sobol_terminal_cash_rank_of_step_office_usd_head_yr,80,rank,sobol.csv,the rank of step_office_usd_head_yr by first-order index for target terminal_cash
sobol_terminal_cash_rank_content_drivers_in_top7,5,count,sobol.csv,how many of the top seven drivers by first-order index for terminal_cash_rank are content-cost drivers
sobol_terminal_cash_rank_acq_drivers_in_top3,1,count,sobol.csv,how many of the top three drivers for terminal_cash_rank are acquisition drivers
sobol_terminal_cash_rank_content_drivers_in_top3,1,count,sobol.csv,how many of the top three drivers for terminal_cash_rank are content-cost drivers
sobol_terminal_cash_rank_rank_of_items_per_unit,1,rank,sobol.csv,the rank of items_per_unit by first-order index for target terminal_cash_rank
sobol_terminal_cash_rank_rank_of_cac_anchor_usd,2,rank,sobol.csv,the rank of cac_anchor_usd by first-order index for target terminal_cash_rank
sobol_terminal_cash_rank_rank_of_anchor_u,3,rank,sobol.csv,the rank of anchor_u by first-order index for target terminal_cash_rank
sobol_terminal_cash_rank_rank_of_writer_gbp_item,4,rank,sobol.csv,the rank of writer_gbp_item by first-order index for target terminal_cash_rank
sobol_terminal_cash_rank_rank_of_minutes_per_item,5,rank,sobol.csv,the rank of minutes_per_item by first-order index for target terminal_cash_rank
sobol_terminal_cash_rank_rank_of_board_reuse,6,rank,sobol.csv,the rank of board_reuse by first-order index for target terminal_cash_rank
sobol_terminal_cash_rank_rank_of_examiner_rate_gbp_hr,7,rank,sobol.csv,the rank of examiner_rate_gbp_hr by first-order index for target terminal_cash_rank
sobol_terminal_cash_rank_rank_of_eng_usd_yr,8,rank,sobol.csv,the rank of eng_usd_yr by first-order index for target terminal_cash_rank
sobol_terminal_cash_rank_rank_of_cac_ref_spend_usd,9,rank,sobol.csv,the rank of cac_ref_spend_usd by first-order index for target terminal_cash_rank
sobol_terminal_cash_rank_rank_of_market_reuse,10,rank,sobol.csv,the rank of market_reuse by first-order index for target terminal_cash_rank
sobol_terminal_cash_rank_rank_of_units_per_content_head,11,rank,sobol.csv,the rank of units_per_content_head by first-order index for target terminal_cash_rank
sobol_terminal_cash_rank_rank_of_reval_frac_yr,12,rank,sobol.csv,the rank of reval_frac_yr by first-order index for target terminal_cash_rank
sobol_terminal_cash_rank_rank_of_churn_base,13,rank,sobol.csv,the rank of churn_base by first-order index for target terminal_cash_rank
sobol_terminal_cash_rank_rank_of_sat_kappa,14,rank,sobol.csv,the rank of sat_kappa by first-order index for target terminal_cash_rank
sobol_terminal_cash_rank_rank_of_eng_ramp_mult,15,rank,sobol.csv,the rank of eng_ramp_mult by first-order index for target terminal_cash_rank
sobol_terminal_cash_rank_rank_of_price_uk_tut_gbp,16,rank,sobol.csv,the rank of price_uk_tut_gbp by first-order index for target terminal_cash_rank
sobol_terminal_cash_rank_rank_of_overhead_mult,17,rank,sobol.csv,the rank of overhead_mult by first-order index for target terminal_cash_rank
sobol_terminal_cash_rank_rank_of_uk_gbp_yr,18,rank,sobol.csv,the rank of uk_gbp_yr by first-order index for target terminal_cash_rank
sobol_terminal_cash_rank_rank_of_creator_share,19,rank,sobol.csv,the rank of creator_share by first-order index for target terminal_cash_rank
sobol_terminal_cash_rank_rank_of_price_drift_yr,20,rank,sobol.csv,the rank of price_drift_yr by first-order index for target terminal_cash_rank
sobol_terminal_cash_rank_rank_of_pool_rel_row,21,rank,sobol.csv,the rank of pool_rel_row by first-order index for target terminal_cash_rank
sobol_terminal_cash_rank_rank_of_churn_m1_extra,22,rank,sobol.csv,the rank of churn_m1_extra by first-order index for target terminal_cash_rank
sobol_terminal_cash_rank_rank_of_acq_pct_of_rev,23,rank,sobol.csv,the rank of acq_pct_of_rev by first-order index for target terminal_cash_rank
sobol_terminal_cash_rank_rank_of_cac_rel_us,24,rank,sobol.csv,the rank of cac_rel_us by first-order index for target terminal_cash_rank
sobol_terminal_cash_rank_rank_of_sessions_per_hh_month,25,rank,sobol.csv,the rank of sessions_per_hh_month by first-order index for target terminal_cash_rank
sobol_terminal_cash_rank_rank_of_price_rel_us,26,rank,sobol.csv,the rank of price_rel_us by first-order index for target terminal_cash_rank
sobol_terminal_cash_rank_rank_of_alevel_exit_rate,27,rank,sobol.csv,the rank of alevel_exit_rate by first-order index for target terminal_cash_rank
sobol_terminal_cash_rank_rank_of_price_in_mtok_usd,28,rank,sobol.csv,the rank of price_in_mtok_usd by first-order index for target terminal_cash_rank
sobol_terminal_cash_rank_rank_of_summer_lapse_pre,29,rank,sobol.csv,the rank of summer_lapse_pre by first-order index for target terminal_cash_rank
sobol_terminal_cash_rank_rank_of_step_uk_rep_usd_yr,30,rank,sobol.csv,the rank of step_uk_rep_usd_yr by first-order index for target terminal_cash_rank
sobol_terminal_cash_rank_rank_of_school_win_rate,31,rank,sobol.csv,the rank of school_win_rate by first-order index for target terminal_cash_rank
sobol_terminal_cash_rank_rank_of_hosting_hh_usd,32,rank,sobol.csv,the rank of hosting_hh_usd by first-order index for target terminal_cash_rank
sobol_terminal_cash_rank_rank_of_shock_sd,33,rank,sobol.csv,the rank of shock_sd by first-order index for target terminal_cash_rank
sobol_terminal_cash_rank_rank_of_price_out_mtok_usd,34,rank,sobol.csv,the rank of price_out_mtok_usd by first-order index for target terminal_cash_rank
sobol_terminal_cash_rank_rank_of_cac_rel_row,35,rank,sobol.csv,the rank of cac_rel_row by first-order index for target terminal_cash_rank
sobol_terminal_cash_rank_rank_of_pay_pct,36,rank,sobol.csv,the rank of pay_pct by first-order index for target terminal_cash_rank
sobol_terminal_cash_rank_rank_of_school_seats,37,rank,sobol.csv,the rank of school_seats by first-order index for target terminal_cash_rank
sobol_terminal_cash_rank_rank_of_acq_season_amp,38,rank,sobol.csv,the rank of acq_season_amp by first-order index for target terminal_cash_rank
sobol_terminal_cash_rank_rank_of_progress_continue,39,rank,sobol.csv,the rank of progress_continue by first-order index for target terminal_cash_rank
sobol_terminal_cash_rank_rank_of_us_sales_tax_eff,40,rank,sobol.csv,the rank of us_sales_tax_eff by first-order index for target terminal_cash_rank
sobol_terminal_cash_rank_rank_of_price_uk_sw_gbp,41,rank,sobol.csv,the rank of price_uk_sw_gbp by first-order index for target terminal_cash_rank
sobol_terminal_cash_rank_rank_of_alevel_continue,42,rank,sobol.csv,the rank of alevel_continue by first-order index for target terminal_cash_rank
sobol_terminal_cash_rank_rank_of_pool_uk,43,rank,sobol.csv,the rank of pool_uk by first-order index for target terminal_cash_rank
sobol_terminal_cash_rank_rank_of_school_renewal,44,rank,sobol.csv,the rank of school_renewal by first-order index for target terminal_cash_rank
sobol_terminal_cash_rank_rank_of_step_cert_setup_usd,45,rank,sobol.csv,the rank of step_cert_setup_usd by first-order index for target terminal_cash_rank
sobol_terminal_cash_rank_rank_of_price_rel_row,46,rank,sobol.csv,the rank of price_rel_row by first-order index for target terminal_cash_rank
sobol_terminal_cash_rank_rank_of_seg_mix_alevel,47,rank,sobol.csv,the rank of seg_mix_alevel by first-order index for target terminal_cash_rank
sobol_terminal_cash_rank_rank_of_verif_cost_usd,48,rank,sobol.csv,the rank of verif_cost_usd by first-order index for target terminal_cash_rank
sobol_terminal_cash_rank_rank_of_turns_per_session,49,rank,sobol.csv,the rank of turns_per_session by first-order index for target terminal_cash_rank
sobol_terminal_cash_rank_rank_of_exam_carryover,50,rank,sobol.csv,the rank of exam_carryover by first-order index for target terminal_cash_rank
sobol_terminal_cash_rank_rank_of_overage_price_frac,51,rank,sobol.csv,the rank of overage_price_frac by first-order index for target terminal_cash_rank
sobol_terminal_cash_rank_rank_of_creator_cac_rel,52,rank,sobol.csv,the rank of creator_cac_rel by first-order index for target terminal_cash_rank
sobol_terminal_cash_rank_rank_of_support_usd_hr,53,rank,sobol.csv,the rank of support_usd_hr by first-order index for target terminal_cash_rank
sobol_terminal_cash_rank_rank_of_acq_launch_ramp,54,rank,sobol.csv,the rank of acq_launch_ramp by first-order index for target terminal_cash_rank
sobol_terminal_cash_rank_rank_of_step_counsel_initial_usd,55,rank,sobol.csv,the rank of step_counsel_initial_usd by first-order index for target terminal_cash_rank
sobol_terminal_cash_rank_rank_of_price_rel_in,56,rank,sobol.csv,the rank of price_rel_in by first-order index for target terminal_cash_rank
sobol_terminal_cash_rank_rank_of_sessions_cv,57,rank,sobol.csv,the rank of sessions_cv by first-order index for target terminal_cash_rank
sobol_terminal_cash_rank_rank_of_usage_season_amp,58,rank,sobol.csv,the rank of usage_season_amp by first-order index for target terminal_cash_rank
sobol_terminal_cash_rank_rank_of_tok_in_per_turn,59,rank,sobol.csv,the rank of tok_in_per_turn by first-order index for target terminal_cash_rank
sobol_terminal_cash_rank_rank_of_tok_out_per_turn,60,rank,sobol.csv,the rank of tok_out_per_turn by first-order index for target terminal_cash_rank
sobol_terminal_cash_rank_rank_of_verify_overhead,61,rank,sobol.csv,the rank of verify_overhead by first-order index for target terminal_cash_rank
sobol_terminal_cash_rank_rank_of_gate_fire_rate,62,rank,sobol.csv,the rank of gate_fire_rate by first-order index for target terminal_cash_rank
sobol_terminal_cash_rank_rank_of_infer_decline_yr,63,rank,sobol.csv,the rank of infer_decline_yr by first-order index for target terminal_cash_rank
sobol_terminal_cash_rank_rank_of_support_min_hh_month,64,rank,sobol.csv,the rank of support_min_hh_month by first-order index for target terminal_cash_rank
sobol_terminal_cash_rank_rank_of_pay_fixed_usd,65,rank,sobol.csv,the rank of pay_fixed_usd by first-order index for target terminal_cash_rank
sobol_terminal_cash_rank_rank_of_cac_rel_in,66,rank,sobol.csv,the rank of cac_rel_in by first-order index for target terminal_cash_rank
sobol_terminal_cash_rank_rank_of_pool_pressure_psi,67,rank,sobol.csv,the rank of pool_pressure_psi by first-order index for target terminal_cash_rank
sobol_terminal_cash_rank_rank_of_pool_rel_us,68,rank,sobol.csv,the rank of pool_rel_us by first-order index for target terminal_cash_rank
sobol_terminal_cash_rank_rank_of_pool_rel_in,69,rank,sobol.csv,the rank of pool_rel_in by first-order index for target terminal_cash_rank
sobol_terminal_cash_rank_rank_of_seg_mix_exam,70,rank,sobol.csv,the rank of seg_mix_exam by first-order index for target terminal_cash_rank
sobol_terminal_cash_rank_rank_of_shock_rho,71,rank,sobol.csv,the rank of shock_rho by first-order index for target terminal_cash_rank
sobol_terminal_cash_rank_rank_of_school_gbp_seat_yr,72,rank,sobol.csv,the rank of school_gbp_seat_yr by first-order index for target terminal_cash_rank
sobol_terminal_cash_rank_rank_of_school_rep_pipeline_yr,73,rank,sobol.csv,the rank of school_rep_pipeline_yr by first-order index for target terminal_cash_rank
sobol_terminal_cash_rank_rank_of_school_cycle_m,74,rank,sobol.csv,the rank of school_cycle_m by first-order index for target terminal_cash_rank
sobol_terminal_cash_rank_rank_of_step_entity_setup_usd,75,rank,sobol.csv,the rank of step_entity_setup_usd by first-order index for target terminal_cash_rank
sobol_terminal_cash_rank_rank_of_step_entity_annual_usd,76,rank,sobol.csv,the rank of step_entity_annual_usd by first-order index for target terminal_cash_rank
sobol_terminal_cash_rank_rank_of_step_cert_annual_usd,77,rank,sobol.csv,the rank of step_cert_annual_usd by first-order index for target terminal_cash_rank
sobol_terminal_cash_rank_rank_of_step_counsel_market_usd,78,rank,sobol.csv,the rank of step_counsel_market_usd by first-order index for target terminal_cash_rank
sobol_terminal_cash_rank_rank_of_step_office_usd_head_yr,79,rank,sobol.csv,the rank of step_office_usd_head_yr by first-order index for target terminal_cash_rank
sobol_terminal_cash_rank_rank_of_step_dpia_audit_usd_yr,80,rank,sobol.csv,the rank of step_dpia_audit_usd_yr by first-order index for target terminal_cash_rank
pinned_anchor_u_terminal_cash_q5,5719391.402258,USD,pinned_sweeps.csv,terminal_cash_mean at pin_quantile 5 for anchor_u
pinned_anchor_u_terminal_cash_q95,-23388433.275426,USD,pinned_sweeps.csv,terminal_cash_mean at pin_quantile 95 for anchor_u
pinned_anchor_u_swing,-29107824.677684,USD,pinned_sweeps.csv,terminal_cash_mean at q95 less terminal_cash_mean at q5 for anchor_u
pinned_anchor_u_swing_abs,29107824.677684,USD,pinned_sweeps.csv,absolute value of that swing
pinned_board_reuse_terminal_cash_q5,-13109630.738822,USD,pinned_sweeps.csv,terminal_cash_mean at pin_quantile 5 for board_reuse
pinned_board_reuse_terminal_cash_q95,-4285354.470339,USD,pinned_sweeps.csv,terminal_cash_mean at pin_quantile 95 for board_reuse
pinned_board_reuse_swing,8824276.268483,USD,pinned_sweeps.csv,terminal_cash_mean at q95 less terminal_cash_mean at q5 for board_reuse
pinned_board_reuse_swing_abs,8824276.268483,USD,pinned_sweeps.csv,absolute value of that swing
pinned_cac_anchor_usd_terminal_cash_q5,37463668.035328,USD,pinned_sweeps.csv,terminal_cash_mean at pin_quantile 5 for cac_anchor_usd
pinned_cac_anchor_usd_terminal_cash_q95,-24229859.564185,USD,pinned_sweeps.csv,terminal_cash_mean at pin_quantile 95 for cac_anchor_usd
pinned_cac_anchor_usd_swing,-61693527.599513,USD,pinned_sweeps.csv,terminal_cash_mean at q95 less terminal_cash_mean at q5 for cac_anchor_usd
pinned_cac_anchor_usd_swing_abs,61693527.599513,USD,pinned_sweeps.csv,absolute value of that swing
pinned_items_per_unit_terminal_cash_q5,-1904548.206485,USD,pinned_sweeps.csv,terminal_cash_mean at pin_quantile 5 for items_per_unit
pinned_items_per_unit_terminal_cash_q95,-15430111.271677,USD,pinned_sweeps.csv,terminal_cash_mean at pin_quantile 95 for items_per_unit
pinned_items_per_unit_swing,-13525563.065192,USD,pinned_sweeps.csv,terminal_cash_mean at q95 less terminal_cash_mean at q5 for items_per_unit
pinned_items_per_unit_swing_abs,13525563.065192,USD,pinned_sweeps.csv,absolute value of that swing
pinned_minutes_per_item_terminal_cash_q5,-3790431.535022,USD,pinned_sweeps.csv,terminal_cash_mean at pin_quantile 5 for minutes_per_item
pinned_minutes_per_item_terminal_cash_q95,-13577961.355175,USD,pinned_sweeps.csv,terminal_cash_mean at pin_quantile 95 for minutes_per_item
pinned_minutes_per_item_swing,-9787529.820153,USD,pinned_sweeps.csv,terminal_cash_mean at q95 less terminal_cash_mean at q5 for minutes_per_item
pinned_minutes_per_item_swing_abs,9787529.820153,USD,pinned_sweeps.csv,absolute value of that swing
pinned_writer_gbp_item_terminal_cash_q5,-4014722.428049,USD,pinned_sweeps.csv,terminal_cash_mean at pin_quantile 5 for writer_gbp_item
pinned_writer_gbp_item_terminal_cash_q95,-13311543.168626,USD,pinned_sweeps.csv,terminal_cash_mean at pin_quantile 95 for writer_gbp_item
pinned_writer_gbp_item_swing,-9296820.740577,USD,pinned_sweeps.csv,terminal_cash_mean at q95 less terminal_cash_mean at q5 for writer_gbp_item
pinned_writer_gbp_item_swing_abs,9296820.740577,USD,pinned_sweeps.csv,absolute value of that swing
twoway_driver1,items_per_unit,driver name,twoway_grid.csv,the driver1 column
twoway_driver2,cac_anchor_usd,driver name,twoway_grid.csv,the driver2 column
twoway_best_terminal_cash_mean,31972572.117168,USD,twoway_grid.csv,maximum of terminal_cash_mean over the grid
twoway_worst_terminal_cash_mean,-30143226.308227,USD,twoway_grid.csv,minimum of terminal_cash_mean over the grid
twoway_range,62115798.425395,USD,twoway_grid.csv,that maximum less that minimum
breakeven_plan_of_record_pool_uk_terminal_cash_median_status,not bracketed by the prior range,text,breakeven.csv,the status column
breakeven_plan_of_record_pool_uk_terminal_cash_median_prior_median,219049.577965,driver units,breakeven.csv,the prior_median column
breakeven_plan_of_record_pool_uk_peak_funding_p80_status,not bracketed by the prior range,text,breakeven.csv,the status column
breakeven_plan_of_record_pool_uk_peak_funding_p80_prior_median,219049.577965,driver units,breakeven.csv,the prior_median column
breakeven_plan_of_record_cac_anchor_usd_terminal_cash_median_status,not bracketed by the prior range,text,breakeven.csv,the status column
breakeven_plan_of_record_cac_anchor_usd_terminal_cash_median_prior_median,32.263315,driver units,breakeven.csv,the prior_median column
breakeven_plan_of_record_cac_anchor_usd_peak_funding_p80_status,not bracketed by the prior range,text,breakeven.csv,the status column
breakeven_plan_of_record_cac_anchor_usd_peak_funding_p80_prior_median,32.263315,driver units,breakeven.csv,the prior_median column
breakeven_plan_of_record_verif_cost_usd_terminal_cash_median_status,not bracketed by the prior range,text,breakeven.csv,the status column
breakeven_plan_of_record_verif_cost_usd_terminal_cash_median_prior_median,0.929795,driver units,breakeven.csv,the prior_median column
breakeven_plan_of_record_minutes_per_item_terminal_cash_median_status,not bracketed by the prior range,text,breakeven.csv,the status column
breakeven_plan_of_record_minutes_per_item_terminal_cash_median_prior_median,17.035431,driver units,breakeven.csv,the prior_median column
breakeven_plan_of_record_items_per_unit_terminal_cash_median_status,not bracketed by the prior range,text,breakeven.csv,the status column
breakeven_plan_of_record_items_per_unit_terminal_cash_median_prior_median,3902.370574,driver units,breakeven.csv,the prior_median column
breakeven_plan_of_record_sessions_per_hh_month_terminal_cash_median_status,not bracketed by the prior range,text,breakeven.csv,the status column
breakeven_plan_of_record_sessions_per_hh_month_terminal_cash_median_prior_median,10.724003,driver units,breakeven.csv,the prior_median column
breakeven_plan_of_record_churn_base_terminal_cash_median_status,not bracketed by the prior range,text,breakeven.csv,the status column
breakeven_plan_of_record_churn_base_terminal_cash_median_prior_median,0.104764,driver units,breakeven.csv,the prior_median column
breakeven_plan_of_record_price_uk_tut_gbp_terminal_cash_median_status,not bracketed by the prior range,text,breakeven.csv,the status column
breakeven_plan_of_record_price_uk_tut_gbp_terminal_cash_median_prior_median,25.209647,driver units,breakeven.csv,the prior_median column
breakeven_plan_of_record_cac_anchor_usd_share_reaching_profitability,9.892885,driver units,breakeven.csv,bisection on a pinned cac_anchor_usd against share_reaching_profitability = 0.500000
breakeven_plan_of_record_cac_anchor_usd_share_reaching_profitability_prior_median,32.263315,driver units,breakeven.csv,the prior_median column
breakeven_plan_of_record_price_uk_tut_gbp_share_reaching_profitability,38.882812,driver units,breakeven.csv,bisection on a pinned price_uk_tut_gbp against share_reaching_profitability = 0.500000
breakeven_plan_of_record_price_uk_tut_gbp_share_reaching_profitability_prior_median,25.209647,driver units,breakeven.csv,the prior_median column
breakeven_gtm_minimum_uk_one_board_pool_uk_terminal_cash_median_status,not bracketed by the prior range,text,breakeven.csv,the status column
breakeven_gtm_minimum_uk_one_board_pool_uk_terminal_cash_median_prior_median,219049.577965,driver units,breakeven.csv,the prior_median column
breakeven_gtm_minimum_uk_one_board_pool_uk_peak_funding_p80_status,not bracketed by the prior range,text,breakeven.csv,the status column
breakeven_gtm_minimum_uk_one_board_pool_uk_peak_funding_p80_prior_median,219049.577965,driver units,breakeven.csv,the prior_median column
breakeven_gtm_minimum_uk_one_board_cac_anchor_usd_terminal_cash_median_status,not bracketed by the prior range,text,breakeven.csv,the status column
breakeven_gtm_minimum_uk_one_board_cac_anchor_usd_terminal_cash_median_prior_median,32.263315,driver units,breakeven.csv,the prior_median column
breakeven_gtm_minimum_uk_one_board_cac_anchor_usd_peak_funding_p80_status,not bracketed by the prior range,text,breakeven.csv,the status column
breakeven_gtm_minimum_uk_one_board_cac_anchor_usd_peak_funding_p80_prior_median,32.263315,driver units,breakeven.csv,the prior_median column
breakeven_gtm_minimum_uk_one_board_verif_cost_usd_terminal_cash_median_status,not bracketed by the prior range,text,breakeven.csv,the status column
breakeven_gtm_minimum_uk_one_board_verif_cost_usd_terminal_cash_median_prior_median,0.929795,driver units,breakeven.csv,the prior_median column
breakeven_gtm_minimum_uk_one_board_minutes_per_item_terminal_cash_median_status,not bracketed by the prior range,text,breakeven.csv,the status column
breakeven_gtm_minimum_uk_one_board_minutes_per_item_terminal_cash_median_prior_median,17.035431,driver units,breakeven.csv,the prior_median column
breakeven_gtm_minimum_uk_one_board_items_per_unit_terminal_cash_median_status,not bracketed by the prior range,text,breakeven.csv,the status column
breakeven_gtm_minimum_uk_one_board_items_per_unit_terminal_cash_median_prior_median,3902.370574,driver units,breakeven.csv,the prior_median column
breakeven_gtm_minimum_uk_one_board_sessions_per_hh_month_terminal_cash_median_status,not bracketed by the prior range,text,breakeven.csv,the status column
breakeven_gtm_minimum_uk_one_board_sessions_per_hh_month_terminal_cash_median_prior_median,10.724003,driver units,breakeven.csv,the prior_median column
breakeven_gtm_minimum_uk_one_board_churn_base_terminal_cash_median_status,not bracketed by the prior range,text,breakeven.csv,the status column
breakeven_gtm_minimum_uk_one_board_churn_base_terminal_cash_median_prior_median,0.104764,driver units,breakeven.csv,the prior_median column
breakeven_gtm_minimum_uk_one_board_price_uk_tut_gbp_terminal_cash_median_status,not bracketed by the prior range,text,breakeven.csv,the status column
breakeven_gtm_minimum_uk_one_board_price_uk_tut_gbp_terminal_cash_median_prior_median,25.209647,driver units,breakeven.csv,the prior_median column
breakeven_gtm_minimum_uk_one_board_cac_anchor_usd_share_reaching_profitability,14.017793,driver units,breakeven.csv,bisection on a pinned cac_anchor_usd against share_reaching_profitability = 0.500000
breakeven_gtm_minimum_uk_one_board_cac_anchor_usd_share_reaching_profitability_prior_median,32.263315,driver units,breakeven.csv,the prior_median column
breakeven_gtm_minimum_uk_one_board_price_uk_tut_gbp_share_reaching_profitability,27.289062,driver units,breakeven.csv,bisection on a pinned price_uk_tut_gbp against share_reaching_profitability = 0.500000
breakeven_gtm_minimum_uk_one_board_price_uk_tut_gbp_share_reaching_profitability_prior_median,25.209647,driver units,breakeven.csv,the prior_median column
funding_por_less_gtm_minimum_whole_horizon,21529145.200437,USD,funding.csv,whole-horizon round_size for the plan of record less the same for the go-to-market minimum
funding_base_case_uk_only_staged_sum,23234221.653547,USD,funding.csv,"the three staged round_size values for base_case_uk_only, added"
funding_base_case_uk_only_staged_over_whole,1.315323,ratio,funding.csv,that staged sum divided by the whole-horizon round_size for base_case_uk_only
funding_base_case_uk_only_staged_less_whole,5569949.719526,USD,funding.csv,that staged sum less the whole-horizon round_size for base_case_uk_only
funding_gtm_minimum_uk_one_board_staged_sum,9226001.351747,USD,funding.csv,"the three staged round_size values for gtm_minimum_uk_one_board, added"
funding_gtm_minimum_uk_one_board_staged_over_whole,1.335963,ratio,funding.csv,that staged sum divided by the whole-horizon round_size for gtm_minimum_uk_one_board
funding_gtm_minimum_uk_one_board_staged_less_whole,2320118.832208,USD,funding.csv,that staged sum less the whole-horizon round_size for gtm_minimum_uk_one_board
funding_one_subject_uk_one_board_staged_sum,7743606.790599,USD,funding.csv,"the three staged round_size values for one_subject_uk_one_board, added"
funding_one_subject_uk_one_board_staged_over_whole,1.314107,ratio,funding.csv,that staged sum divided by the whole-horizon round_size for one_subject_uk_one_board
funding_one_subject_uk_one_board_staged_less_whole,1850928.711282,USD,funding.csv,that staged sum less the whole-horizon round_size for one_subject_uk_one_board
funding_plan_of_record_staged_sum,37409884.402212,USD,funding.csv,"the three staged round_size values for plan_of_record, added"
funding_plan_of_record_staged_over_whole,1.315627,ratio,funding.csv,that staged sum divided by the whole-horizon round_size for plan_of_record
funding_plan_of_record_staged_less_whole,8974856.682236,USD,funding.csv,that staged sum less the whole-horizon round_size for plan_of_record
funding_plan_of_record_seed_round_size,10326426.612587,USD,funding.csv,round_size for scenario plan_of_record stage seed
funding_plan_of_record_seed_need_p80,7744611.892709,USD,funding.csv,need_p80 for scenario plan_of_record stage seed
funding_plan_of_record_series_a_round_size,12027164.243717,USD,funding.csv,round_size for scenario plan_of_record stage series_a
funding_plan_of_record_series_a_need_p80,9020268.582930,USD,funding.csv,need_p80 for scenario plan_of_record stage series_a
funding_plan_of_record_series_b_round_size,15056293.545908,USD,funding.csv,round_size for scenario plan_of_record stage series_b
funding_plan_of_record_series_b_need_p80,12043427.677482,USD,funding.csv,need_p80 for scenario plan_of_record stage series_b
funding_plan_of_record_whole_horizon_round_size,28435027.719976,USD,funding.csv,round_size for scenario plan_of_record stage whole_horizon
funding_plan_of_record_whole_horizon_need_p80,28435027.719976,USD,funding.csv,need_p80 for scenario plan_of_record stage whole_horizon
funding_base_case_uk_only_seed_round_size,8538000.647041,USD,funding.csv,round_size for scenario base_case_uk_only stage seed
funding_base_case_uk_only_seed_need_p80,6402665.039750,USD,funding.csv,need_p80 for scenario base_case_uk_only stage seed
funding_base_case_uk_only_series_a_round_size,5542614.105527,USD,funding.csv,round_size for scenario base_case_uk_only stage series_a
funding_base_case_uk_only_series_a_need_p80,4156313.046063,USD,funding.csv,need_p80 for scenario base_case_uk_only stage series_a
funding_base_case_uk_only_series_b_round_size,9153606.900979,USD,funding.csv,round_size for scenario base_case_uk_only stage series_b
funding_base_case_uk_only_series_b_need_p80,7320896.128903,USD,funding.csv,need_p80 for scenario base_case_uk_only stage series_b
funding_base_case_uk_only_whole_horizon_round_size,17664271.934021,USD,funding.csv,round_size for scenario base_case_uk_only stage whole_horizon
funding_base_case_uk_only_whole_horizon_need_p80,17664271.934021,USD,funding.csv,need_p80 for scenario base_case_uk_only stage whole_horizon
funding_gtm_minimum_uk_one_board_seed_round_size,3423387.765934,USD,funding.csv,round_size for scenario gtm_minimum_uk_one_board stage seed
funding_gtm_minimum_uk_one_board_seed_need_p80,2565431.286521,USD,funding.csv,need_p80 for scenario gtm_minimum_uk_one_board stage seed
funding_gtm_minimum_uk_one_board_series_a_round_size,2380462.437746,USD,funding.csv,round_size for scenario gtm_minimum_uk_one_board stage series_a
funding_gtm_minimum_uk_one_board_series_a_need_p80,1784420.366827,USD,funding.csv,need_p80 for scenario gtm_minimum_uk_one_board stage series_a
funding_gtm_minimum_uk_one_board_series_b_round_size,3422151.148067,USD,funding.csv,round_size for scenario gtm_minimum_uk_one_board stage series_b
funding_gtm_minimum_uk_one_board_series_b_need_p80,2735943.196595,USD,funding.csv,need_p80 for scenario gtm_minimum_uk_one_board stage series_b
funding_gtm_minimum_uk_one_board_whole_horizon_round_size,6905882.519539,USD,funding.csv,round_size for scenario gtm_minimum_uk_one_board stage whole_horizon
funding_gtm_minimum_uk_one_board_whole_horizon_need_p80,6905882.519539,USD,funding.csv,need_p80 for scenario gtm_minimum_uk_one_board stage whole_horizon
funding_one_subject_uk_one_board_seed_round_size,2122044.638115,USD,funding.csv,round_size for scenario one_subject_uk_one_board stage seed
funding_one_subject_uk_one_board_seed_need_p80,1590946.839790,USD,funding.csv,need_p80 for scenario one_subject_uk_one_board stage seed
funding_one_subject_uk_one_board_series_a_round_size,2286521.607171,USD,funding.csv,round_size for scenario one_subject_uk_one_board stage series_a
funding_one_subject_uk_one_board_series_a_need_p80,1714377.925104,USD,funding.csv,need_p80 for scenario one_subject_uk_one_board stage series_a
funding_one_subject_uk_one_board_series_b_round_size,3335040.545313,USD,funding.csv,round_size for scenario one_subject_uk_one_board stage series_b
funding_one_subject_uk_one_board_series_b_need_p80,2667416.114280,USD,funding.csv,need_p80 for scenario one_subject_uk_one_board stage series_b
funding_one_subject_uk_one_board_whole_horizon_round_size,5892678.079317,USD,funding.csv,round_size for scenario one_subject_uk_one_board stage whole_horizon
funding_one_subject_uk_one_board_whole_horizon_need_p80,5892678.079317,USD,funding.csv,need_p80 for scenario one_subject_uk_one_board stage whole_horizon
rescue_gtm_minimum_uk_one_board_cells_total,36,count,rescue_grid.csv,cells in the grid for scope gtm_minimum_uk_one_board
rescue_gtm_minimum_uk_one_board_cells_clearing,11,count,rescue_grid.csv,cells whose terminal_cash_median is above zero for scope gtm_minimum_uk_one_board
rescue_gtm_minimum_uk_one_board_best_median,21418934.771165,USD,rescue_grid.csv,highest terminal_cash_median in the grid for gtm_minimum_uk_one_board
rescue_gtm_minimum_uk_one_board_worst_median,-6095045.327456,USD,rescue_grid.csv,lowest terminal_cash_median in the grid for gtm_minimum_uk_one_board
rescue_gtm_minimum_uk_one_board_highest_cac_that_clears,24.401178,USD per acquisition,rescue_grid.csv,"largest value1 among cells whose terminal_cash_median is above zero, for gtm_minimum_uk_one_board"
rescue_gtm_minimum_uk_one_board_price_needed_at_that_cac,36.590349,GBP per month,rescue_grid.csv,"smallest value2 that clears at that acquisition cost, for gtm_minimum_uk_one_board"
rescue_gtm_minimum_uk_one_board_cac_q5_price_q5_median,1229167.799313,USD,rescue_grid.csv,terminal_cash_median at cac_anchor_usd q5 and price_uk_tut_gbp q5 for gtm_minimum_uk_one_board
rescue_gtm_minimum_uk_one_board_cac_q5_value,9.221902,USD per acquisition,rescue_grid.csv,the pinned acquisition anchor at q5
rescue_gtm_minimum_uk_one_board_price_q5_value,17.304886,GBP per month,rescue_grid.csv,the pinned tutoring-anchored price at q5
rescue_gtm_minimum_uk_one_board_cac_q5_price_q20_median,4302790.380265,USD,rescue_grid.csv,terminal_cash_median at cac_anchor_usd q5 and price_uk_tut_gbp q20 for gtm_minimum_uk_one_board
rescue_gtm_minimum_uk_one_board_price_q20_value,20.687352,GBP per month,rescue_grid.csv,the pinned tutoring-anchored price at q20
rescue_gtm_minimum_uk_one_board_cac_q5_price_q40_median,7180983.111654,USD,rescue_grid.csv,terminal_cash_median at cac_anchor_usd q5 and price_uk_tut_gbp q40 for gtm_minimum_uk_one_board
rescue_gtm_minimum_uk_one_board_price_q40_value,23.649951,GBP per month,rescue_grid.csv,the pinned tutoring-anchored price at q40
rescue_gtm_minimum_uk_one_board_cac_q5_price_q60_median,10660231.593294,USD,rescue_grid.csv,terminal_cash_median at cac_anchor_usd q5 and price_uk_tut_gbp q60 for gtm_minimum_uk_one_board
rescue_gtm_minimum_uk_one_board_price_q60_value,27.007827,GBP per month,rescue_grid.csv,the pinned tutoring-anchored price at q60
rescue_gtm_minimum_uk_one_board_cac_q5_price_q80_median,15406808.869260,USD,rescue_grid.csv,terminal_cash_median at cac_anchor_usd q5 and price_uk_tut_gbp q80 for gtm_minimum_uk_one_board
rescue_gtm_minimum_uk_one_board_price_q80_value,31.351533,GBP per month,rescue_grid.csv,the pinned tutoring-anchored price at q80
rescue_gtm_minimum_uk_one_board_cac_q5_price_q95_median,21418934.771165,USD,rescue_grid.csv,terminal_cash_median at cac_anchor_usd q5 and price_uk_tut_gbp q95 for gtm_minimum_uk_one_board
rescue_gtm_minimum_uk_one_board_price_q95_value,36.590349,GBP per month,rescue_grid.csv,the pinned tutoring-anchored price at q95
rescue_gtm_minimum_uk_one_board_cac_q20_price_q5_median,-2180789.697830,USD,rescue_grid.csv,terminal_cash_median at cac_anchor_usd q20 and price_uk_tut_gbp q5 for gtm_minimum_uk_one_board
rescue_gtm_minimum_uk_one_board_cac_q20_value,13.995872,USD per acquisition,rescue_grid.csv,the pinned acquisition anchor at q20
rescue_gtm_minimum_uk_one_board_cac_q20_price_q20_median,-208334.898174,USD,rescue_grid.csv,terminal_cash_median at cac_anchor_usd q20 and price_uk_tut_gbp q20 for gtm_minimum_uk_one_board
rescue_gtm_minimum_uk_one_board_cac_q20_price_q40_median,1719434.091383,USD,rescue_grid.csv,terminal_cash_median at cac_anchor_usd q20 and price_uk_tut_gbp q40 for gtm_minimum_uk_one_board
rescue_gtm_minimum_uk_one_board_cac_q20_price_q60_median,4140277.295207,USD,rescue_grid.csv,terminal_cash_median at cac_anchor_usd q20 and price_uk_tut_gbp q60 for gtm_minimum_uk_one_board
rescue_gtm_minimum_uk_one_board_cac_q20_price_q80_median,7492276.890390,USD,rescue_grid.csv,terminal_cash_median at cac_anchor_usd q20 and price_uk_tut_gbp q80 for gtm_minimum_uk_one_board
rescue_gtm_minimum_uk_one_board_cac_q20_price_q95_median,11816645.966236,USD,rescue_grid.csv,terminal_cash_median at cac_anchor_usd q20 and price_uk_tut_gbp q95 for gtm_minimum_uk_one_board
rescue_gtm_minimum_uk_one_board_cac_q40_price_q5_median,-4615584.285951,USD,rescue_grid.csv,terminal_cash_median at cac_anchor_usd q40 and price_uk_tut_gbp q5 for gtm_minimum_uk_one_board
rescue_gtm_minimum_uk_one_board_cac_q40_value,24.401178,USD per acquisition,rescue_grid.csv,the pinned acquisition anchor at q40
rescue_gtm_minimum_uk_one_board_cac_q40_price_q20_median,-3876287.265869,USD,rescue_grid.csv,terminal_cash_median at cac_anchor_usd q40 and price_uk_tut_gbp q20 for gtm_minimum_uk_one_board
rescue_gtm_minimum_uk_one_board_cac_q40_price_q40_median,-3141663.287947,USD,rescue_grid.csv,terminal_cash_median at cac_anchor_usd q40 and price_uk_tut_gbp q40 for gtm_minimum_uk_one_board
rescue_gtm_minimum_uk_one_board_cac_q40_price_q60_median,-2131996.110578,USD,rescue_grid.csv,terminal_cash_median at cac_anchor_usd q40 and price_uk_tut_gbp q60 for gtm_minimum_uk_one_board
rescue_gtm_minimum_uk_one_board_cac_q40_price_q80_median,-610178.647171,USD,rescue_grid.csv,terminal_cash_median at cac_anchor_usd q40 and price_uk_tut_gbp q80 for gtm_minimum_uk_one_board
rescue_gtm_minimum_uk_one_board_cac_q40_price_q95_median,1549157.502543,USD,rescue_grid.csv,terminal_cash_median at cac_anchor_usd q40 and price_uk_tut_gbp q95 for gtm_minimum_uk_one_board
rescue_gtm_minimum_uk_one_board_cac_q60_price_q5_median,-5631444.498937,USD,rescue_grid.csv,terminal_cash_median at cac_anchor_usd q60 and price_uk_tut_gbp q5 for gtm_minimum_uk_one_board
rescue_gtm_minimum_uk_one_board_cac_q60_value,42.593896,USD per acquisition,rescue_grid.csv,the pinned acquisition anchor at q60
rescue_gtm_minimum_uk_one_board_cac_q60_price_q20_median,-5286511.565149,USD,rescue_grid.csv,terminal_cash_median at cac_anchor_usd q60 and price_uk_tut_gbp q20 for gtm_minimum_uk_one_board
rescue_gtm_minimum_uk_one_board_cac_q60_price_q40_median,-4979532.178203,USD,rescue_grid.csv,terminal_cash_median at cac_anchor_usd q60 and price_uk_tut_gbp q40 for gtm_minimum_uk_one_board
rescue_gtm_minimum_uk_one_board_cac_q60_price_q60_median,-4606162.046340,USD,rescue_grid.csv,terminal_cash_median at cac_anchor_usd q60 and price_uk_tut_gbp q60 for gtm_minimum_uk_one_board
rescue_gtm_minimum_uk_one_board_cac_q60_price_q80_median,-4073477.883378,USD,rescue_grid.csv,terminal_cash_median at cac_anchor_usd q60 and price_uk_tut_gbp q80 for gtm_minimum_uk_one_board
rescue_gtm_minimum_uk_one_board_cac_q60_price_q95_median,-3353997.129585,USD,rescue_grid.csv,terminal_cash_median at cac_anchor_usd q60 and price_uk_tut_gbp q95 for gtm_minimum_uk_one_board
rescue_gtm_minimum_uk_one_board_cac_q80_price_q5_median,-6017359.394727,USD,rescue_grid.csv,terminal_cash_median at cac_anchor_usd q80 and price_uk_tut_gbp q5 for gtm_minimum_uk_one_board
rescue_gtm_minimum_uk_one_board_cac_q80_value,73.134412,USD per acquisition,rescue_grid.csv,the pinned acquisition anchor at q80
rescue_gtm_minimum_uk_one_board_cac_q80_price_q20_median,-5898059.520017,USD,rescue_grid.csv,terminal_cash_median at cac_anchor_usd q80 and price_uk_tut_gbp q20 for gtm_minimum_uk_one_board
rescue_gtm_minimum_uk_one_board_cac_q80_price_q40_median,-5770787.063385,USD,rescue_grid.csv,terminal_cash_median at cac_anchor_usd q80 and price_uk_tut_gbp q40 for gtm_minimum_uk_one_board
rescue_gtm_minimum_uk_one_board_cac_q80_price_q60_median,-5606010.341350,USD,rescue_grid.csv,terminal_cash_median at cac_anchor_usd q80 and price_uk_tut_gbp q60 for gtm_minimum_uk_one_board
rescue_gtm_minimum_uk_one_board_cac_q80_price_q80_median,-5345637.702927,USD,rescue_grid.csv,terminal_cash_median at cac_anchor_usd q80 and price_uk_tut_gbp q80 for gtm_minimum_uk_one_board
rescue_gtm_minimum_uk_one_board_cac_q80_price_q95_median,-5030079.483551,USD,rescue_grid.csv,terminal_cash_median at cac_anchor_usd q80 and price_uk_tut_gbp q95 for gtm_minimum_uk_one_board
rescue_gtm_minimum_uk_one_board_cac_q95_price_q5_median,-6095045.327456,USD,rescue_grid.csv,terminal_cash_median at cac_anchor_usd q95 and price_uk_tut_gbp q5 for gtm_minimum_uk_one_board
rescue_gtm_minimum_uk_one_board_cac_q95_value,112.630952,USD per acquisition,rescue_grid.csv,the pinned acquisition anchor at q95
rescue_gtm_minimum_uk_one_board_cac_q95_price_q20_median,-6065969.698397,USD,rescue_grid.csv,terminal_cash_median at cac_anchor_usd q95 and price_uk_tut_gbp q20 for gtm_minimum_uk_one_board
rescue_gtm_minimum_uk_one_board_cac_q95_price_q40_median,-6021652.536982,USD,rescue_grid.csv,terminal_cash_median at cac_anchor_usd q95 and price_uk_tut_gbp q40 for gtm_minimum_uk_one_board
rescue_gtm_minimum_uk_one_board_cac_q95_price_q60_median,-5956000.051218,USD,rescue_grid.csv,terminal_cash_median at cac_anchor_usd q95 and price_uk_tut_gbp q60 for gtm_minimum_uk_one_board
rescue_gtm_minimum_uk_one_board_cac_q95_price_q80_median,-5849483.756658,USD,rescue_grid.csv,terminal_cash_median at cac_anchor_usd q95 and price_uk_tut_gbp q80 for gtm_minimum_uk_one_board
rescue_gtm_minimum_uk_one_board_cac_q95_price_q95_median,-5693756.624875,USD,rescue_grid.csv,terminal_cash_median at cac_anchor_usd q95 and price_uk_tut_gbp q95 for gtm_minimum_uk_one_board
rescue_plan_of_record_cells_total,36,count,rescue_grid.csv,cells in the grid for scope plan_of_record
rescue_plan_of_record_cells_clearing,7,count,rescue_grid.csv,cells whose terminal_cash_median is above zero for scope plan_of_record
rescue_plan_of_record_best_median,57761611.439992,USD,rescue_grid.csv,highest terminal_cash_median in the grid for plan_of_record
rescue_plan_of_record_worst_median,-23025922.897843,USD,rescue_grid.csv,lowest terminal_cash_median in the grid for plan_of_record
rescue_plan_of_record_highest_cac_that_clears,13.995872,USD per acquisition,rescue_grid.csv,"largest value1 among cells whose terminal_cash_median is above zero, for plan_of_record"
rescue_plan_of_record_price_needed_at_that_cac,31.351533,GBP per month,rescue_grid.csv,"smallest value2 that clears at that acquisition cost, for plan_of_record"
rescue_plan_of_record_cac_q5_price_q5_median,-5432944.430467,USD,rescue_grid.csv,terminal_cash_median at cac_anchor_usd q5 and price_uk_tut_gbp q5 for plan_of_record
rescue_plan_of_record_cac_q5_value,9.221902,USD per acquisition,rescue_grid.csv,the pinned acquisition anchor at q5
rescue_plan_of_record_price_q5_value,17.304886,GBP per month,rescue_grid.csv,the pinned tutoring-anchored price at q5
rescue_plan_of_record_cac_q5_price_q20_median,2546567.719978,USD,rescue_grid.csv,terminal_cash_median at cac_anchor_usd q5 and price_uk_tut_gbp q20 for plan_of_record
rescue_plan_of_record_price_q20_value,20.687352,GBP per month,rescue_grid.csv,the pinned tutoring-anchored price at q20
rescue_plan_of_record_cac_q5_price_q40_median,11139983.031814,USD,rescue_grid.csv,terminal_cash_median at cac_anchor_usd q5 and price_uk_tut_gbp q40 for plan_of_record
rescue_plan_of_record_price_q40_value,23.649951,GBP per month,rescue_grid.csv,the pinned tutoring-anchored price at q40
rescue_plan_of_record_cac_q5_price_q60_median,21675065.690667,USD,rescue_grid.csv,terminal_cash_median at cac_anchor_usd q5 and price_uk_tut_gbp q60 for plan_of_record
rescue_plan_of_record_price_q60_value,27.007827,GBP per month,rescue_grid.csv,the pinned tutoring-anchored price at q60
rescue_plan_of_record_cac_q5_price_q80_median,36974656.197341,USD,rescue_grid.csv,terminal_cash_median at cac_anchor_usd q5 and price_uk_tut_gbp q80 for plan_of_record
rescue_plan_of_record_price_q80_value,31.351533,GBP per month,rescue_grid.csv,the pinned tutoring-anchored price at q80
rescue_plan_of_record_cac_q5_price_q95_median,57761611.439992,USD,rescue_grid.csv,terminal_cash_median at cac_anchor_usd q5 and price_uk_tut_gbp q95 for plan_of_record
rescue_plan_of_record_price_q95_value,36.590349,GBP per month,rescue_grid.csv,the pinned tutoring-anchored price at q95
rescue_plan_of_record_cac_q20_price_q5_median,-14043563.744722,USD,rescue_grid.csv,terminal_cash_median at cac_anchor_usd q20 and price_uk_tut_gbp q5 for plan_of_record
rescue_plan_of_record_cac_q20_value,13.995872,USD per acquisition,rescue_grid.csv,the pinned acquisition anchor at q20
rescue_plan_of_record_cac_q20_price_q20_median,-10309886.973446,USD,rescue_grid.csv,terminal_cash_median at cac_anchor_usd q20 and price_uk_tut_gbp q20 for plan_of_record
rescue_plan_of_record_cac_q20_price_q40_median,-6514634.274109,USD,rescue_grid.csv,terminal_cash_median at cac_anchor_usd q20 and price_uk_tut_gbp q40 for plan_of_record
rescue_plan_of_record_cac_q20_price_q60_median,-1379449.437001,USD,rescue_grid.csv,terminal_cash_median at cac_anchor_usd q20 and price_uk_tut_gbp q60 for plan_of_record
rescue_plan_of_record_cac_q20_price_q80_median,6391934.314171,USD,rescue_grid.csv,terminal_cash_median at cac_anchor_usd q20 and price_uk_tut_gbp q80 for plan_of_record
rescue_plan_of_record_cac_q20_price_q95_median,17528473.455992,USD,rescue_grid.csv,terminal_cash_median at cac_anchor_usd q20 and price_uk_tut_gbp q95 for plan_of_record
rescue_plan_of_record_cac_q40_price_q5_median,-19377507.701704,USD,rescue_grid.csv,terminal_cash_median at cac_anchor_usd q40 and price_uk_tut_gbp q5 for plan_of_record
rescue_plan_of_record_cac_q40_value,24.401178,USD per acquisition,rescue_grid.csv,the pinned acquisition anchor at q40
rescue_plan_of_record_cac_q40_price_q20_median,-17707867.309068,USD,rescue_grid.csv,terminal_cash_median at cac_anchor_usd q40 and price_uk_tut_gbp q20 for plan_of_record
rescue_plan_of_record_cac_q40_price_q40_median,-16219206.145724,USD,rescue_grid.csv,terminal_cash_median at cac_anchor_usd q40 and price_uk_tut_gbp q40 for plan_of_record
rescue_plan_of_record_cac_q40_price_q60_median,-14405795.101788,USD,rescue_grid.csv,terminal_cash_median at cac_anchor_usd q40 and price_uk_tut_gbp q60 for plan_of_record
rescue_plan_of_record_cac_q40_price_q80_median,-11817591.436773,USD,rescue_grid.csv,terminal_cash_median at cac_anchor_usd q40 and price_uk_tut_gbp q80 for plan_of_record
rescue_plan_of_record_cac_q40_price_q95_median,-8109983.870876,USD,rescue_grid.csv,terminal_cash_median at cac_anchor_usd q40 and price_uk_tut_gbp q95 for plan_of_record
rescue_plan_of_record_cac_q60_price_q5_median,-21879825.616299,USD,rescue_grid.csv,terminal_cash_median at cac_anchor_usd q60 and price_uk_tut_gbp q5 for plan_of_record
rescue_plan_of_record_cac_q60_value,42.593896,USD per acquisition,rescue_grid.csv,the pinned acquisition anchor at q60
rescue_plan_of_record_cac_q60_price_q20_median,-21143441.272163,USD,rescue_grid.csv,terminal_cash_median at cac_anchor_usd q60 and price_uk_tut_gbp q20 for plan_of_record
rescue_plan_of_record_cac_q60_price_q40_median,-20438734.380147,USD,rescue_grid.csv,terminal_cash_median at cac_anchor_usd q60 and price_uk_tut_gbp q40 for plan_of_record
rescue_plan_of_record_cac_q60_price_q60_median,-19582535.523171,USD,rescue_grid.csv,terminal_cash_median at cac_anchor_usd q60 and price_uk_tut_gbp q60 for plan_of_record
rescue_plan_of_record_cac_q60_price_q80_median,-18357822.739123,USD,rescue_grid.csv,terminal_cash_median at cac_anchor_usd q60 and price_uk_tut_gbp q80 for plan_of_record
rescue_plan_of_record_cac_q60_price_q95_median,-16868444.512300,USD,rescue_grid.csv,terminal_cash_median at cac_anchor_usd q60 and price_uk_tut_gbp q95 for plan_of_record
rescue_plan_of_record_cac_q80_price_q5_median,-22793328.647666,USD,rescue_grid.csv,terminal_cash_median at cac_anchor_usd q80 and price_uk_tut_gbp q5 for plan_of_record
rescue_plan_of_record_cac_q80_value,73.134412,USD per acquisition,rescue_grid.csv,the pinned acquisition anchor at q80
rescue_plan_of_record_cac_q80_price_q20_median,-22536716.933809,USD,rescue_grid.csv,terminal_cash_median at cac_anchor_usd q80 and price_uk_tut_gbp q20 for plan_of_record
rescue_plan_of_record_cac_q80_price_q40_median,-22262796.955526,USD,rescue_grid.csv,terminal_cash_median at cac_anchor_usd q80 and price_uk_tut_gbp q40 for plan_of_record
rescue_plan_of_record_cac_q80_price_q60_median,-21899275.909007,USD,rescue_grid.csv,terminal_cash_median at cac_anchor_usd q80 and price_uk_tut_gbp q60 for plan_of_record
rescue_plan_of_record_cac_q80_price_q80_median,-21362486.313798,USD,rescue_grid.csv,terminal_cash_median at cac_anchor_usd q80 and price_uk_tut_gbp q80 for plan_of_record
rescue_plan_of_record_cac_q80_price_q95_median,-20682811.523996,USD,rescue_grid.csv,terminal_cash_median at cac_anchor_usd q80 and price_uk_tut_gbp q95 for plan_of_record
rescue_plan_of_record_cac_q95_price_q5_median,-23025922.897843,USD,rescue_grid.csv,terminal_cash_median at cac_anchor_usd q95 and price_uk_tut_gbp q5 for plan_of_record
rescue_plan_of_record_cac_q95_value,112.630952,USD per acquisition,rescue_grid.csv,the pinned acquisition anchor at q95
rescue_plan_of_record_cac_q95_price_q20_median,-22939731.903583,USD,rescue_grid.csv,terminal_cash_median at cac_anchor_usd q95 and price_uk_tut_gbp q20 for plan_of_record
rescue_plan_of_record_cac_q95_price_q40_median,-22832095.939964,USD,rescue_grid.csv,terminal_cash_median at cac_anchor_usd q95 and price_uk_tut_gbp q40 for plan_of_record
rescue_plan_of_record_cac_q95_price_q60_median,-22668206.236475,USD,rescue_grid.csv,terminal_cash_median at cac_anchor_usd q95 and price_uk_tut_gbp q60 for plan_of_record
rescue_plan_of_record_cac_q95_price_q80_median,-22456904.106653,USD,rescue_grid.csv,terminal_cash_median at cac_anchor_usd q95 and price_uk_tut_gbp q80 for plan_of_record
rescue_plan_of_record_cac_q95_price_q95_median,-22128335.808760,USD,rescue_grid.csv,terminal_cash_median at cac_anchor_usd q95 and price_uk_tut_gbp q95 for plan_of_record
retained_months_exam_year_mean,2.967303,months per acquisition,cohorts.csv,every acquisition pinned into the examination-year segment; active households summed over months divided by acquisitions summed over months
retained_months_pre_exam_mean,3.670806,months per acquisition,cohorts.csv,"every acquisition pinned into the pre-examination-year segment, same arithmetic"
retained_months_alevel_mean,4.076113,months per acquisition,cohorts.csv,"every acquisition pinned into the A-level segment, same arithmetic"
year10_to_year11_retained_months_ratio,1.237085,ratio,cohorts.csv,"pre-examination-year retained months divided by examination-year retained months, as the code produces it"
year10_to_year11_ratio_p10,1.144385,ratio,cohorts.csv,the same ratio at the tenth percentile of each
year10_to_year11_ratio_p90,1.318837,ratio,cohorts.csv,the same ratio at the ninetieth percentile of each
share_paths_year10_at_least_doubles,0.000350,share,cohorts.csv,share of paths on which the pre-examination cohort retains at least twice as many months as the examination cohort
year10_ratio_with_no_summer_at_all,1.752224,ratio,cohorts.csv,the pre-to-examination retained-month ratio with the summer lapse pinned to zero and progression pinned to one: the summer removed entirely
year10_ratio_with_churn_at_its_floor,1.310868,ratio,cohorts.csv,the same ratio with in-term churn pinned to the bottom of its prior range and the summer left as sampled
year10_ratio_with_no_summer_and_floor_churn,2.008020,ratio,cohorts.csv,the same ratio with both pinned: this is the only combination that recovers the figure docs/10 reasons toward
retained_months_exam_at_floor_churn,4.126947,months per acquisition,cohorts.csv,examination-year retained months with in-term churn at the bottom of its prior range
retained_months_pre_at_floor_churn,5.409883,months per acquisition,cohorts.csv,pre-examination retained months with in-term churn at the bottom of its prior range
shock_longest_bad_run_mean,5.770750,months,cohorts.csv,"mean of longest_demand_shock_bad_run, a published column of por_paths.csv: the longest run of consecutive months with the demand multiplier below SHOCK_BAD_THRESHOLD"
shock_longest_bad_run_p90,13.000000,months,cohorts.csv,the ninetieth percentile of longest_demand_shock_bad_run in por_paths.csv
shock_share_paths_bad_run_6plus,0.369350,share,cohorts.csv,share of por_paths.csv rows whose longest_demand_shock_bad_run is six or more
shock_share_paths_bad_run_12plus,0.121250,share,cohorts.csv,share of por_paths.csv rows whose longest_demand_shock_bad_run is twelve or more
shock_rho_median,0.701148,AR(1) coefficient,cohorts.csv,median of the shock_rho driver column
share_paths_content_exceeds_acquisition,0.840050,share,cohorts.csv,share of paths on which total content cost exceeds total acquisition and verification spend
share_paths_content_is_largest_line,0.596550,share,cohorts.csv,share of paths on which content is larger than both acquisition and people
share_paths_peak_funding_over_10m,0.848100,share,cohorts.csv,share of paths whose peak funding requirement exceeds ten million dollars
share_paths_terminal_cash_positive,0.107600,share,cohorts.csv,share of paths ending the horizon with cumulative cash above zero
final_year_hh_months_total,6476911888.812998,household months,cohorts.csv,active households summed over paths and over the final twelve months
share_paths_with_a_real_final_year,0.998150,share,cohorts.csv,"share of paths with at least twelve final-year household months, which is the set the per-path medians below are taken over"
final_year_contrib_per_hh_month_gross_pooled,31.647375,USD per household month,cohorts.csv,"total net revenue less inference, support, payment, hosting and app store fees over the final year, divided by total final-year household months: a gross margin, not a net one"
final_year_contrib_per_hh_month_gross_median,27.355425,USD per household month,cohorts.csv,median over paths with a real final year of the per-path gross contribution ratio
final_year_contrib_per_hh_month_allin_pooled,16.535758,USD per household month,cohorts.csv,"total net cash with acquisition and verification added back over the final year, divided by total final-year household months: net of engineering, content, overhead and compliance"
final_year_contrib_per_hh_month_allin_median,-104.651425,USD per household month,cohorts.csv,median over paths with a real final year of the per-path all-in contribution ratio
allin_minus_gross_contrib_per_hh_month_pooled,-15.111617,USD per household month,cohorts.csv,the pooled all-in figure less the pooled gross one: what the gross margin leaves out
gross_minus_allin_contrib_per_hh_month_pooled,15.111617,USD per household month,cohorts.csv,the pooled gross figure less the pooled all-in one: how much lower the all-in figure is
allin_consumed_per_hh_month_median,104.651425,USD per household month,cohorts.csv,the median path's all-in contribution with the sign reversed: what a household month consumes on the median path
blended_retained_months_mean,3.294474,months,cohorts.csv,retained months weighted by the sampled segment mix
final_year_ltv_gross_pooled,104.261466,USD per household,cohorts.csv,pooled gross contribution per household month times blended retained months
final_year_effective_cac_pooled,47.297614,USD per acquisition,cohorts.csv,"total final-year acquisition and verification spend over total final-year acquisitions, pooled across paths"
final_year_effective_cac_median,32.248650,USD per acquisition,cohorts.csv,median over paths with a real final year of the per-path effective acquisition cost
final_year_ltv_over_cac_pooled,2.204371,ratio,cohorts.csv,pooled gross lifetime value divided by pooled final-year effective cost per acquisition
final_year_cac_pooled_over_anchor_median,1.465987,ratio,cohorts.csv,pooled final-year effective acquisition cost divided by the median low-volume anchor: what the anchor understates by at the spend actually modelled
cac_anchor_median,32.263315,USD per acquisition,cohorts.csv,"median of the cac_anchor_usd driver column, which is the low-volume anchor and not a cost at scale"
share_paths_final_year_ltv_below_cac,0.050343,share,cohorts.csv,share of paths with a real final year on which gross lifetime value is below the final-year effective cost per acquisition
missing_night_rota_cost_per_year,149793.106707,USD per year,cohorts.csv,"three full-time posts at the median Bengaluru salary and overhead multiplier, with a thirty per cent night premium"
missing_night_rota_cost_total,674068.980182,USD,cohorts.csv,that annual cost from the UK go-to-market month to the end of the horizon
missing_night_rota_share_of_total_cost,0.017134,share,cohorts.csv,the missing rota divided by the total modelled cost
por_total_cost_recomputed,39341949.938133,USD,cohorts.csv,"sum over paths and months of every modelled cost line, averaged over paths"
omission_refunds_chargebacks_and_failed_payments_low,342624.890671,USD,omissions.csv,one to three per cent of modelled gross consumer revenue
omission_refunds_chargebacks_and_failed_payments_high,1027874.672014,USD,omissions.csv,one to three per cent of modelled gross consumer revenue
omission_refunds_chargebacks_and_failed_payments_share_high_pct,2.612700,per cent,omissions.csv,high_share_of_total_cost as a percentage
omission_insurance_low,135000.000000,USD,omissions.csv,thirty to eighty thousand dollars a year from the UK go-to-market month to the end of the horizon
omission_insurance_high,360000.000000,USD,omissions.csv,thirty to eighty thousand dollars a year from the UK go-to-market month to the end of the horizon
omission_insurance_share_high_pct,0.915100,per cent,omissions.csv,high_share_of_total_cost as a percentage
omission_recruitment_fees_low,123941.945012,USD,omissions.csv,twelve to twenty per cent of first-year salary on thirty-five hires at the median Bengaluru salary
omission_recruitment_fees_high,206569.908354,USD,omissions.csv,twelve to twenty per cent of first-year salary on thirty-five hires at the median Bengaluru salary
omission_recruitment_fees_share_high_pct,0.525100,per cent,omissions.csv,high_share_of_total_cost as a percentage
omission_out_of_hours_operations_rota_low,449379.320121,USD,omissions.csv,two to four posts at the median Bengaluru salary and overhead multiplier with a thirty per cent night premium
omission_out_of_hours_operations_rota_high,898758.640242,USD,omissions.csv,two to four posts at the median Bengaluru salary and overhead multiplier with a thirty per cent night premium
omission_out_of_hours_operations_rota_share_high_pct,2.284500,per cent,omissions.csv,high_share_of_total_cost as a percentage
omission_penetration_testing_and_vulnerability_disclosure_low,112500.000000,USD,omissions.csv,twenty-five to sixty thousand dollars a year over the same period
omission_penetration_testing_and_vulnerability_disclosure_high,270000.000000,USD,omissions.csv,twenty-five to sixty thousand dollars a year over the same period
omission_penetration_testing_and_vulnerability_disclosure_share_high_pct,0.686300,per cent,omissions.csv,high_share_of_total_cost as a percentage
omission_intercompany_markup_and_indian_tax_on_it_low,161213.393217,USD,omissions.csv,"a ten to fifteen per cent cost-plus markup on the Bengaluru people cost, taxed at twenty-five per cent"
omission_intercompany_markup_and_indian_tax_on_it_high,241820.089825,USD,omissions.csv,"a ten to fifteen per cent cost-plus markup on the Bengaluru people cost, taxed at twenty-five per cent"
omission_intercompany_markup_and_indian_tax_on_it_share_high_pct,0.614700,per cent,omissions.csv,high_share_of_total_cost as a percentage
omission_accessibility_conformance_and_audit_low,33750.000000,USD,omissions.csv,"fifteen to forty thousand dollars a year, from roughly halfway through the horizon"
omission_accessibility_conformance_and_audit_high,90000.000000,USD,omissions.csv,"fifteen to forty thousand dollars a year, from roughly halfway through the horizon"
omission_accessibility_conformance_and_audit_share_high_pct,0.228800,per cent,omissions.csv,high_share_of_total_cost as a percentage
omission_corporation_tax_on_trading_profit_low,0.000000,USD,omissions.csv,zero: no scenario in this instrument returns a taxable trading profit inside the horizon
omission_corporation_tax_on_trading_profit_high,0.000000,USD,omissions.csv,zero: no scenario in this instrument returns a taxable trading profit inside the horizon
omission_corporation_tax_on_trading_profit_share_high_pct,0.000000,per cent,omissions.csv,high_share_of_total_cost as a percentage
omission_translation_and_localisation_low,0.000000,USD,omissions.csv,zero: the plan of record expands only across English-speaking curricula
omission_translation_and_localisation_high,0.000000,USD,omissions.csv,zero: the plan of record expands only across English-speaking curricula
omission_translation_and_localisation_share_high_pct,0.000000,per cent,omissions.csv,high_share_of_total_cost as a percentage
omission_regulatory_enforcement_exposure_low,0.000000,USD,omissions.csv,"zero, and deliberately so: no probability of enforcement is modelled, while the smallest United Kingdom penalty in the vault's own verified set exceeds every cost line here except content"
omission_regulatory_enforcement_exposure_high,0.000000,USD,omissions.csv,"zero, and deliberately so: no probability of enforcement is modelled, while the smallest United Kingdom penalty in the vault's own verified set exceeds every cost line here except content"
omission_regulatory_enforcement_exposure_share_high_pct,0.000000,per cent,omissions.csv,high_share_of_total_cost as a percentage
omission_examiner_supply_as_a_quantity_rather_than_a_price_low,0.000000,USD,omissions.csv,"zero: the model prices examiner time and never asks whether it exists. The month-18 scope needs about 44,319 hours of qualified examiner time and the rate is perfectly elastic"
omission_examiner_supply_as_a_quantity_rather_than_a_price_high,0.000000,USD,omissions.csv,"zero: the model prices examiner time and never asks whether it exists. The month-18 scope needs about 44,319 hours of qualified examiner time and the rate is perfectly elastic"
omission_examiner_supply_as_a_quantity_rather_than_a_price_share_high_pct,0.000000,per cent,omissions.csv,high_share_of_total_cost as a percentage
omission_total_of_every_absent_line_low,1358409.549021,USD,omissions.csv,"sum of the rows above, against the modelled total cost of 39341950"
omission_total_of_every_absent_line_high,3095023.310435,USD,omissions.csv,"sum of the rows above, against the modelled total cost of 39341950"
omission_total_of_every_absent_line_share_high_pct,7.867000,per cent,omissions.csv,high_share_of_total_cost as a percentage
imanconover_pairs,10,count,imanconover_check.csv,row count
imanconover_worst_corr_error,0.016000,rank correlation,imanconover_check.csv,largest absolute difference between target_rank_corr and achieved_rank_corr
imanconover_all_marginals_preserved,True,boolean,imanconover_check.csv,every marginal_preserved column is True
