run,seed,run_date,t,cal_year,cal_month,active_hh_mean,active_hh_p10,active_hh_p50,active_hh_p90,active_hh_bandlow,active_hh_bandcentral,active_hh_bandhigh,active_uk_mean,active_uk_p10,active_uk_p50,active_uk_p90,active_uk_bandlow,active_uk_bandcentral,active_uk_bandhigh,active_us_mean,active_us_p10,active_us_p50,active_us_p90,active_us_bandlow,active_us_bandcentral,active_us_bandhigh,active_in_mean,active_in_p10,active_in_p50,active_in_p90,active_in_bandlow,active_in_bandcentral,active_in_bandhigh,active_row_mean,active_row_p10,active_row_p50,active_row_p90,active_row_bandlow,active_row_bandcentral,active_row_bandhigh,acquisitions_mean,acquisitions_p10,acquisitions_p50,acquisitions_p90,acquisitions_bandlow,acquisitions_bandcentral,acquisitions_bandhigh,gross_rev_consumer_mean,gross_rev_consumer_p10,gross_rev_consumer_p50,gross_rev_consumer_p90,gross_rev_consumer_bandlow,gross_rev_consumer_bandcentral,gross_rev_consumer_bandhigh,net_rev_consumer_mean,net_rev_consumer_p10,net_rev_consumer_p50,net_rev_consumer_p90,net_rev_consumer_bandlow,net_rev_consumer_bandcentral,net_rev_consumer_bandhigh,tax_collected_mean,tax_collected_p10,tax_collected_p50,tax_collected_p90,tax_collected_bandlow,tax_collected_bandcentral,tax_collected_bandhigh,net_rev_schools_mean,net_rev_schools_p10,net_rev_schools_p50,net_rev_schools_p90,net_rev_schools_bandlow,net_rev_schools_bandcentral,net_rev_schools_bandhigh,school_contracts_mean,school_contracts_p10,school_contracts_p50,school_contracts_p90,school_contracts_bandlow,school_contracts_bandcentral,school_contracts_bandhigh,inference_cost_mean,inference_cost_p10,inference_cost_p50,inference_cost_p90,inference_cost_bandlow,inference_cost_bandcentral,inference_cost_bandhigh,support_cost_mean,support_cost_p10,support_cost_p50,support_cost_p90,support_cost_bandlow,support_cost_bandcentral,support_cost_bandhigh,payment_cost_mean,payment_cost_p10,payment_cost_p50,payment_cost_p90,payment_cost_bandlow,payment_cost_bandcentral,payment_cost_bandhigh,hosting_cost_mean,hosting_cost_p10,hosting_cost_p50,hosting_cost_p90,hosting_cost_bandlow,hosting_cost_bandcentral,hosting_cost_bandhigh,verif_cost_mean,verif_cost_p10,verif_cost_p50,verif_cost_p90,verif_cost_bandlow,verif_cost_bandcentral,verif_cost_bandhigh,cac_spend_mean,cac_spend_p10,cac_spend_p50,cac_spend_p90,cac_spend_bandlow,cac_spend_bandcentral,cac_spend_bandhigh,content_cost_mean,content_cost_p10,content_cost_p50,content_cost_p90,content_cost_bandlow,content_cost_bandcentral,content_cost_bandhigh,people_beng_cost_mean,people_beng_cost_p10,people_beng_cost_p50,people_beng_cost_p90,people_beng_cost_bandlow,people_beng_cost_bandcentral,people_beng_cost_bandhigh,people_uk_cost_mean,people_uk_cost_p10,people_uk_cost_p50,people_uk_cost_p90,people_uk_cost_bandlow,people_uk_cost_bandcentral,people_uk_cost_bandhigh,step_cost_mean,step_cost_p10,step_cost_p50,step_cost_p90,step_cost_bandlow,step_cost_bandcentral,step_cost_bandhigh,school_onboard_cost_mean,school_onboard_cost_p10,school_onboard_cost_p50,school_onboard_cost_p90,school_onboard_cost_bandlow,school_onboard_cost_bandcentral,school_onboard_cost_bandhigh,appstore_fee_mean,appstore_fee_p10,appstore_fee_p50,appstore_fee_p90,appstore_fee_bandlow,appstore_fee_bandcentral,appstore_fee_bandhigh,people_beng_content_cost_mean,people_beng_content_cost_p10,people_beng_content_cost_p50,people_beng_content_cost_p90,people_beng_content_cost_bandlow,people_beng_content_cost_bandcentral,people_beng_content_cost_bandhigh,school_inference_cost_mean,school_inference_cost_p10,school_inference_cost_p50,school_inference_cost_p90,school_inference_cost_bandlow,school_inference_cost_bandcentral,school_inference_cost_bandhigh,school_sessions_delivered_mean,school_sessions_delivered_p10,school_sessions_delivered_p50,school_sessions_delivered_p90,school_sessions_delivered_bandlow,school_sessions_delivered_bandcentral,school_sessions_delivered_bandhigh,sessions_delivered_mean,sessions_delivered_p10,sessions_delivered_p50,sessions_delivered_p90,sessions_delivered_bandlow,sessions_delivered_bandcentral,sessions_delivered_bandhigh,arrivals_removed_same_month_mean,arrivals_removed_same_month_p10,arrivals_removed_same_month_p50,arrivals_removed_same_month_p90,arrivals_removed_same_month_bandlow,arrivals_removed_same_month_bandcentral,arrivals_removed_same_month_bandhigh,share_over_allowance_mean,share_over_allowance_p10,share_over_allowance_p50,share_over_allowance_p90,share_over_allowance_bandlow,share_over_allowance_bandcentral,share_over_allowance_bandhigh,cac_effective_blended_mean,cac_effective_blended_p10,cac_effective_blended_p50,cac_effective_blended_p90,cac_effective_blended_bandlow,cac_effective_blended_bandcentral,cac_effective_blended_bandhigh,cac_effective_noncreator_mean,cac_effective_noncreator_p10,cac_effective_noncreator_p50,cac_effective_noncreator_p90,cac_effective_noncreator_bandlow,cac_effective_noncreator_bandcentral,cac_effective_noncreator_bandhigh,net_cash_mean,net_cash_p10,net_cash_p50,net_cash_p90,net_cash_bandlow,net_cash_bandcentral,net_cash_bandhigh,demand_shock_mean,demand_shock_p10,demand_shock_p50,demand_shock_p90,demand_shock_bandlow,demand_shock_bandcentral,demand_shock_bandhigh,terminal_value_mean,terminal_value_p10,terminal_value_p50,terminal_value_p90,terminal_value_bandlow,terminal_value_bandcentral,terminal_value_bandhigh,cum_cash_mean,cum_cash_p10,cum_cash_p50,cum_cash_p90,cum_cash_bandlow,cum_cash_bandcentral,cum_cash_bandhigh,cum_cash_bandcentral_placement
por,20260916,2026-09-16,0,2027,3,0.000000,0.000000,0.000000,0.000000,0.000000,0.000000,0.000000,0.000000,0.000000,0.000000,0.000000,0.000000,0.000000,0.000000,0.000000,0.000000,0.000000,0.000000,0.000000,0.000000,0.000000,0.000000,0.000000,0.000000,0.000000,0.000000,0.000000,0.000000,0.000000,0.000000,0.000000,0.000000,0.000000,0.000000,0.000000,0.000000,0.000000,0.000000,0.000000,0.000000,0.000000,0.000000,0.000000,0.000000,0.000000,0.000000,0.000000,0.000000,0.000000,0.000000,0.000000,0.000000,0.000000,0.000000,0.000000,0.000000,0.000000,0.000000,0.000000,0.000000,0.000000,0.000000,0.000000,0.000000,0.000000,0.000000,0.000000,0.000000,0.000000,0.000000,0.000000,0.000000,0.000000,0.000000,0.000000,0.000000,0.000000,0.000000,0.000000,0.000000,0.000000,0.000000,0.000000,0.000000,0.000000,0.000000,0.000000,0.000000,0.000000,0.000000,0.000000,0.000000,0.000000,0.000000,0.000000,0.000000,0.000000,0.000000,0.000000,0.000000,0.000000,0.000000,0.000000,0.000000,0.000000,0.000000,0.000000,0.000000,0.000000,0.000000,0.000000,0.000000,0.000000,0.000000,0.000000,0.000000,0.000000,0.000000,0.000000,149501.999543,66806.098244,137347.392635,250466.697368,189379.207537,127073.427442,103348.355885,34175.677445,17885.842579,31991.960072,53397.467937,38367.681678,33175.321079,28905.569029,0.000000,0.000000,0.000000,0.000000,0.000000,0.000000,0.000000,22933.524038,12416.071939,23005.281233,33403.413869,23265.610200,22833.546901,22618.670705,0.000000,0.000000,0.000000,0.000000,0.000000,0.000000,0.000000,0.000000,0.000000,0.000000,0.000000,0.000000,0.000000,0.000000,16272.485835,6678.679711,13320.266938,30272.018883,18848.012514,15511.032081,13122.118733,0.000000,0.000000,0.000000,0.000000,0.000000,0.000000,0.000000,0.000000,0.000000,0.000000,0.000000,0.000000,0.000000,0.000000,0.000000,0.000000,0.000000,0.000000,0.000000,0.000000,0.000000,0.000000,0.000000,0.000000,0.000000,0.000000,0.000000,0.000000,0.000000,0.000000,0.000000,0.000000,0.000000,0.000000,0.000000,0.000000,0.000000,0.000000,0.000000,0.000000,0.000000,0.000000,0.000000,0.000000,0.000000,0.000000,0.000000,0.000000,0.000000,-206611.201026,-309971.822867,-195511.610227,-121129.741179,-251012.499415,-183082.295422,-154872.595619,1.000228,0.770759,0.987043,1.230838,0.999928,1.000131,1.001840,0.000000,0.000000,0.000000,0.000000,0.000000,0.000000,0.000000,-206611.201026,-309971.822867,-195511.610227,-121129.741179,-251012.499415,-183082.295422,-154872.595619,0.567400
por,20260916,2026-09-16,1,2027,4,0.000000,0.000000,0.000000,0.000000,0.000000,0.000000,0.000000,0.000000,0.000000,0.000000,0.000000,0.000000,0.000000,0.000000,0.000000,0.000000,0.000000,0.000000,0.000000,0.000000,0.000000,0.000000,0.000000,0.000000,0.000000,0.000000,0.000000,0.000000,0.000000,0.000000,0.000000,0.000000,0.000000,0.000000,0.000000,0.000000,0.000000,0.000000,0.000000,0.000000,0.000000,0.000000,0.000000,0.000000,0.000000,0.000000,0.000000,0.000000,0.000000,0.000000,0.000000,0.000000,0.000000,0.000000,0.000000,0.000000,0.000000,0.000000,0.000000,0.000000,0.000000,0.000000,0.000000,0.000000,0.000000,0.000000,0.000000,0.000000,0.000000,0.000000,0.000000,0.000000,0.000000,0.000000,0.000000,0.000000,0.000000,0.000000,0.000000,0.000000,0.000000,0.000000,0.000000,0.000000,0.000000,0.000000,0.000000,0.000000,0.000000,0.000000,0.000000,0.000000,0.000000,0.000000,0.000000,0.000000,0.000000,0.000000,0.000000,0.000000,0.000000,0.000000,0.000000,0.000000,0.000000,0.000000,0.000000,0.000000,0.000000,0.000000,0.000000,0.000000,0.000000,0.000000,0.000000,0.000000,0.000000,0.000000,0.000000,149501.999543,66806.098244,137347.392635,250466.697368,189379.207537,127073.427442,103348.355885,50448.163280,24963.549678,45763.406913,82596.995478,57215.694192,48686.353159,42027.687761,0.000000,0.000000,0.000000,0.000000,0.000000,0.000000,0.000000,24081.518983,13452.604301,24135.474000,34567.374810,24446.203976,23970.905178,23739.515397,0.000000,0.000000,0.000000,0.000000,0.000000,0.000000,0.000000,0.000000,0.000000,0.000000,0.000000,0.000000,0.000000,0.000000,32544.971669,13357.359422,26640.533877,60544.037765,37696.025028,31022.064161,26244.237465,0.000000,0.000000,0.000000,0.000000,0.000000,0.000000,0.000000,0.000000,0.000000,0.000000,0.000000,0.000000,0.000000,0.000000,0.000000,0.000000,0.000000,0.000000,0.000000,0.000000,0.000000,0.000000,0.000000,0.000000,0.000000,0.000000,0.000000,0.000000,0.000000,0.000000,0.000000,0.000000,0.000000,0.000000,0.000000,0.000000,0.000000,0.000000,0.000000,0.000000,0.000000,0.000000,0.000000,0.000000,0.000000,0.000000,0.000000,0.000000,0.000000,-224031.681806,-329746.918657,-213192.992480,-134330.802108,-271041.105705,-199730.685780,-169115.559043,0.997828,0.720211,0.981702,1.272895,0.995825,0.996760,1.000003,0.000000,0.000000,0.000000,0.000000,0.000000,0.000000,0.000000,-430642.882832,-638789.882597,-409052.304159,-256023.005907,-522053.605121,-382812.981202,-323988.154662,0.570500
por,20260916,2026-09-16,2,2027,5,0.000000,0.000000,0.000000,0.000000,0.000000,0.000000,0.000000,0.000000,0.000000,0.000000,0.000000,0.000000,0.000000,0.000000,0.000000,0.000000,0.000000,0.000000,0.000000,0.000000,0.000000,0.000000,0.000000,0.000000,0.000000,0.000000,0.000000,0.000000,0.000000,0.000000,0.000000,0.000000,0.000000,0.000000,0.000000,0.000000,0.000000,0.000000,0.000000,0.000000,0.000000,0.000000,0.000000,0.000000,0.000000,0.000000,0.000000,0.000000,0.000000,0.000000,0.000000,0.000000,0.000000,0.000000,0.000000,0.000000,0.000000,0.000000,0.000000,0.000000,0.000000,0.000000,0.000000,0.000000,0.000000,0.000000,0.000000,0.000000,0.000000,0.000000,0.000000,0.000000,0.000000,0.000000,0.000000,0.000000,0.000000,0.000000,0.000000,0.000000,0.000000,0.000000,0.000000,0.000000,0.000000,0.000000,0.000000,0.000000,0.000000,0.000000,0.000000,0.000000,0.000000,0.000000,0.000000,0.000000,0.000000,0.000000,0.000000,0.000000,0.000000,0.000000,0.000000,0.000000,0.000000,0.000000,0.000000,0.000000,0.000000,0.000000,0.000000,0.000000,0.000000,0.000000,0.000000,0.000000,0.000000,0.000000,0.000000,149501.999543,66806.098244,137347.392635,250466.697368,189379.207537,127073.427442,103348.355885,50448.163280,24963.549678,45763.406913,82596.995478,57215.694192,48686.353159,42027.687761,0.000000,0.000000,0.000000,0.000000,0.000000,0.000000,0.000000,24081.518983,13452.604301,24135.474000,34567.374810,24446.203976,23970.905178,23739.515397,0.000000,0.000000,0.000000,0.000000,0.000000,0.000000,0.000000,0.000000,0.000000,0.000000,0.000000,0.000000,0.000000,0.000000,32544.971669,13357.359422,26640.533877,60544.037765,37696.025028,31022.064161,26244.237465,0.000000,0.000000,0.000000,0.000000,0.000000,0.000000,0.000000,0.000000,0.000000,0.000000,0.000000,0.000000,0.000000,0.000000,0.000000,0.000000,0.000000,0.000000,0.000000,0.000000,0.000000,0.000000,0.000000,0.000000,0.000000,0.000000,0.000000,0.000000,0.000000,0.000000,0.000000,0.000000,0.000000,0.000000,0.000000,0.000000,0.000000,0.000000,0.000000,0.000000,0.000000,0.000000,0.000000,0.000000,0.000000,0.000000,0.000000,0.000000,0.000000,-224031.681806,-329746.918657,-213192.992480,-134330.802108,-271041.105705,-199730.685780,-169115.559043,0.997936,0.699648,0.977870,1.293317,0.995901,0.998872,1.000905,0.000000,0.000000,0.000000,0.000000,0.000000,0.000000,0.000000,-654674.564638,-968541.014370,-622192.562356,-390446.947700,-793094.710826,-582543.666982,-493103.713706,0.571300
por,20260916,2026-09-16,3,2027,6,0.000000,0.000000,0.000000,0.000000,0.000000,0.000000,0.000000,0.000000,0.000000,0.000000,0.000000,0.000000,0.000000,0.000000,0.000000,0.000000,0.000000,0.000000,0.000000,0.000000,0.000000,0.000000,0.000000,0.000000,0.000000,0.000000,0.000000,0.000000,0.000000,0.000000,0.000000,0.000000,0.000000,0.000000,0.000000,0.000000,0.000000,0.000000,0.000000,0.000000,0.000000,0.000000,0.000000,0.000000,0.000000,0.000000,0.000000,0.000000,0.000000,0.000000,0.000000,0.000000,0.000000,0.000000,0.000000,0.000000,0.000000,0.000000,0.000000,0.000000,0.000000,0.000000,0.000000,0.000000,0.000000,0.000000,0.000000,0.000000,0.000000,0.000000,0.000000,0.000000,0.000000,0.000000,0.000000,0.000000,0.000000,0.000000,0.000000,0.000000,0.000000,0.000000,0.000000,0.000000,0.000000,0.000000,0.000000,0.000000,0.000000,0.000000,0.000000,0.000000,0.000000,0.000000,0.000000,0.000000,0.000000,0.000000,0.000000,0.000000,0.000000,0.000000,0.000000,0.000000,0.000000,0.000000,0.000000,0.000000,0.000000,0.000000,0.000000,0.000000,0.000000,0.000000,0.000000,0.000000,0.000000,0.000000,0.000000,149501.999543,66806.098244,137347.392635,250466.697368,189379.207537,127073.427442,103348.355885,58647.953001,28528.149753,52666.626039,97793.099854,66735.791685,56462.766176,48608.694343,4919.546489,3429.401194,4887.150795,6482.001242,5022.228343,4908.613036,4781.568304,24655.391928,13970.288720,24720.637157,35145.588888,25065.995262,24532.395403,24256.490409,0.000000,0.000000,0.000000,0.000000,0.000000,0.000000,0.000000,0.000000,0.000000,0.000000,0.000000,0.000000,0.000000,0.000000,40744.761390,16729.980041,33277.875631,76003.445155,47216.122521,38798.477178,32825.244047,0.000000,0.000000,0.000000,0.000000,0.000000,0.000000,0.000000,0.000000,0.000000,0.000000,0.000000,0.000000,0.000000,0.000000,0.000000,0.000000,0.000000,0.000000,0.000000,0.000000,0.000000,0.000000,0.000000,0.000000,0.000000,0.000000,0.000000,0.000000,0.000000,0.000000,0.000000,0.000000,0.000000,0.000000,0.000000,0.000000,0.000000,0.000000,0.000000,0.000000,0.000000,0.000000,0.000000,0.000000,0.000000,0.000000,0.000000,0.000000,0.000000,-237724.890961,-345390.684295,-227176.827105,-145404.046563,-286203.222827,-212977.202057,-180995.108941,0.997833,0.683654,0.974414,1.314091,1.000056,0.993771,1.003757,0.000000,0.000000,0.000000,0.000000,0.000000,0.000000,0.000000,-892399.455598,-1313715.171522,-848839.561789,-535959.816334,-1079297.933653,-795520.869039,-674098.822647,0.572750
por,20260916,2026-09-16,4,2027,7,0.000000,0.000000,0.000000,0.000000,0.000000,0.000000,0.000000,0.000000,0.000000,0.000000,0.000000,0.000000,0.000000,0.000000,0.000000,0.000000,0.000000,0.000000,0.000000,0.000000,0.000000,0.000000,0.000000,0.000000,0.000000,0.000000,0.000000,0.000000,0.000000,0.000000,0.000000,0.000000,0.000000,0.000000,0.000000,0.000000,0.000000,0.000000,0.000000,0.000000,0.000000,0.000000,0.000000,0.000000,0.000000,0.000000,0.000000,0.000000,0.000000,0.000000,0.000000,0.000000,0.000000,0.000000,0.000000,0.000000,0.000000,0.000000,0.000000,0.000000,0.000000,0.000000,0.000000,0.000000,0.000000,0.000000,0.000000,0.000000,0.000000,0.000000,0.000000,0.000000,0.000000,0.000000,0.000000,0.000000,0.000000,0.000000,0.000000,0.000000,0.000000,0.000000,0.000000,0.000000,0.000000,0.000000,0.000000,0.000000,0.000000,0.000000,0.000000,0.000000,0.000000,0.000000,0.000000,0.000000,0.000000,0.000000,0.000000,0.000000,0.000000,0.000000,0.000000,0.000000,0.000000,0.000000,0.000000,0.000000,0.000000,0.000000,0.000000,0.000000,0.000000,0.000000,0.000000,0.000000,0.000000,0.000000,0.000000,192783.638288,85055.190061,176297.001251,325551.362455,246589.268187,160418.209933,129661.677512,65963.606144,31394.236044,58477.583808,111469.463115,75684.346689,63034.986589,53964.966206,4919.546489,3429.401194,4887.150795,6482.001242,5022.228343,4908.613036,4781.568304,8182.847679,5268.969740,7907.480422,11351.856995,8525.731676,8130.956922,7760.782670,0.000000,0.000000,0.000000,0.000000,0.000000,0.000000,0.000000,0.000000,0.000000,0.000000,0.000000,0.000000,0.000000,0.000000,48060.414533,19449.792327,39255.312229,89770.401997,56164.677525,45370.697591,38181.515910,0.000000,0.000000,0.000000,0.000000,0.000000,0.000000,0.000000,0.000000,0.000000,0.000000,0.000000,0.000000,0.000000,0.000000,0.000000,0.000000,0.000000,0.000000,0.000000,0.000000,0.000000,0.000000,0.000000,0.000000,0.000000,0.000000,0.000000,0.000000,0.000000,0.000000,0.000000,0.000000,0.000000,0.000000,0.000000,0.000000,0.000000,0.000000,0.000000,0.000000,0.000000,0.000000,0.000000,0.000000,0.000000,0.000000,0.000000,0.000000,0.000000,-271849.638600,-411448.950689,-256471.583014,-153882.759851,-335821.574894,-236492.766479,-196168.994692,1.002581,0.676257,0.974135,1.331579,1.004415,0.999430,1.006734,0.000000,0.000000,0.000000,0.000000,0.000000,0.000000,0.000000,-1164249.094199,-1723685.159056,-1106717.643323,-691593.137933,-1415119.508548,-1032013.635518,-870267.817339,0.574250
por,20260916,2026-09-16,5,2027,8,0.000000,0.000000,0.000000,0.000000,0.000000,0.000000,0.000000,0.000000,0.000000,0.000000,0.000000,0.000000,0.000000,0.000000,0.000000,0.000000,0.000000,0.000000,0.000000,0.000000,0.000000,0.000000,0.000000,0.000000,0.000000,0.000000,0.000000,0.000000,0.000000,0.000000,0.000000,0.000000,0.000000,0.000000,0.000000,0.000000,0.000000,0.000000,0.000000,0.000000,0.000000,0.000000,0.000000,0.000000,0.000000,0.000000,0.000000,0.000000,0.000000,0.000000,0.000000,0.000000,0.000000,0.000000,0.000000,0.000000,0.000000,0.000000,0.000000,0.000000,0.000000,0.000000,0.000000,0.000000,0.000000,0.000000,0.000000,0.000000,0.000000,0.000000,0.000000,0.000000,0.000000,0.000000,0.000000,0.000000,0.000000,0.000000,0.000000,0.000000,0.000000,0.000000,0.000000,0.000000,0.000000,0.000000,0.000000,0.000000,0.000000,0.000000,0.000000,0.000000,0.000000,0.000000,0.000000,0.000000,0.000000,0.000000,0.000000,0.000000,0.000000,0.000000,0.000000,0.000000,0.000000,0.000000,0.000000,0.000000,0.000000,0.000000,0.000000,0.000000,0.000000,0.000000,0.000000,0.000000,0.000000,0.000000,0.000000,192783.638288,85055.190061,176297.001251,325551.362455,246589.268187,160418.209933,129661.677512,65963.606144,31394.236044,58477.583808,111469.463115,75684.346689,63034.986589,53964.966206,4919.546489,3429.401194,4887.150795,6482.001242,5022.228343,4908.613036,4781.568304,8182.847679,5268.969740,7907.480422,11351.856995,8525.731676,8130.956922,7760.782670,0.000000,0.000000,0.000000,0.000000,0.000000,0.000000,0.000000,0.000000,0.000000,0.000000,0.000000,0.000000,0.000000,0.000000,48060.414533,19449.792327,39255.312229,89770.401997,56164.677525,45370.697591,38181.515910,0.000000,0.000000,0.000000,0.000000,0.000000,0.000000,0.000000,0.000000,0.000000,0.000000,0.000000,0.000000,0.000000,0.000000,0.000000,0.000000,0.000000,0.000000,0.000000,0.000000,0.000000,0.000000,0.000000,0.000000,0.000000,0.000000,0.000000,0.000000,0.000000,0.000000,0.000000,0.000000,0.000000,0.000000,0.000000,0.000000,0.000000,0.000000,0.000000,0.000000,0.000000,0.000000,0.000000,0.000000,0.000000,0.000000,0.000000,0.000000,0.000000,-271849.638600,-411448.950689,-256471.583014,-153882.759851,-335821.574894,-236492.766479,-196168.994692,1.001956,0.667933,0.975358,1.338590,1.006848,0.998036,1.009359,0.000000,0.000000,0.000000,0.000000,0.000000,0.000000,0.000000,-1436098.732799,-2130018.974523,-1362920.692029,-847047.888190,-1750941.083442,-1268506.401997,-1066436.812030,0.576500
por,20260916,2026-09-16,6,2027,9,0.000000,0.000000,0.000000,0.000000,0.000000,0.000000,0.000000,0.000000,0.000000,0.000000,0.000000,0.000000,0.000000,0.000000,0.000000,0.000000,0.000000,0.000000,0.000000,0.000000,0.000000,0.000000,0.000000,0.000000,0.000000,0.000000,0.000000,0.000000,0.000000,0.000000,0.000000,0.000000,0.000000,0.000000,0.000000,1275.552534,28.882784,566.261502,3345.857625,760.439282,848.745050,1696.983245,0.000000,0.000000,0.000000,0.000000,0.000000,0.000000,0.000000,0.000000,0.000000,0.000000,0.000000,0.000000,0.000000,0.000000,0.000000,0.000000,0.000000,0.000000,0.000000,0.000000,0.000000,0.000000,0.000000,0.000000,0.000000,0.000000,0.000000,0.000000,0.000000,0.000000,0.000000,0.000000,0.000000,0.000000,0.000000,0.000000,0.000000,0.000000,0.000000,0.000000,0.000000,0.000000,0.000000,0.000000,0.000000,0.000000,0.000000,0.000000,0.000000,0.000000,0.000000,0.000000,0.000000,0.000000,0.000000,0.000000,0.000000,0.000000,0.000000,0.000000,0.000000,0.000000,0.000000,2127.480148,17.266408,458.998193,5325.340390,1294.219602,1414.675519,2758.307229,32460.647046,679.582295,17677.218307,89715.390097,25306.643111,26325.530098,43174.319740,47990.787621,15762.033853,40615.817682,91066.792014,63326.021202,37044.811837,29203.741050,73714.586385,36389.304766,66847.790259,120831.923665,84728.105163,70160.034064,60121.026779,14758.639467,10288.203581,14661.452384,19446.003727,15066.685028,14725.839107,14344.704913,10831.216454,7580.550894,10586.030373,14329.874216,11219.770207,10752.313271,10331.000788,0.000000,0.000000,0.000000,0.000000,0.000000,0.000000,0.000000,0.000000,0.000000,0.000000,0.000000,0.000000,0.000000,0.000000,44781.849246,17379.168044,36352.878751,84578.699001,53128.383173,41633.675229,34662.985092,0.000000,0.000000,0.000000,0.000000,0.000000,0.000000,0.000000,0.000000,0.000000,0.000000,0.000000,0.000000,0.000000,0.000000,0.000000,0.000000,0.000000,0.000000,0.000000,0.000000,0.000000,0.000000,0.000000,0.000000,0.000000,0.000000,0.000000,0.000000,0.000000,0.000000,0.000000,0.000000,0.000000,0.000000,0.000000,40.212469,8.446786,27.156330,93.210954,45.028855,43.525840,37.089451,46.780185,9.945172,31.907222,106.913679,52.256758,50.583567,43.177217,-181883.357121,-271417.494144,-171105.702909,-107768.455897,-200941.444313,-160423.203896,-159933.100499,1.001508,0.663536,0.975718,1.340209,1.004029,0.997964,1.009709,0.000000,0.000000,0.000000,0.000000,0.000000,0.000000,0.000000,-1617982.089919,-2364733.130657,-1542927.817215,-979817.972062,-1951882.527755,-1428929.605893,-1226369.912529,0.584900
por,20260916,2026-09-16,7,2027,10,936.234174,20.388415,414.954551,2443.591577,550.725995,618.625018,1241.341484,936.234174,20.388415,414.954551,2443.591577,550.725995,618.625018,1241.341484,0.000000,0.000000,0.000000,0.000000,0.000000,0.000000,0.000000,0.000000,0.000000,0.000000,0.000000,0.000000,0.000000,0.000000,0.000000,0.000000,0.000000,0.000000,0.000000,0.000000,0.000000,1175.373317,29.038396,540.763414,3090.288763,696.517865,782.045338,1562.184336,26079.250818,236.481097,9602.262257,67997.673775,10712.105199,12177.911826,34715.617747,21732.709015,197.067581,8001.885214,56664.728145,8926.754332,10148.259855,28929.681456,4346.541803,39.413516,1600.377043,11332.945629,1785.350866,2029.651971,5785.936291,0.000000,0.000000,0.000000,0.000000,0.000000,0.000000,0.000000,0.000000,0.000000,0.000000,0.000000,0.000000,0.000000,0.000000,2132.839554,24.535695,598.001113,5212.303142,1122.674242,1316.453034,2874.075990,312.293860,4.491466,106.722007,806.758973,181.823038,203.709438,416.191975,1027.652276,13.578626,410.237153,2666.098348,471.023630,535.107721,1371.329607,298.531173,4.819752,109.176009,796.329247,177.743629,197.009523,394.389498,1966.395035,16.833969,432.170436,4983.421834,1186.027076,1319.049802,2543.473815,28711.746911,668.017252,15814.357466,79220.256688,22549.778820,23369.025651,37984.720448,240774.425909,103922.026725,218082.870792,409859.512763,309915.289389,197463.021770,158865.418562,73714.586385,36389.304766,66847.790259,120831.923665,84728.105163,70160.034064,60121.026779,15471.888274,10380.846462,15056.216536,20418.476766,15323.355337,15067.238619,15270.788626,10844.699424,7585.721297,10594.166461,14333.604387,11224.574585,10758.613497,10348.556653,0.000000,0.000000,0.000000,0.000000,0.000000,0.000000,0.000000,0.000000,0.000000,0.000000,0.000000,0.000000,0.000000,0.000000,44781.849246,17379.168044,36352.878751,84578.699001,53128.383173,41633.675229,34662.985092,0.000000,0.000000,0.000000,0.000000,0.000000,0.000000,0.000000,0.000000,0.000000,0.000000,0.000000,0.000000,0.000000,0.000000,10855.285644,199.179076,4314.556298,28345.612731,6101.486527,6840.844314,14405.736285,0.000000,0.000000,0.000000,0.000000,0.000000,0.000000,0.000000,0.225190,0.041157,0.231318,0.394918,0.219723,0.219400,0.232384,38.361004,8.230860,26.093795,89.261690,43.072833,41.573806,35.153772,44.622946,9.654814,30.513611,102.515492,49.990245,48.309592,40.918232,-353522.349786,-536378.351890,-332899.590458,-199400.537164,-437953.640577,-310241.003264,-261260.290496,1.003613,0.661136,0.975868,1.342535,0.999000,0.997774,1.009051,0.000000,0.000000,0.000000,0.000000,0.000000,0.000000,0.000000,-1971504.439705,-2893072.832231,-1876678.228510,-1186793.532608,-2389836.168332,-1739170.609157,-1487630.203026,0.582900
por,20260916,2026-09-16,8,2027,11,1704.402893,39.018012,774.946085,4458.052809,996.049260,1124.278078,2260.019577,1704.402893,39.018012,774.946085,4458.052809,996.049260,1124.278078,2260.019577,0.000000,0.000000,0.000000,0.000000,0.000000,0.000000,0.000000,0.000000,0.000000,0.000000,0.000000,0.000000,0.000000,0.000000,0.000000,0.000000,0.000000,0.000000,0.000000,0.000000,0.000000,1275.051279,27.212452,539.679065,3379.055308,686.415115,782.419377,1650.281433,47656.246897,452.517233,17653.367677,124208.691496,19511.558007,22217.639220,63380.490831,39713.539081,377.097694,14711.139731,103507.242914,16259.631673,18514.699350,52817.075692,7942.707816,75.419539,2942.227946,20701.448583,3251.926335,3702.939870,10563.415138,0.000000,0.000000,0.000000,0.000000,0.000000,0.000000,0.000000,0.000000,0.000000,0.000000,0.000000,0.000000,0.000000,0.000000,3827.674951,46.190621,1096.236467,9416.969644,2022.690766,2359.136061,5154.073254,568.069721,8.498903,197.683018,1484.592179,328.184097,369.987814,754.276773,1875.425115,25.924344,766.332485,4854.091766,855.918208,973.975302,2500.634485,543.734398,9.082961,202.721968,1432.048078,321.976591,358.346110,717.836723,2134.562499,16.156194,439.933125,5328.070478,1160.024537,1306.078206,2711.838129,30251.548263,621.366336,16874.532893,82490.527454,21840.952528,22838.646662,40182.345983,240774.425909,103922.026725,218082.870792,409859.512763,309915.289389,197463.021770,158865.418562,73714.586385,36389.304766,66847.790259,120831.923665,84728.105163,70160.034064,60121.026779,16456.220362,10553.019832,15673.746134,23102.237517,15856.327533,15653.613316,16739.072913,10863.032917,7593.132755,10610.239583,14347.717537,11234.161808,10769.667739,10375.887537,0.000000,0.000000,0.000000,0.000000,0.000000,0.000000,0.000000,0.000000,0.000000,0.000000,0.000000,0.000000,0.000000,0.000000,44781.849246,17379.168044,36352.878751,84578.699001,53128.383173,41633.675229,34662.985092,0.000000,0.000000,0.000000,0.000000,0.000000,0.000000,0.000000,0.000000,0.000000,0.000000,0.000000,0.000000,0.000000,0.000000,20107.484154,385.678151,8161.709073,52239.058798,11249.072541,12645.014737,26661.903836,0.000000,0.000000,0.000000,0.000000,0.000000,0.000000,0.000000,0.230572,0.044444,0.237138,0.402327,0.225088,0.224670,0.238060,37.758234,9.068605,25.905079,87.728410,41.893660,40.506363,35.311268,43.946361,10.625588,30.356881,100.218995,48.637514,47.080249,41.131037,-341295.741440,-525298.761193,-322482.534591,-187362.757003,-432003.998946,-303737.807693,-245305.335444,1.003142,0.663210,0.977059,1.338470,0.995386,0.992499,1.010025,0.000000,0.000000,0.000000,0.000000,0.000000,0.000000,0.000000,-2312800.181145,-3414887.392517,-2197917.180551,-1378252.357561,-2821840.167278,-2042908.416849,-1732935.538470,0.578050
por,20260916,2026-09-16,9,2027,12,2470.631864,54.469314,1100.171126,6535.513366,1387.097433,1578.168908,3241.111035,2470.631864,54.469314,1100.171126,6535.513366,1387.097433,1578.168908,3241.111035,0.000000,0.000000,0.000000,0.000000,0.000000,0.000000,0.000000,0.000000,0.000000,0.000000,0.000000,0.000000,0.000000,0.000000,0.000000,0.000000,0.000000,0.000000,0.000000,0.000000,0.000000,1313.914158,24.957109,518.540485,3479.514793,660.146497,758.312120,1665.640778,69239.228111,643.067735,24583.856079,179341.599155,26937.482397,30856.639950,89922.677964,57699.356759,535.889779,20486.546733,149451.332629,22447.901997,25713.866625,74935.564970,11539.871352,107.177956,4097.309347,29890.266526,4489.580399,5142.773325,14987.112994,0.000000,0.000000,0.000000,0.000000,0.000000,0.000000,0.000000,0.000000,0.000000,0.000000,0.000000,0.000000,0.000000,0.000000,5145.521804,59.795810,1427.375168,12484.268797,2610.188769,3059.793902,6826.626000,824.080395,12.068784,278.633240,2162.065505,456.838290,518.197992,1080.632205,2722.918551,36.023186,1078.111328,7008.414571,1184.748610,1357.177975,3558.023132,788.642864,12.845641,286.561281,2079.548217,447.883049,502.503802,1030.490442,2199.621067,14.701302,430.364940,5423.080510,1103.795081,1275.453993,2739.690097,30295.856701,535.512112,16657.234515,81858.535189,20052.308408,21187.893584,40377.121362,338157.228440,147028.046962,307268.577723,575035.505758,435089.562950,277723.561693,223960.054147,73714.586385,36389.304766,66847.790259,120831.923665,84728.105163,70160.034064,60121.026779,17331.554808,10696.471531,16253.220971,26423.833982,16314.719600,16214.544168,18066.998959,10879.469411,7601.670928,10629.161569,14365.428592,11242.796738,10779.970802,10401.397684,0.000000,0.000000,0.000000,0.000000,0.000000,0.000000,0.000000,0.000000,0.000000,0.000000,0.000000,0.000000,0.000000,0.000000,44781.849246,17379.168044,36352.878751,84578.699001,53128.383173,41633.675229,34662.985092,0.000000,0.000000,0.000000,0.000000,0.000000,0.000000,0.000000,0.000000,0.000000,0.000000,0.000000,0.000000,0.000000,0.000000,27749.784285,520.069046,10939.645326,72626.973729,14903.340620,16846.122149,36376.692346,0.000000,0.000000,0.000000,0.000000,0.000000,0.000000,0.000000,0.216626,0.038095,0.221651,0.381666,0.211402,0.211010,0.223901,36.314045,9.408974,25.232731,83.219138,39.803523,38.550630,34.643255,42.288354,10.998214,29.615520,95.094821,46.225263,44.820376,40.378395,-424360.123666,-674163.432225,-398704.035684,-219846.155959,-550783.044662,-377065.265350,-293226.495837,1.004526,0.664134,0.975213,1.349840,0.996072,0.995539,1.005378,0.000000,0.000000,0.000000,0.000000,0.000000,0.000000,0.000000,-2737160.304811,-4074467.200122,-2595317.252922,-1599335.401341,-3372623.211939,-2419973.682199,-2026162.034307,0.572550
por,20260916,2026-09-16,10,2028,1,3190.828263,68.046400,1374.399452,8475.190959,1719.369266,1968.158715,4135.963745,3190.828263,68.046400,1374.399452,8475.190959,1719.369266,1968.158715,4135.963745,0.000000,0.000000,0.000000,0.000000,0.000000,0.000000,0.000000,0.000000,0.000000,0.000000,0.000000,0.000000,0.000000,0.000000,0.000000,0.000000,0.000000,0.000000,0.000000,0.000000,0.000000,1705.853636,20.859380,564.023772,4511.024913,744.938973,888.720335,2105.815441,92009.896937,809.016405,31233.299725,234445.534748,33851.704758,38972.607165,116456.807731,76674.914114,674.180337,26027.749771,195371.278957,28209.753965,32477.172637,97047.339776,15334.982823,134.836067,5205.549954,39074.255791,5641.950793,6495.434527,19409.467955,0.000000,0.000000,0.000000,0.000000,0.000000,0.000000,0.000000,0.000000,0.000000,0.000000,0.000000,0.000000,0.000000,0.000000,6828.741322,74.261076,1825.142050,16463.146499,3327.018021,3896.130822,8943.032327,1066.461228,14.873104,349.619878,2807.450979,566.063684,646.394883,1378.128481,3590.253733,45.438266,1353.281276,9088.251612,1481.206900,1705.794691,4589.520114,1019.197285,15.866267,361.011357,2704.935621,554.575863,627.804356,1315.977822,2853.920724,12.698049,463.096877,6835.377720,1225.227934,1494.940609,3467.056022,44366.929239,399.304003,21135.956651,121635.815944,24377.950029,27051.861768,61263.115699,382799.330009,164015.863887,346210.522771,653261.275031,494105.236293,312034.161547,251010.999335,70641.799323,35155.271913,64415.735223,114853.319456,80994.211883,67384.328305,57844.737418,18132.627244,10805.927478,16747.961846,27981.393423,16793.510728,16692.350226,19171.686489,54836.273019,33926.941974,54850.759999,75630.325932,55020.889036,54787.197380,54690.664697,0.000000,0.000000,0.000000,0.000000,0.000000,0.000000,0.000000,0.000000,0.000000,0.000000,0.000000,0.000000,0.000000,0.000000,41709.062185,16349.940288,33935.985906,78662.930447,49394.489893,38857.969470,32386.695732,0.000000,0.000000,0.000000,0.000000,0.000000,0.000000,0.000000,0.000000,0.000000,0.000000,0.000000,0.000000,0.000000,0.000000,37827.487169,676.727368,14392.964076,98497.446036,19478.551012,22098.013289,48963.603383,0.000000,0.000000,0.000000,0.000000,0.000000,0.000000,0.000000,0.231477,0.045538,0.238024,0.402499,0.226546,0.225636,0.238762,38.393624,10.329406,26.745688,86.086385,40.403571,39.610842,39.598043,44.794774,12.042572,31.462186,99.777283,46.966888,46.118378,46.245794,-509460.619013,-794651.525668,-478838.461427,-278487.406342,-650236.136406,-453843.791950,-366627.578628,1.001543,0.657387,0.974924,1.344131,0.991880,0.993794,1.002056,0.000000,0.000000,0.000000,0.000000,0.000000,0.000000,0.000000,-3246620.923824,-4857899.343151,-3072842.548175,-1874902.465602,-4022859.348346,-2873817.474149,-2392789.612935,0.569350
por,20260916,2026-09-16,11,2028,2,4132.492296,77.455881,1668.350642,10937.772255,2080.177858,2414.235948,5266.514313,4132.492296,77.455881,1668.350642,10937.772255,2080.177858,2414.235948,5266.514313,0.000000,0.000000,0.000000,0.000000,0.000000,0.000000,0.000000,0.000000,0.000000,0.000000,0.000000,0.000000,0.000000,0.000000,0.000000,0.000000,0.000000,0.000000,0.000000,0.000000,0.000000,1703.648048,16.702730,515.001728,4488.331555,685.526879,824.316708,2059.175763,123173.941413,912.443345,38285.252205,311707.607002,41556.851501,48531.600760,149930.554635,102644.951178,760.369454,31904.376837,259756.339168,34630.709584,40443.000634,124942.128862,20528.990236,152.073891,6380.875367,51951.267834,6926.141917,8088.600127,24988.425772,0.000000,0.000000,0.000000,0.000000,0.000000,0.000000,0.000000,0.000000,0.000000,0.000000,0.000000,0.000000,0.000000,0.000000,8926.372797,85.009955,2209.980169,21156.401487,4045.018503,4786.511071,11471.138979,1382.552568,16.871860,425.159084,3627.387456,684.220919,790.852255,1755.839284,4763.808718,52.729866,1666.067586,11993.114762,1808.132176,2111.690253,5888.577706,1320.736132,18.008257,441.210644,3481.967844,670.229737,771.195755,1678.764223,2845.506306,10.180340,418.983736,6597.954207,1117.392163,1389.742842,3412.798438,43689.078782,287.597799,18878.251088,119667.408083,21255.399776,23992.402957,60133.120741,382799.330009,164015.863887,346210.522771,653261.275031,494105.236293,312034.161547,251010.999335,70641.799323,35155.271913,64415.735223,114853.319456,80994.211883,67384.328305,57844.737418,18995.722990,10931.660282,17161.416750,29191.793365,17256.574334,17132.515172,20193.237646,10731.216550,7537.764942,10507.761708,14118.242453,11051.095528,10629.632052,10295.412737,0.000000,0.000000,0.000000,0.000000,0.000000,0.000000,0.000000,0.000000,0.000000,0.000000,0.000000,0.000000,0.000000,0.000000,41709.062185,16349.940288,33935.985906,78662.930447,49394.489893,38857.969470,32386.695732,0.000000,0.000000,0.000000,0.000000,0.000000,0.000000,0.000000,0.000000,0.000000,0.000000,0.000000,0.000000,0.000000,0.000000,50790.739213,796.175969,17994.679783,132173.291039,24360.613661,27936.818004,64507.931523,0.000000,0.000000,0.000000,0.000000,0.000000,0.000000,0.000000,0.241304,0.051113,0.248247,0.417153,0.236289,0.235493,0.248490,35.981663,9.762084,25.405001,79.374925,37.029530,36.508802,38.259779,42.015444,11.400787,29.832840,92.075541,43.055835,42.525485,44.715740,-443451.172996,-737731.925905,-419227.802420,-210597.742462,-598356.801728,-400580.031577,-298742.497645,0.999708,0.655359,0.971812,1.334537,0.992839,0.988022,0.997469,0.000000,0.000000,0.000000,0.000000,0.000000,0.000000,0.000000,-3690072.096820,-5600167.947293,-3486140.570347,-2090908.445859,-4621216.150073,-3274397.505726,-2691532.110581,0.563400
por,20260916,2026-09-16,12,2028,3,4984.622085,82.855403,1906.352654,13274.537049,2361.738960,2768.138164,6252.500409,4984.622085,82.855403,1906.352654,13274.537049,2361.738960,2768.138164,6252.500409,0.000000,0.000000,0.000000,0.000000,0.000000,0.000000,0.000000,0.000000,0.000000,0.000000,0.000000,0.000000,0.000000,0.000000,0.000000,0.000000,0.000000,0.000000,0.000000,0.000000,0.000000,1829.983367,12.120940,472.014887,4740.396346,637.873823,796.403575,2129.512985,153623.294178,1001.072577,43920.764962,383466.426616,48043.573838,56622.689828,180698.189345,128019.411815,834.227147,36600.637468,319555.355513,40036.311532,47185.574857,150581.824454,25603.882363,166.845429,7320.127494,63911.071103,8007.262306,9437.114971,30116.364891,0.000000,0.000000,0.000000,0.000000,0.000000,0.000000,0.000000,0.000000,0.000000,0.000000,0.000000,0.000000,0.000000,0.000000,10997.203932,94.314771,2556.698156,25916.763694,4686.979443,5579.940424,13857.693911,1670.262147,18.289507,480.747482,4353.453472,777.062530,906.838160,2087.753837,5888.371966,56.665407,1909.052855,14759.435489,2076.111285,2447.957382,7063.671137,1593.511630,19.430491,501.489161,4169.000081,760.215332,885.515114,1993.784384,3059.122507,7.517389,391.639022,6798.637328,1023.154174,1345.893756,3542.504126,47727.783144,179.813470,16778.475158,130577.205576,19094.200506,22429.900975,64837.214118,469362.607500,195957.453742,420361.176075,812287.728447,608525.357592,378723.726529,303637.642588,109691.620716,55202.501263,100484.605788,177112.706711,125432.874906,104757.609985,90159.677323,34562.520459,22019.709300,32766.179331,48162.506625,32698.989478,32301.174270,35430.650919,14858.936853,10555.439193,14427.399668,19592.998065,15335.954841,14708.606266,14213.871736,0.000000,0.000000,0.000000,0.000000,0.000000,0.000000,0.000000,0.000000,0.000000,0.000000,0.000000,0.000000,0.000000,0.000000,62855.691968,24758.886057,51083.343406,118381.335817,74313.483752,58566.962152,48918.185340,0.000000,0.000000,0.000000,0.000000,0.000000,0.000000,0.000000,0.000000,0.000000,0.000000,0.000000,0.000000,0.000000,0.000000,64418.437794,899.610948,21446.104531,165783.652767,29021.151692,33537.623871,80343.742481,0.000000,0.000000,0.000000,0.000000,0.000000,0.000000,0.000000,0.255362,0.058809,0.263476,0.435763,0.250077,0.249149,0.262567,33.952037,9.020831,24.259314,73.523986,33.637214,33.552841,37.918880,39.698935,10.425024,28.477808,85.616619,39.119632,39.111324,44.374588,-571392.529040,-947003.702276,-540946.919728,-277420.255864,-770374.588555,-516901.588005,-386242.639624,1.002022,0.653457,0.974699,1.347588,0.991097,0.993799,1.001675,0.000000,0.000000,0.000000,0.000000,0.000000,0.000000,0.000000,-4261464.625860,-6528939.666021,-4027771.895610,-2368179.796416,-5391590.738628,-3791299.093731,-3077774.750205,0.558750
por,20260916,2026-09-16,13,2028,4,5854.412875,85.919880,2067.554942,15470.501243,2581.869257,3069.229746,7197.145893,5854.412875,85.919880,2067.554942,15470.501243,2581.869257,3069.229746,7197.145893,0.000000,0.000000,0.000000,0.000000,0.000000,0.000000,0.000000,0.000000,0.000000,0.000000,0.000000,0.000000,0.000000,0.000000,0.000000,0.000000,0.000000,0.000000,0.000000,0.000000,0.000000,1895.758407,7.548728,403.831322,4844.796048,557.351861,715.751750,2114.258552,185380.051350,1053.783398,48109.689099,455259.301101,53201.919737,63628.513599,209735.188826,154483.376125,878.152832,40091.407582,379382.750918,44334.933114,53023.761333,174779.324022,30896.675225,175.630566,8018.281516,75876.550184,8866.986623,10604.752267,34955.864804,0.000000,0.000000,0.000000,0.000000,0.000000,0.000000,0.000000,0.000000,0.000000,0.000000,0.000000,0.000000,0.000000,0.000000,12778.867214,95.401132,2765.240251,29906.900448,5057.998446,6096.746920,15721.715740,1964.632844,18.547272,530.609100,5110.290941,849.905054,1007.714766,2405.014043,7054.177489,57.686147,2096.151886,17433.297866,2288.270417,2736.862151,8175.647777,1871.045433,19.674345,552.677434,4864.160757,828.295463,983.786169,2294.669768,3179.596848,4.793440,335.813346,6570.736286,862.307370,1197.946621,3470.113052,50300.385385,89.723131,13002.940200,138309.059294,15884.697490,19197.244471,65848.371250,282648.580912,110104.848685,248008.669908,504019.509043,369857.662652,222971.363305,177604.008062,96024.615224,48982.073741,88696.363029,152918.333720,109714.132271,91672.661452,79008.585282,35252.413244,22140.919330,33103.879410,49554.755885,32926.109485,32678.701584,36223.086876,44263.574956,28300.898763,44118.697667,60343.127169,44533.239315,44232.033041,43593.235630,0.000000,0.000000,0.000000,0.000000,0.000000,0.000000,0.000000,0.000000,0.000000,0.000000,0.000000,0.000000,0.000000,0.000000,49188.686475,18899.357714,39866.752248,93086.463375,58594.741117,45482.013619,37767.093299,0.000000,0.000000,0.000000,0.000000,0.000000,0.000000,0.000000,0.000000,0.000000,0.000000,0.000000,0.000000,0.000000,0.000000,77035.770621,929.226528,23720.102668,197290.714019,32231.255998,37722.557961,93889.544491,0.000000,0.000000,0.000000,0.000000,0.000000,0.000000,0.000000,0.260064,0.061626,0.268079,0.441737,0.254878,0.253886,0.267133,31.026501,7.515396,22.562559,66.134401,29.385420,29.646991,36.398606,36.332450,8.698505,26.707435,77.537743,34.183712,34.578948,42.650071,-380854.513425,-651396.318551,-379569.789702,-182238.882617,-538467.684849,-369751.299148,-259565.123459,1.002599,0.652396,0.973038,1.346746,0.991640,0.996886,1.002699,0.000000,0.000000,0.000000,0.000000,0.000000,0.000000,0.000000,-4642319.139285,-7161077.647414,-4403234.137601,-2563182.705167,-5930058.423477,-4161050.392879,-3337339.873664,0.555950
por,20260916,2026-09-16,14,2028,5,6697.714133,85.233612,2193.706058,17571.477081,2723.885533,3284.941100,8038.787929,6697.714133,85.233612,2193.706058,17571.477081,2723.885533,3284.941100,8038.787929,0.000000,0.000000,0.000000,0.000000,0.000000,0.000000,0.000000,0.000000,0.000000,0.000000,0.000000,0.000000,0.000000,0.000000,0.000000,0.000000,0.000000,0.000000,0.000000,0.000000,0.000000,1768.784154,3.771495,317.120572,4439.929883,445.337953,566.260054,1887.004092,218291.389776,1066.450983,50751.862712,532589.210744,57003.476791,68981.909758,236781.358998,181909.491480,888.709153,42293.218927,443824.342287,47502.897326,57484.924798,197317.799165,36381.898296,177.741831,8458.643785,88764.868457,9500.579465,11496.984960,39463.559833,0.000000,0.000000,0.000000,0.000000,0.000000,0.000000,0.000000,0.000000,0.000000,0.000000,0.000000,0.000000,0.000000,0.000000,14469.685954,92.999466,2865.817720,33177.724232,5255.479260,6426.349930,17310.579958,2252.707054,18.420018,565.658760,5744.101252,897.125536,1077.237873,2686.888774,8249.420212,57.532418,2203.984697,20167.851853,2437.749487,2953.914312,9200.749613,2140.002194,19.588319,581.242661,5495.446803,870.737566,1054.882605,2564.230750,2889.035813,2.630298,260.926127,5727.976993,657.679532,910.673546,3073.978646,45381.023204,33.170564,7773.736279,122095.287010,11249.057488,13624.841140,55228.146974,282648.580912,110104.848685,248008.669908,504019.509043,369857.662652,222971.363305,177604.008062,96024.615224,48982.073741,88696.363029,152918.333720,109714.132271,91672.661452,79008.585282,35840.391897,22246.471951,33360.648954,50937.535804,33051.608588,32939.818777,36974.331038,56864.277203,33570.980214,56603.661169,80282.038315,57552.979463,56720.321479,56104.474258,0.000000,0.000000,0.000000,0.000000,0.000000,0.000000,0.000000,0.000000,0.000000,0.000000,0.000000,0.000000,0.000000,0.000000,49188.686475,18899.357714,39866.752248,93086.463375,58594.741117,45482.013619,37767.093299,0.000000,0.000000,0.000000,0.000000,0.000000,0.000000,0.000000,0.000000,0.000000,0.000000,0.000000,0.000000,0.000000,0.000000,89715.099490,933.307442,25543.922911,228296.652532,34513.443001,40953.158041,106487.290638,0.000000,0.000000,0.000000,0.000000,0.000000,0.000000,0.000000,0.264777,0.064501,0.272617,0.447907,0.259679,0.258492,0.271729,26.520236,5.690916,20.005839,56.499398,24.068725,24.456129,32.211660,31.090766,6.583618,23.403682,66.189033,27.992295,28.533577,37.763368,-364850.248188,-654791.072393,-380846.236352,-149319.546678,-544041.314517,-372867.139620,-242438.174190,1.004316,0.656557,0.975269,1.346812,0.994252,0.997252,1.006134,0.000000,0.000000,0.000000,0.000000,0.000000,0.000000,0.000000,-5007169.387473,-7799292.847936,-4770003.832051,-2725395.820647,-6474099.737995,-4533917.532499,-3579778.047854,0.550550
por,20260916,2026-09-16,15,2028,6,7375.356343,81.910925,2236.781312,19174.907654,2772.937682,3374.143120,8637.058941,7375.356343,81.910925,2236.781312,19174.907654,2772.937682,3374.143120,8637.058941,0.000000,0.000000,0.000000,0.000000,0.000000,0.000000,0.000000,0.000000,0.000000,0.000000,0.000000,0.000000,0.000000,0.000000,0.000000,0.000000,0.000000,0.000000,0.000000,0.000000,0.000000,2473.519301,55.967018,754.960434,5923.187808,938.652454,1098.689275,2612.548107,231805.801995,972.968824,48858.667156,559247.646184,55574.964895,67747.777845,241743.278016,193171.501662,810.807354,40715.555963,466039.705153,46312.470746,56456.481538,201452.731680,38634.300332,162.161471,8143.111193,93207.941031,9262.494149,11291.296308,40290.546336,0.000000,0.000000,0.000000,0.000000,0.000000,0.000000,0.000000,0.000000,0.000000,0.000000,0.000000,0.000000,0.000000,0.000000,12273.834938,69.098247,2257.463508,27483.625312,4099.819495,5076.042781,14196.325808,2486.137060,17.939946,578.655264,6214.435794,914.358298,1105.926205,2886.815412,8846.861269,54.116763,2166.689171,21518.583608,2413.438524,2947.082027,9524.605259,2354.919067,18.768447,594.253634,5996.682477,884.918426,1086.027877,2756.624550,4216.074468,30.798759,657.529627,8963.606603,1613.116620,1888.986129,4396.766907,64095.737374,1712.154439,27345.662087,146929.319203,28384.009173,30807.299066,72355.079101,188335.168582,60833.385116,159211.613748,359135.441913,248702.023736,145033.027871,114330.105139,94652.936964,48909.729301,88229.289690,148766.753083,107811.139438,90539.665102,78253.169608,36241.854816,22280.651295,33478.870998,51723.018201,33105.149956,33007.769260,37492.593376,15715.637839,11344.521847,15524.250149,20233.010380,16086.384450,15581.679577,15169.933309,0.000000,0.000000,0.000000,0.000000,0.000000,0.000000,0.000000,0.000000,0.000000,0.000000,0.000000,0.000000,0.000000,0.000000,42302.235451,15935.754864,34227.915141,79974.243537,50651.721872,38917.982350,32174.381931,0.000000,0.000000,0.000000,0.000000,0.000000,0.000000,0.000000,0.000000,0.000000,0.000000,0.000000,0.000000,0.000000,0.000000,78429.280993,691.766451,20759.360915,196375.943407,27782.516197,33260.436141,90314.606291,0.000000,0.000000,0.000000,0.000000,0.000000,0.000000,0.000000,0.198193,0.031228,0.202155,0.353933,0.194145,0.192852,0.203832,40.015600,12.186061,30.080395,82.354378,42.768706,41.580892,37.980757,46.642527,14.299413,35.083439,95.422461,49.656198,48.365491,44.301648,-236047.660715,-490366.161070,-270245.241485,-44672.944554,-397701.887371,-270617.024355,-149909.286791,1.005261,0.653460,0.974056,1.354074,0.993542,0.998787,1.010228,0.000000,0.000000,0.000000,0.000000,0.000000,0.000000,0.000000,-5243217.048188,-8262437.596198,-5028174.497642,-2823374.101946,-6871801.625366,-4804534.556854,-3729687.334644,0.544050
por,20260916,2026-09-16,16,2028,7,4528.126477,76.730406,1359.453360,11374.794901,1700.746943,2032.340279,5084.265434,3828.386334,54.432389,1157.116214,9762.156101,1456.084433,1743.979406,4368.661962,699.740143,11.171780,187.909014,1591.474441,244.662510,288.360873,715.603472,0.000000,0.000000,0.000000,0.000000,0.000000,0.000000,0.000000,0.000000,0.000000,0.000000,0.000000,0.000000,0.000000,0.000000,2511.499352,60.259226,734.663416,5884.547209,909.845262,1058.245106,2575.804564,139611.483165,940.843904,28905.885030,322169.319237,32511.322841,39218.527768,138166.896662,119556.509615,813.023512,24697.359368,275100.041281,27739.500295,33453.804919,117959.582038,20054.973549,120.059953,4199.845976,47319.985401,4771.822546,5764.722849,20207.314623,0.000000,0.000000,0.000000,0.000000,0.000000,0.000000,0.000000,0.000000,0.000000,0.000000,0.000000,0.000000,0.000000,0.000000,5862.073854,49.540419,1095.092101,12615.787620,1995.330661,2392.378241,6415.586276,1530.849449,16.524901,355.825408,3720.810429,565.215001,671.548068,1709.704393,5351.546574,51.962372,1296.767911,12430.496322,1438.071863,1729.449327,5484.444220,1451.601930,17.387555,365.491541,3567.518823,545.028948,658.289355,1620.455491,4265.079433,33.853817,651.891038,8839.312639,1543.204384,1798.858647,4328.798755,65865.734854,2188.249964,26368.088042,144556.810462,27430.780403,29677.895609,70699.226081,104492.816740,34283.298684,88465.614693,198146.596948,137893.127823,80275.097615,63178.709011,88507.362841,46376.766692,83142.093735,137661.487845,100343.352879,84988.253584,73700.590887,33848.763373,21718.918447,32182.318546,46752.921536,31871.681389,31459.903886,34269.866713,15311.090954,11133.730754,15161.075217,19610.879174,15646.258014,15216.981353,14814.921665,0.000000,0.000000,0.000000,0.000000,0.000000,0.000000,0.000000,0.000000,0.000000,0.000000,0.000000,0.000000,0.000000,0.000000,36156.661328,13754.200995,29305.313318,68333.217936,43183.935312,33366.570832,27621.803209,0.000000,0.000000,0.000000,0.000000,0.000000,0.000000,0.000000,0.000000,0.000000,0.000000,0.000000,0.000000,0.000000,0.000000,38031.672508,520.320192,10087.058197,91353.611148,13434.221089,15756.229160,41616.845313,0.000000,0.000000,0.000000,0.000000,0.000000,0.000000,0.000000,0.143134,0.013102,0.138479,0.278685,0.141914,0.139205,0.145366,40.590487,12.428917,30.847371,82.145960,43.641170,42.287391,38.000446,47.297343,14.592088,36.026849,95.577900,50.663625,49.154718,44.316652,-206930.410386,-350728.980079,-219032.614237,-111433.819678,-291532.551070,-215414.850766,-158262.721453,1.005829,0.655352,0.975507,1.352882,0.989599,0.998890,1.014939,0.000000,0.000000,0.000000,0.000000,0.000000,0.000000,0.000000,-5450147.458573,-8588576.859966,-5238387.286893,-2949253.098384,-7163334.176436,-5019949.407620,-3887950.056097,0.542200
por,20260916,2026-09-16,17,2028,8,5351.419136,104.879739,1605.797018,13073.213055,1960.261987,2321.537693,5780.622375,4080.272153,67.223181,1232.173746,10223.549506,1519.767498,1809.049681,4501.318114,1271.146983,24.970259,343.062804,2853.256640,440.494489,512.488011,1279.304260,0.000000,0.000000,0.000000,0.000000,0.000000,0.000000,0.000000,0.000000,0.000000,0.000000,0.000000,0.000000,0.000000,0.000000,2569.729145,69.158015,772.649096,5980.353433,951.774091,1109.174184,2621.245970,171244.973126,1323.559264,34496.349153,379986.305101,37861.563300,45308.743962,160732.291832,148624.501058,1177.799349,29893.583793,329788.580413,32719.256772,39133.329241,139032.711530,22620.472068,154.349686,4659.235126,51423.159154,5142.306528,6175.414721,21699.580302,0.000000,0.000000,0.000000,0.000000,0.000000,0.000000,0.000000,0.000000,0.000000,0.000000,0.000000,0.000000,0.000000,0.000000,7274.805851,69.824736,1339.389297,15195.113418,2432.996348,2897.237186,7639.530556,1817.157163,22.278612,423.209585,4303.376199,652.763014,769.080192,1943.672922,6504.832722,73.290533,1534.923321,14678.503591,1667.165270,1994.131782,6342.168979,1713.455152,23.689798,431.791919,4119.692903,629.367487,751.233887,1843.465973,4370.804285,39.586728,693.208408,9224.041920,1620.627032,1896.412949,4414.560571,69417.587154,2830.625818,29468.822928,147937.811151,30444.634349,32526.041546,72909.754496,104492.816740,34283.298684,88465.614693,198146.596948,137893.127823,80275.097615,63178.709011,88507.362841,46376.766692,83142.093735,137661.487845,100343.352879,84988.253584,73700.590887,34484.462430,21884.790856,32482.521125,48060.971139,32162.770203,31853.823936,34949.563585,15322.939547,11145.645427,15170.426372,19621.176637,15651.614505,15224.046961,14828.307096,0.000000,0.000000,0.000000,0.000000,0.000000,0.000000,0.000000,0.000000,0.000000,0.000000,0.000000,0.000000,0.000000,0.000000,36156.661328,13754.200995,29305.313318,68333.217936,43183.935312,33366.570832,27621.803209,0.000000,0.000000,0.000000,0.000000,0.000000,0.000000,0.000000,0.000000,0.000000,0.000000,0.000000,0.000000,0.000000,0.000000,48337.284727,757.162330,12732.983699,114023.473632,16612.137391,19387.289794,50755.347960,0.000000,0.000000,0.000000,0.000000,0.000000,0.000000,0.000000,0.157615,0.017587,0.156082,0.298295,0.156194,0.153370,0.160127,42.614942,13.057908,32.226726,86.526820,46.072392,44.697417,39.345526,49.645972,15.269294,37.768420,100.210389,53.473313,51.938501,45.875453,-185281.722826,-346833.253929,-214239.898404,-78630.239446,-290779.162138,-214042.030398,-142717.612546,1.003779,0.650830,0.972612,1.356794,0.985875,1.000206,1.016285,0.000000,0.000000,0.000000,0.000000,0.000000,0.000000,0.000000,-5635429.181399,-8914518.432141,-5451213.369530,-3048338.133089,-7454113.338574,-5233991.438017,-4030667.668643,0.540000
por,20260916,2026-09-16,18,2028,9,6202.513406,137.033919,1861.985781,14899.618147,2246.278027,2653.689677,6521.367406,4329.515684,84.266272,1331.170456,10604.337681,1602.042820,1902.782955,4651.919311,1872.997723,37.547940,506.839200,4181.944776,644.235208,750.906722,1869.448095,0.000000,0.000000,0.000000,0.000000,0.000000,0.000000,0.000000,0.000000,0.000000,0.000000,0.000000,0.000000,0.000000,0.000000,3597.913486,71.199356,976.091295,8219.608949,1225.409695,1444.806520,3485.111668,213257.637657,1857.824770,42122.060515,458314.737462,45556.578179,54428.327355,192932.895137,186844.736534,1645.133997,36764.021850,402715.499686,39734.110275,47447.116912,168507.518507,26412.901122,210.526731,5384.419902,58293.355237,5822.467904,6981.210442,24425.376630,8.854240,0.000000,0.000000,0.000000,9.854126,8.755196,9.266125,0.020357,0.000000,0.000000,0.000000,0.022164,0.021054,0.020045,10588.964754,111.060411,1950.487048,21719.170591,3550.291187,4187.431294,10955.037069,2110.170760,29.034545,490.351896,4860.171047,750.363001,880.136385,2192.154751,7957.539074,101.193647,1830.048428,17464.816279,1971.281199,2355.969464,7487.369677,1985.467413,30.896617,502.640579,4619.172725,722.988258,857.670560,2080.812638,6160.375098,42.224827,861.521932,12351.422558,2102.754632,2467.801405,5778.223123,118854.885862,2704.718091,45016.292299,255399.873559,47329.858762,51709.350655,123428.377952,271684.398727,109506.797174,239761.869397,478216.472583,352372.926691,217954.389582,175294.053736,101232.299900,52135.155576,94088.588066,159823.341112,115112.820333,97103.444061,83930.724641,35053.191585,22037.663302,32839.094324,49413.422579,32468.097776,32192.624791,35673.888955,16078.203871,11559.282662,15848.272166,20793.001148,16473.251544,15959.085387,15502.166125,34.369465,0.000000,0.000000,0.000000,37.327445,35.305587,33.528147,0.000000,0.000000,0.000000,0.000000,0.000000,0.000000,0.000000,48881.598387,19100.492442,39829.138103,91983.648303,57953.402766,45481.761310,37851.936964,2.649135,0.000000,0.000000,0.000000,3.080402,2.466452,2.714271,17.364102,0.000000,0.000000,0.000000,19.581563,16.782117,17.471436,72260.465123,1279.860617,19070.925022,167220.921721,24590.894329,28690.894946,74269.350680,0.000000,0.000000,0.000000,0.000000,0.000000,0.000000,0.000000,0.223762,0.045810,0.229690,0.387379,0.220879,0.218243,0.228183,50.153334,15.606147,37.557290,103.349890,53.076547,51.610303,48.814220,58.524383,18.099986,44.040363,119.908325,61.654249,60.056063,57.014805,-384886.275735,-647442.762293,-390171.073627,-211589.886242,-533147.996427,-378247.337063,-293839.552181,1.002910,0.649047,0.972549,1.349580,0.985292,1.004789,1.010703,0.000000,0.000000,0.000000,0.000000,0.000000,0.000000,0.000000,-6020315.457134,-9537251.229627,-5841926.983444,-3258608.075115,-7987261.335000,-5612238.775080,-4324507.220824,0.539450
por,20260916,2026-09-16,19,2028,10,8286.314502,174.422065,2396.537477,19471.127313,2906.648821,3446.291341,8436.220673,5560.755750,105.781885,1674.434832,13368.131872,2007.324830,2391.938639,5792.408869,2725.558752,48.777083,709.081573,6064.691090,899.323991,1054.352702,2643.811804,0.000000,0.000000,0.000000,0.000000,0.000000,0.000000,0.000000,0.000000,0.000000,0.000000,0.000000,0.000000,0.000000,0.000000,3411.258788,66.161625,910.693704,7721.591908,1139.507963,1344.803796,3226.050544,291714.309121,2388.945951,55165.814699,611610.004628,59673.453279,71564.298740,252654.482337,256668.293327,2104.734305,48453.724244,533852.955763,52233.742186,62604.764963,221558.664091,35046.015794,274.737865,6916.458829,75992.380822,7439.711093,8959.533777,31095.818246,8.854240,0.000000,0.000000,0.000000,9.854126,8.755196,9.266125,0.020357,0.000000,0.000000,0.000000,0.022164,0.021054,0.020045,14386.830133,144.801047,2553.531878,29099.405809,4687.539128,5576.437004,14447.690211,2818.547202,37.478665,629.380532,6376.311401,971.796237,1139.046596,2837.947565,10822.140019,129.366009,2391.951459,23259.638745,2571.679231,3082.696650,9777.511259,2652.929917,40.024669,655.153994,6087.976802,934.961573,1112.403448,2692.765559,5800.456368,39.562307,802.586751,11751.512530,1933.732075,2296.788987,5361.501904,111399.908607,2480.170936,39464.779449,232715.463769,41127.317236,44988.000828,110908.387952,271684.398727,109506.797174,239761.869397,478216.472583,352372.926691,217954.389582,175294.053736,101232.299900,52135.155576,94088.588066,159823.341112,115112.820333,97103.444061,83930.724641,36455.445427,22329.875818,33576.472275,52187.589078,33157.487785,33049.641858,37327.555738,16104.578075,11572.989608,15877.053254,20819.173435,16486.106088,15975.099121,15533.266968,97.740768,0.000000,0.000000,303.679160,101.594012,98.531928,94.583285,0.000000,0.000000,0.000000,0.000000,0.000000,0.000000,0.000000,48881.598387,19100.492442,39829.138103,91983.648303,57953.402766,45481.761310,37851.936964,2.708469,0.000000,0.000000,0.000000,3.157057,2.514499,2.770407,18.254072,0.000000,0.000000,0.000000,20.608186,17.607220,18.398036,100849.244101,1692.994885,25748.927204,228153.550691,33268.952113,38950.516651,100387.361374,0.000000,0.000000,0.000000,0.000000,0.000000,0.000000,0.000000,0.236651,0.052348,0.243400,0.405523,0.233805,0.231075,0.241227,47.500430,15.068238,35.975696,97.715626,49.982647,48.642735,46.239393,55.437728,17.478868,42.128909,113.606883,58.063560,56.592895,54.016170,-316778.127575,-619291.888253,-362614.981023,-135801.714388,-517214.364076,-359762.959905,-236638.058601,1.005142,0.653305,0.974333,1.356768,0.988094,1.008616,1.005116,0.000000,0.000000,0.000000,0.000000,0.000000,0.000000,0.000000,-6337093.584709,-10141725.214561,-6203808.547806,-3420143.919133,-8504475.699077,-5972001.734986,-4561145.279425,0.536850
por,20260916,2026-09-16,20,2028,11,10034.620580,206.854711,2835.690483,23319.342880,3438.119920,4086.827269,9975.040601,6568.684123,125.129125,1938.621257,15697.581315,2330.211852,2784.531548,6698.369148,3465.936458,58.006420,870.780880,7596.614538,1107.908068,1302.295721,3276.671453,0.000000,0.000000,0.000000,0.000000,0.000000,0.000000,0.000000,0.000000,0.000000,0.000000,0.000000,0.000000,0.000000,0.000000,3493.152929,60.898036,876.715866,7760.548326,1094.426675,1304.000397,3218.248182,358119.252908,2829.057089,65780.835593,734328.857512,70774.660477,85105.114247,300018.229838,315929.023703,2480.756570,57839.690618,644575.582672,62075.831607,74594.199233,263685.559392,42190.229204,325.699563,8139.656058,89404.508824,8698.828870,10510.915014,36332.670446,8.854240,0.000000,0.000000,0.000000,9.854126,8.755196,9.266125,0.020357,0.000000,0.000000,0.000000,0.022164,0.021054,0.020045,17186.492794,165.944429,2951.243181,34369.728730,5470.257352,6547.178164,16858.408721,3411.062308,44.066370,747.120749,7636.085040,1149.969512,1349.215913,3354.078550,13231.720233,154.189159,2844.010477,27844.242471,3047.429109,3661.486017,11598.090932,3212.350642,46.950719,770.820597,7243.965717,1105.516056,1318.384114,3186.734238,5975.221319,35.963008,765.609774,11583.371629,1860.718654,2228.801202,5372.954235,118064.859542,2147.683033,36787.058349,242330.118500,38276.607608,42367.129195,111710.282190,271684.398727,109506.797174,239761.869397,478216.472583,352372.926691,217954.389582,175294.053736,101232.299900,52135.155576,94088.588066,159823.341112,115112.820333,97103.444061,83930.724641,37476.540066,22558.131884,34196.472558,54283.588371,33786.008973,33786.043239,38409.839393,16124.060725,11588.551362,15890.938999,20857.743632,16497.238697,15988.485987,15554.325782,165.285954,0.000000,0.000000,684.632391,171.030712,165.169995,159.894263,0.000000,0.000000,0.000000,0.000000,0.000000,0.000000,0.000000,48881.598387,19100.492442,39829.138103,91983.648303,57953.402766,45481.761310,37851.936964,2.677170,0.000000,0.000000,0.000000,3.125846,2.484033,2.733081,18.550728,0.000000,0.000000,0.000000,20.950394,17.882254,18.706902,123931.486253,2016.827195,30895.985953,275739.072340,39825.136259,46822.422326,120365.621501,0.000000,0.000000,0.000000,0.000000,0.000000,0.000000,0.000000,0.240323,0.054723,0.247015,0.410627,0.237380,0.234731,0.244984,45.938138,14.764674,35.102863,94.383512,47.658769,46.513527,45.414744,53.648257,17.173731,41.185580,108.983622,55.380029,54.123048,53.087500,-271826.414267,-607321.531198,-348450.803548,-63901.306070,-506764.837964,-347866.773042,-201734.561164,1.002443,0.647839,0.975299,1.349221,0.988093,1.003114,1.001473,0.000000,0.000000,0.000000,0.000000,0.000000,0.000000,0.000000,-6608919.998976,-10730537.110696,-6539222.549819,-3526051.799593,-9011240.537040,-6319868.508028,-4762879.840589,0.532800
por,20260916,2026-09-16,21,2028,12,11687.767878,232.300407,3206.271553,26807.043019,3882.955978,4634.265392,11360.831413,7499.208602,140.767503,2158.868302,17765.654318,2599.344636,3119.584254,7507.820370,4188.559275,64.756755,1010.490829,8959.720359,1283.611343,1514.681137,3853.011042,0.000000,0.000000,0.000000,0.000000,0.000000,0.000000,0.000000,0.000000,0.000000,0.000000,0.000000,0.000000,0.000000,0.000000,3438.471812,54.611619,810.258339,7569.925164,1029.130968,1232.106746,3100.616274,415672.431314,3136.267646,73647.698311,839608.640967,79015.108796,95284.291359,337290.874794,367493.108474,2744.308629,64641.217673,736411.356386,69395.136061,83620.573614,296919.672904,48179.322840,358.768087,9002.719105,101265.469849,9619.972735,11663.717745,40371.201891,8.854240,0.000000,0.000000,0.000000,9.854126,8.755196,9.266125,0.020357,0.000000,0.000000,0.000000,0.022164,0.021054,0.020045,18507.968323,168.344912,3051.064270,36433.171140,5699.121527,6876.164927,17710.337216,3972.268854,49.132216,842.500306,8721.836022,1299.408364,1527.185038,3818.059299,15363.574180,170.844578,3164.062147,31624.511147,3417.244924,4117.785916,13083.835828,3743.262796,52.532022,868.519236,8283.557457,1248.549228,1496.055695,3629.498279,5931.630245,32.048534,710.379920,11105.286857,1762.799994,2111.274182,5200.687341,116079.776462,1703.558545,32162.624844,233373.335174,33539.714209,37534.960714,105506.666919,271684.398727,109506.797174,239761.869397,478216.472583,352372.926691,217954.389582,175294.053736,101232.299900,52135.155576,94088.588066,159823.341112,115112.820333,97103.444061,83930.724641,38311.384538,22775.748561,34595.603387,56217.786230,34332.072790,34292.181883,39479.516438,16139.730243,11597.176976,15901.340880,20878.210577,16506.960988,15997.945300,15574.604252,229.056230,0.000000,0.000000,901.126633,236.962071,226.334039,223.772236,0.000000,0.000000,0.000000,0.000000,0.000000,0.000000,0.000000,48881.598387,19100.492442,39829.138103,91983.648303,57953.402766,45481.761310,37851.936964,2.478446,0.000000,0.000000,0.000000,2.894470,2.308880,2.523899,17.660759,0.000000,0.000000,0.000000,19.923771,17.057152,17.780303,137141.834533,2152.349651,32947.324319,302696.616877,42605.585630,50358.704517,129986.668972,0.000000,0.000000,0.000000,0.000000,0.000000,0.000000,0.000000,0.224741,0.046864,0.230500,0.387925,0.221976,0.219427,0.229154,43.197194,14.080486,33.255532,88.275848,44.171369,43.229850,43.319649,50.476963,16.345916,38.939886,102.231608,51.341866,50.312128,50.662492,-223693.387785,-595243.490363,-335202.226716,11882.712559,-496123.590934,-335608.392528,-166522.817156,1.004087,0.654105,0.974535,1.345586,0.991154,1.009402,1.002378,0.000000,0.000000,0.000000,0.000000,0.000000,0.000000,0.000000,-6832613.386761,-11299896.779375,-6854211.190208,-3595151.030598,-9507364.127975,-6655476.900556,-4929402.657745,0.528900
por,20260916,2026-09-16,22,2029,1,13153.793957,247.926516,3492.414507,29631.142608,4237.615007,5078.378489,12532.924442,8303.251181,151.582819,2331.974700,19539.584158,2812.659747,3389.447022,8186.408444,4850.542776,69.697278,1105.171940,10157.381990,1424.955260,1688.931467,4346.515998,0.000000,0.000000,0.000000,0.000000,0.000000,0.000000,0.000000,0.000000,0.000000,0.000000,0.000000,0.000000,0.000000,0.000000,4347.200105,47.171947,884.354152,9367.398491,1156.398371,1401.430996,3750.304941,478348.026918,3427.370074,81567.337550,942877.439505,87289.120056,105677.013314,376572.117055,423617.246066,2996.287090,71590.581438,831109.561599,76730.678529,92824.475252,331884.551043,54730.780853,389.370303,9845.543612,113216.352885,10558.441527,12852.538061,44687.566013,8.854240,0.000000,0.000000,0.000000,9.854126,8.755196,9.266125,0.020357,0.000000,0.000000,0.000000,0.022164,0.021054,0.020045,21364.050713,183.828856,3368.077049,41358.339774,6376.932720,7720.276343,20010.441571,4473.125262,52.954253,916.980633,9695.537553,1419.759329,1672.558969,4211.166170,17588.200532,183.622961,3484.007709,35552.635435,3759.530936,4548.556231,14556.770128,4210.848465,56.929699,943.599913,9274.359671,1363.056623,1640.593792,4003.578759,7321.731575,28.405256,761.019284,13363.667279,1952.845860,2411.263866,6255.649787,168754.383271,1264.822912,37744.212053,348651.741121,41319.159946,47570.482050,150670.872884,271684.398727,109506.797174,239761.869397,478216.472583,352372.926691,217954.389582,175294.053736,114179.139962,57773.128136,104804.137465,183256.441400,130511.716698,109036.023727,93881.207668,38938.831110,22908.848690,34937.310732,58073.332743,34713.352084,34762.761045,40313.139599,47101.908165,30822.540081,46911.835490,63419.708771,47431.375865,47028.227399,46316.607228,294.522951,0.000000,0.000000,1054.270712,304.503132,294.258396,288.893532,0.000000,0.000000,0.000000,0.000000,0.000000,0.000000,0.000000,61828.438449,24087.730508,50276.399686,116905.875283,73352.299131,57414.340975,47802.419990,2.534231,0.000000,0.000000,0.000000,2.966995,2.353944,2.576365,18.550728,0.000000,0.000000,0.000000,20.950394,17.882254,18.706902,162402.733491,2436.046540,37707.554369,351226.102232,48876.218070,57997.680149,150829.720562,0.000000,0.000000,0.000000,0.000000,0.000000,0.000000,0.000000,0.239057,0.054299,0.245985,0.408361,0.236069,0.233593,0.243675,45.892080,14.425172,34.767223,94.300532,45.190223,44.456499,49.044996,53.723723,16.689888,40.710043,109.835928,52.572920,51.810752,57.457975,-272285.040427,-647222.621692,-382078.989970,-66273.228373,-544784.627229,-381806.160953,-223908.563896,1.003579,0.651932,0.974913,1.343820,0.991701,1.001258,1.002047,0.000000,0.000000,0.000000,0.000000,0.000000,0.000000,0.000000,-7104898.427187,-11917221.180829,-7239439.777915,-3718280.773431,-10052148.755203,-7037283.061509,-5153311.221641,0.526200
por,20260916,2026-09-16,23,2029,2,15169.820927,256.013710,3804.287116,33686.510247,4652.302370,5605.747229,14072.708090,9390.208546,158.136864,2526.201804,21724.567423,3066.507658,3712.600280,9088.590921,5779.612381,72.212095,1221.588920,11783.132891,1585.794712,1893.146948,4984.117170,0.000000,0.000000,0.000000,0.000000,0.000000,0.000000,0.000000,0.000000,0.000000,0.000000,0.000000,0.000000,0.000000,0.000000,4143.671078,37.661262,797.255413,8813.587043,1046.536602,1273.163860,3553.761048,563906.543313,3538.166139,89646.380353,1091130.365676,97084.727565,118013.206191,426599.883922,500397.875118,3121.594479,78720.382876,962721.492702,85407.422085,103737.848723,376385.678493,63508.668195,404.613350,10841.912573,130251.067765,11677.305480,14275.357468,50214.205428,8.854240,0.000000,0.000000,0.000000,9.854126,8.755196,9.266125,0.020357,0.000000,0.000000,0.000000,0.022164,0.021054,0.020045,24818.876378,191.483780,3662.004535,47225.600595,7045.686436,8586.514133,22585.069003,5160.438016,55.404525,996.567099,10872.724218,1558.133151,1838.649293,4726.123197,20621.180812,190.910070,3804.695261,41180.202840,4162.432927,5057.382166,16450.169968,4851.111383,59.399745,1029.854131,10494.410239,1495.246672,1811.378124,4497.882982,6925.853585,22.083255,684.152257,12786.008571,1756.867038,2204.589222,5889.123607,160315.667573,869.699588,31360.628114,328553.545817,34954.681557,40804.417932,138521.477193,271684.398727,109506.797174,239761.869397,478216.472583,352372.926691,217954.389582,175294.053736,114179.139962,57773.128136,104804.137465,183256.441400,130511.716698,109036.023727,93881.207668,39631.288010,23060.845149,35360.472310,60604.931143,35108.526906,35213.745895,41438.064463,59704.781780,36272.049238,59462.997921,83155.628654,60455.834906,59520.916546,58835.513717,358.202474,0.000000,0.000000,1175.184999,373.803770,354.957197,352.372211,0.000000,0.000000,0.000000,0.000000,0.000000,0.000000,0.000000,61828.438449,24087.730508,50276.399686,116905.875283,73352.299131,57414.340975,47802.419990,2.546264,0.000000,0.000000,0.000000,2.987314,2.361195,2.583843,19.144041,0.000000,0.000000,0.000000,21.634809,18.432323,19.324635,193611.909428,2608.529594,42264.333495,412158.887652,55392.155273,66049.061615,174695.868723,0.000000,0.000000,0.000000,0.000000,0.000000,0.000000,0.000000,0.248297,0.059138,0.255994,0.421883,0.245319,0.242767,0.252901,42.356273,13.078754,32.239922,86.309633,40.788084,40.299263,46.239533,49.623802,15.086558,37.645625,100.963885,47.461297,46.985168,54.201120,-207844.209342,-645050.708134,-378203.125962,38087.779604,-544378.580541,-378636.359897,-186076.113126,1.003620,0.648937,0.975235,1.353872,0.991752,1.002794,1.002658,0.000000,0.000000,0.000000,0.000000,0.000000,0.000000,0.000000,-7312742.636530,-12548148.971652,-7601277.945655,-3757964.203411,-10596527.335744,-7415919.421406,-5339387.334766,0.522050
por,20260916,2026-09-16,24,2029,3,16856.808749,259.495406,4013.277307,37078.523992,4948.563279,5989.600739,15324.915216,10266.158747,160.308876,2657.979726,23454.377620,3245.040164,3947.268607,9812.873140,6590.650002,72.612144,1293.366234,13085.185432,1703.523115,2042.332132,5512.042075,0.000000,0.000000,0.000000,0.000000,0.000000,0.000000,0.000000,0.000000,0.000000,0.000000,0.000000,0.000000,0.000000,0.000000,5638.107190,37.911484,949.769498,11474.462984,1269.960640,1528.262931,4602.105960,642354.409333,3627.479832,96138.232654,1223019.653804,105062.511234,128052.852923,470564.639733,570973.621749,3193.489919,84317.612264,1079469.981545,92478.966612,112619.793202,415510.009728,71380.787584,414.648022,11545.386471,144446.436592,12583.544622,15433.059721,55054.630006,8.854240,0.000000,0.000000,0.000000,9.854126,8.755196,9.266125,0.020357,0.000000,0.000000,0.000000,0.022164,0.021054,0.020045,28149.181010,196.048408,3909.996753,52922.699640,7652.385697,9356.523948,25084.226129,5734.659245,56.052934,1064.519758,11952.032549,1658.072667,1958.547907,5143.665941,23344.157410,193.587726,4061.755278,45879.842637,4475.970140,5455.399078,18083.645827,5388.453535,59.647949,1084.352357,11493.743736,1590.085399,1936.635439,4901.652168,9467.445885,23.095577,820.162683,16235.733660,2088.537534,2585.798898,7595.691952,178793.862500,685.645079,29724.428012,351975.670315,33846.075996,39906.074288,144483.173948,252037.566641,105185.224649,225559.166866,436900.218919,326283.195977,203054.391879,162429.342199,109286.440422,57179.282257,102589.669852,170024.133519,123810.440016,105066.048973,91119.008075,59871.017503,37711.602920,56548.624814,85377.479777,55532.653134,55091.749565,61558.773080,18726.800997,13375.658208,18543.266482,24217.778601,19100.258723,18587.602491,18144.539269,422.552843,0.000000,180.852025,1248.590246,434.416539,419.091504,417.537402,0.000000,0.000000,0.000000,0.000000,0.000000,0.000000,0.000000,44067.935793,16805.919296,35693.519873,83078.433038,52557.627486,40771.951411,33753.197108,2.595409,0.000000,0.000000,0.000000,3.052296,2.400479,2.629190,20.034011,0.000000,0.000000,0.000000,22.661432,19.257425,20.251235,225822.185656,2749.141947,46654.508851,470175.789825,61728.820888,73904.555115,199219.617174,0.000000,0.000000,0.000000,0.000000,0.000000,0.000000,0.000000,0.262045,0.067086,0.269930,0.440354,0.258987,0.256374,0.266704,33.846382,10.249262,25.852992,68.997835,32.401669,32.110485,37.091361,39.640031,11.815851,30.370128,80.896946,37.690432,37.419713,43.462387,-120239.662003,-572208.326198,-333865.039413,146582.983704,-483983.271084,-330789.315573,-123441.980138,1.000615,0.648021,0.972948,1.349640,0.990246,0.995831,1.002293,0.000000,0.000000,0.000000,0.000000,0.000000,0.000000,0.000000,-7432982.298532,-13104894.041784,-7920644.387303,-3705598.889703,-11080510.606828,-7746708.736979,-5462829.314905,0.519050
por,20260916,2026-09-16,25,2029,4,19519.895419,266.479636,4352.493396,42101.258973,5381.392169,6523.817882,17232.162879,10830.292514,159.248403,2713.740374,24555.004984,3333.135175,4065.267381,10278.027817,7182.758568,70.484964,1322.355004,14173.716999,1769.654081,2121.608858,5877.517524,0.000000,0.000000,0.000000,0.000000,0.000000,0.000000,0.000000,1506.844336,3.190623,188.536058,2632.962285,278.602913,336.941643,1076.617538,5483.887416,24.151030,847.149628,11275.557355,1141.391470,1384.987771,4441.666147,744112.462511,3719.214570,103152.432845,1381083.021162,113916.443889,139225.276312,524153.437068,662037.319111,3292.157432,90738.506556,1219887.707918,100335.027461,122512.421726,463123.085548,82075.143400,422.250830,12377.642823,161032.877714,13581.416429,16712.854587,61030.351520,8.854240,0.000000,0.000000,0.000000,9.854126,8.755196,9.266125,0.020357,0.000000,0.000000,0.000000,0.022164,0.021054,0.020045,32175.870508,198.520994,4144.067268,58900.070511,8194.385098,10027.744556,27811.689329,6634.600394,57.701579,1153.211516,13658.695507,1803.703114,2129.809507,5783.684608,27029.234512,197.640909,4378.570320,51846.597979,4859.152291,5932.865092,20192.819694,6236.289114,61.401464,1176.643093,12992.422942,1726.939915,2110.126630,5511.997758,8992.339441,15.671825,710.213632,15402.172532,1840.541723,2278.948516,7232.787815,180747.899004,341.330916,23463.125295,350981.808124,28558.296970,34103.567571,138478.715742,252037.566641,105185.224649,225559.166866,436900.218919,326283.195977,203054.391879,162429.342199,109286.440422,57179.282257,102589.669852,170024.133519,123810.440016,105066.048973,91119.008075,60631.150255,37864.088781,57028.053375,87722.681416,55899.007671,55534.600718,63040.133777,18741.284951,13385.301169,18555.719894,24237.454207,19106.616692,18596.077828,18173.457427,493.196307,0.000000,321.262542,1329.329698,510.367647,491.646007,480.515769,0.000000,0.000000,0.000000,0.000000,0.000000,0.000000,0.000000,44067.935793,16805.919296,35693.519873,83078.433038,52557.627486,40771.951411,33753.197108,2.565460,0.000000,0.000000,0.000000,3.022346,2.371580,2.593685,20.330667,0.000000,0.000000,0.000000,23.003639,19.532459,20.560101,266071.062215,2842.892597,51145.114762,540196.061400,68082.066003,81684.365425,227096.762696,0.000000,0.000000,0.000000,0.000000,0.000000,0.000000,0.000000,0.266334,0.069466,0.274199,0.446395,0.263214,0.260688,0.270963,30.918682,8.585897,23.736384,63.068822,28.446398,28.460640,35.195695,36.254318,9.854059,27.804384,74.333382,33.098827,33.187900,41.271922,-40959.698198,-562916.757694,-321828.533305,258141.674444,-472247.765527,-316804.650356,-77121.800520,1.003861,0.651427,0.975193,1.349369,0.997600,0.997842,1.005739,0.000000,0.000000,0.000000,0.000000,0.000000,0.000000,0.000000,-7473941.996730,-13644963.295407,-8222744.993495,-3592066.587750,-11552758.372355,-8063513.387334,-5539951.115425,0.516000
por,20260916,2026-09-16,26,2029,5,21838.891197,268.191768,4529.846485,46758.819486,5680.816521,6906.815989,18842.954165,11328.047182,154.058125,2739.595746,25569.703702,3373.193466,4128.986842,10655.637831,7739.751489,66.811595,1338.056635,15008.639909,1803.132071,2161.088099,6170.805134,0.000000,0.000000,0.000000,0.000000,0.000000,0.000000,0.000000,2771.092526,4.853744,335.884786,5004.840411,504.490985,616.741048,2016.511200,5108.133154,39.238761,801.649209,10544.707018,1073.304098,1285.771712,4119.226680,835791.661484,3686.544010,106961.910895,1527990.210983,120611.714710,147792.401713,571059.516352,744239.424239,3237.534073,94090.359960,1353682.530538,106271.428507,130084.584012,504775.381460,91552.237245,422.416508,12908.436278,176808.395296,14340.286203,17707.817701,66284.134893,8.854240,0.000000,0.000000,0.000000,9.854126,8.755196,9.266125,0.020357,0.000000,0.000000,0.000000,0.022164,0.021054,0.020045,35572.139313,192.072832,4262.134418,63816.041252,8521.629639,10406.092150,29935.798793,7423.104530,57.863167,1210.601258,15005.729761,1905.685211,2252.056478,6323.131850,30334.864606,196.577832,4584.142307,57097.935125,5140.244365,6289.120685,22024.346458,6973.784652,60.655622,1236.843711,14327.174109,1819.965112,2238.602631,6032.699687,8357.802443,22.999185,705.310358,14299.902292,1711.395313,2098.785021,6655.826534,171309.932868,1170.914483,23288.731684,326551.053069,27555.181596,32598.439942,127086.953471,252037.566641,105185.224649,225559.166866,436900.218919,326283.195977,203054.391879,162429.342199,109286.440422,57179.282257,102589.669852,170024.133519,123810.440016,105066.048973,91119.008075,61203.121122,37988.890896,57409.108402,90182.302756,56163.884333,55836.678319,64268.468954,18752.163039,13387.968643,18566.430733,24239.741307,19111.206848,18602.367126,18197.093599,557.972657,0.000000,415.242851,1393.859108,576.688657,556.159060,541.047602,0.000000,0.000000,0.000000,0.000000,0.000000,0.000000,0.000000,44067.935793,16805.919296,35693.519873,83078.433038,52557.627486,40771.951411,33753.197108,2.536015,0.000000,0.000000,0.000000,2.992913,2.343207,2.558797,20.627324,0.000000,0.000000,0.000000,23.345847,19.807494,20.868968,302229.594966,2908.234480,54637.099783,603531.565145,72972.199021,87673.410755,251711.373795,0.000000,0.000000,0.000000,0.000000,0.000000,0.000000,0.000000,0.270622,0.071726,0.278546,0.452183,0.267481,0.264933,0.275263,35.955349,11.262681,29.146532,69.552253,35.488109,34.690519,37.166261,42.046834,13.163606,33.924930,81.436683,41.212994,40.359848,43.503395,42439.386186,-559259.671172,-315750.857800,401441.376212,-466318.234436,-308905.403057,-29829.069635,1.000912,0.649808,0.973773,1.344636,0.996373,0.990674,1.006534,0.000000,0.000000,0.000000,0.000000,0.000000,0.000000,0.000000,-7431502.610545,-14177295.501171,-8508462.009240,-3390137.122693,-12019076.606790,-8372418.790391,-5569780.185060,0.513950
por,20260916,2026-09-16,27,2029,6,19419.260465,227.502160,3937.747126,41563.326939,4924.842254,6006.538917,16717.120299,11610.340313,144.844993,2702.817173,25950.113619,3342.492453,4103.331854,10827.504278,4071.379641,36.991977,661.402000,7679.815336,915.670786,1085.323251,3155.811769,0.000000,0.000000,0.000000,0.000000,0.000000,0.000000,0.000000,3737.540510,5.317205,440.833559,6992.743093,666.679015,817.883813,2733.804252,5414.186985,73.518343,947.229556,11141.995461,1267.535126,1515.224682,4371.614612,671744.049608,2933.560870,84935.171649,1259736.508955,96931.388588,119293.668309,463720.214826,586513.202663,2525.037627,73346.530801,1090246.306974,83851.730867,103093.731021,402158.392994,85230.846944,363.319661,11610.504004,166692.640266,13079.657721,16199.937288,61561.821832,8.854240,0.000000,0.000000,0.000000,9.854126,8.755196,9.266125,0.020357,0.000000,0.000000,0.000000,0.022164,0.021054,0.020045,23923.558409,123.364929,2804.729985,42942.425185,5527.828274,6841.023049,19977.239312,6577.869476,48.650311,1051.888290,13370.215778,1652.906850,1956.508734,5618.655836,24985.267529,156.128905,3702.749793,47846.485556,4244.931735,5208.364937,18320.204804,6196.906069,50.804420,1073.766444,12927.924616,1574.298976,1949.185104,5348.249950,8995.310160,40.955324,843.445852,15551.917502,2169.310884,2623.459983,7227.731331,196906.950901,2404.815492,27780.641568,355659.194031,33568.980281,39219.835551,140468.159679,252037.566641,105185.224649,225559.166866,436900.218919,326283.195977,203054.391879,162429.342199,109286.440422,57179.282257,102589.669852,170024.133519,123810.440016,105066.048973,91119.008075,60285.321600,37665.986741,56742.228501,87109.999115,55397.677124,55090.910901,62742.486506,18735.110596,13381.885234,18547.789612,24223.748202,19097.301031,18587.412721,18169.496106,622.620732,0.000000,497.025574,1454.856555,641.558446,621.039395,606.568764,0.000000,0.000000,0.000000,0.000000,0.000000,0.000000,0.000000,44067.935793,16805.919296,35693.519873,83078.433038,52557.627486,40771.951411,33753.197108,1.968522,0.000000,0.000000,0.000000,2.313682,1.851939,1.977234,16.474132,0.000000,0.000000,0.000000,18.554941,15.957015,16.544837,208673.908370,1900.725128,36774.135204,419605.420202,49364.470549,59428.523427,173155.370637,0.000000,0.000000,0.000000,0.000000,0.000000,0.000000,0.000000,0.198463,0.035386,0.203171,0.350434,0.195852,0.194057,0.202284,36.445375,11.620323,29.233280,71.569236,35.452618,34.891710,37.690101,42.633817,13.587738,33.988898,83.961620,41.185451,40.594079,44.135426,-122030.865632,-578326.583308,-339546.928726,157137.541770,-490106.844603,-337115.695009,-129859.483443,1.001580,0.651056,0.974040,1.343476,0.993150,0.993047,1.010230,0.000000,0.000000,0.000000,0.000000,0.000000,0.000000,0.000000,-7553533.476176,-14740765.046086,-8835927.359050,-3272743.698040,-12509183.451393,-8709534.485401,-5699639.668503,0.512600
por,20260916,2026-09-16,28,2029,7,12625.009562,148.829113,2337.936485,25879.468644,3031.145960,3650.816121,10450.162841,5596.356343,74.792119,1229.543420,12289.103488,1573.588849,1912.918423,5147.842236,4406.247609,40.816914,674.250428,8113.674938,939.512479,1106.745212,3286.508330,0.000000,0.000000,0.000000,0.000000,0.000000,0.000000,0.000000,2622.405609,13.166640,355.295816,5110.858468,518.044632,631.152486,2015.812275,5011.759078,66.253577,834.430183,9938.023953,1128.989016,1364.999313,3954.444478,429667.314335,1945.986989,48695.125674,768353.522120,57453.184463,70064.754067,280444.825355,384156.979481,1724.351122,42844.311335,681091.488137,50803.116961,61869.452411,248634.976257,45510.334854,215.997961,5649.836147,86960.057176,6650.067502,8195.301657,31809.849098,8.854240,0.000000,0.000000,0.000000,9.854126,8.755196,9.266125,0.020357,0.000000,0.000000,0.000000,0.022164,0.021054,0.020045,12334.819054,63.411543,1317.380630,21179.032752,2680.056199,3298.847506,9808.642469,4275.800390,32.867855,621.957804,8467.772873,1021.552261,1192.208883,3520.126466,16028.498867,107.172492,2167.940853,29501.077179,2551.506421,3094.610193,11182.115040,4038.652214,33.971604,641.200040,8180.612445,974.379262,1190.321126,3339.558284,8500.545793,37.198968,753.648749,14410.888813,1915.167063,2366.048166,6586.645061,177107.684046,2003.464646,21979.470374,310158.479585,27666.072986,32511.864488,119665.516164,405688.697940,168451.753722,362893.770901,703958.795211,526397.617197,325231.074179,260601.447468,117745.092335,61083.451517,109943.582968,184807.567694,133778.037560,112949.646046,97731.603918,57195.970479,36729.416966,54425.924968,79185.339285,53373.693937,52981.386959,57681.435599,19172.063739,13615.638177,18930.256184,24893.672135,19613.027436,19023.775092,18497.575011,687.109036,0.000000,562.783595,1499.111387,708.947342,685.119218,669.453751,0.000000,0.000000,0.000000,0.000000,0.000000,0.000000,0.000000,52526.587707,20213.800426,42602.877731,99135.304758,62525.225030,48655.548484,40365.792951,1.638326,0.000000,0.000000,0.000000,1.919074,1.565458,1.638466,14.100880,0.000000,0.000000,0.000000,15.817280,13.756741,14.073905,109602.713754,1042.671666,17545.012519,213506.469753,24361.901806,28921.834638,86461.766720,0.000000,0.000000,0.000000,0.000000,0.000000,0.000000,0.000000,0.143885,0.013737,0.139352,0.278457,0.142191,0.140142,0.146536,33.751254,10.661816,27.290737,66.144970,32.719023,32.163840,34.844521,39.479593,12.487733,31.798861,76.963211,38.000335,37.401010,40.804635,-438609.100172,-865373.069016,-505040.423232,-222024.733718,-719867.086577,-492646.694248,-340639.876849,0.998542,0.648673,0.973153,1.342171,0.988984,0.991785,1.007090,0.000000,0.000000,0.000000,0.000000,0.000000,0.000000,0.000000,-7992142.576348,-15593531.606421,-9335505.271277,-3493633.418733,-13229050.537970,-9202181.179649,-6040279.545352,0.512450
por,20260916,2026-09-16,29,2029,8,13608.954074,169.307124,2439.506146,27720.865132,3157.763286,3808.198812,10989.435101,5768.564837,81.402890,1242.386171,12405.660697,1569.614625,1910.173127,5181.627730,4544.093953,44.451449,668.522135,8287.031755,937.595524,1104.504247,3327.798590,0.000000,0.000000,0.000000,0.000000,0.000000,0.000000,0.000000,3296.295284,19.534289,451.359901,6362.740028,650.553138,793.521437,2480.008780,4669.095967,62.487136,788.863493,9687.212330,1076.565824,1290.607957,3725.103588,468957.038241,2234.374237,50481.773041,813792.367303,59814.076709,73284.158638,296533.029837,419238.077161,1977.297360,44591.880279,723311.116191,52910.886536,64735.352595,262993.514900,49718.961080,244.631311,5880.314126,91879.453213,6903.190174,8548.806043,33539.514937,8.854240,0.000000,0.000000,0.000000,9.854126,8.755196,9.266125,0.020357,0.000000,0.000000,0.000000,0.022164,0.021054,0.020045,13953.691304,71.837964,1429.026975,23156.349844,2938.624132,3623.420183,10784.707252,4640.031780,35.595988,647.513223,9028.541193,1065.819996,1243.912700,3698.673317,17466.874061,123.506507,2252.627381,31520.269181,2655.196190,3235.221147,11804.883732,4341.648352,38.101210,665.036273,8528.059104,1014.389706,1240.166960,3524.417010,7878.951971,35.889807,707.419880,13523.026093,1818.488767,2224.113132,6138.349993,166737.045457,1811.717105,18720.047871,288012.121001,24605.153028,29084.914182,110079.089223,405688.697940,168451.753722,362893.770901,703958.795211,526397.617197,325231.074179,260601.447468,117745.092335,61083.451517,109943.582968,184807.567694,133778.037560,112949.646046,97731.603918,57504.127595,36791.396563,54637.660382,80004.126506,53494.904349,53086.383891,58109.796892,19177.818913,13621.252626,18933.902651,24902.744246,19615.270923,19025.667841,18505.600626,755.140142,171.724470,625.429441,1539.107542,777.534855,753.927407,737.373486,0.000000,0.000000,0.000000,0.000000,0.000000,0.000000,0.000000,52526.587707,20213.800426,42602.877731,99135.304758,62525.225030,48655.548484,40365.792951,1.631016,0.000000,0.000000,0.000000,1.914337,1.556860,1.627854,14.397537,0.000000,0.000000,0.000000,16.159487,14.031775,14.382771,127117.952670,1217.803346,19553.285467,242260.317028,27325.640300,32528.508416,97834.061001,0.000000,0.000000,0.000000,0.000000,0.000000,0.000000,0.000000,0.160007,0.018888,0.158821,0.300278,0.158341,0.155947,0.162773,31.924946,9.963076,26.060419,62.112819,30.527783,30.110374,33.160542,37.361773,11.708327,30.232756,73.014974,35.452907,35.010550,38.845954,-396642.188450,-856021.049822,-493794.736388,-177871.580759,-715240.296039,-486954.339877,-318713.161894,0.999473,0.648145,0.973497,1.341776,0.992596,0.993125,1.000276,0.000000,0.000000,0.000000,0.000000,0.000000,0.000000,0.000000,-8388784.764798,-16445832.717334,-9826432.440377,-3651569.222097,-13944290.834009,-9689135.519526,-6358992.707246,0.512400
por,20260916,2026-09-16,30,2029,9,14759.493183,186.616664,2565.802367,29998.983833,3354.764684,4044.689372,11725.840590,5816.282976,87.866993,1215.488498,12392.523383,1554.904595,1892.663091,5161.207551,5188.242119,51.555618,746.268114,9473.168319,1050.625734,1240.130951,3755.108156,0.000000,0.000000,0.000000,0.000000,0.000000,0.000000,0.000000,3754.968088,26.589930,518.457795,7279.589000,749.234355,911.895330,2809.524883,6700.571478,44.518600,887.664141,12742.393374,1290.404296,1562.174597,4848.487328,539888.372035,2562.665164,55289.131745,923522.293098,66454.599449,81430.282856,333108.210310,484025.242374,2274.634605,48977.203153,821602.026122,58971.021811,72158.057423,296331.889424,55863.129661,284.749962,6300.871081,100538.101550,7483.577638,9272.225433,36776.320885,1407.387101,127.152966,769.039266,3489.654154,1433.171338,1383.348632,1424.039582,3.273244,0.574279,2.390562,7.282476,3.317809,3.272515,3.288538,19131.795684,196.853416,2199.105513,31588.712584,4233.006392,5097.832364,14736.724172,5049.591597,39.225217,680.204616,9652.576646,1135.196170,1321.699394,3944.798194,19829.285986,138.608623,2424.936627,35516.448428,2901.530329,3537.715858,13066.181507,4703.106956,41.914350,700.550176,9253.126335,1078.295048,1315.297574,3767.876379,11199.799855,26.935581,783.606401,17478.228922,2189.884429,2714.727890,7920.200431,275824.313985,941.700265,24531.721520,453386.883962,34582.928229,41906.775286,169972.981333,189243.595196,74296.476146,164762.964012,337157.525794,246816.344514,148822.839395,118853.422944,127159.801639,66342.760868,119032.618026,198224.735395,144291.932344,122070.218429,105719.370002,57866.251648,36860.074856,54943.393726,80928.854442,53707.595692,53214.839656,58649.142406,19735.850934,13974.072886,19467.279090,25672.600325,20199.765532,19572.463154,19028.752402,856.759821,220.797292,678.589716,1663.683867,886.927097,857.736692,830.951866,0.000000,0.000000,0.000000,0.000000,0.000000,0.000000,0.000000,55547.035197,21236.570616,44984.270554,104804.904598,66213.255688,51413.062438,42585.568818,308.457336,12.938381,111.592397,752.551023,314.763590,313.055564,306.901340,2727.189851,280.330731,1576.770944,6661.795464,2737.759289,2681.239450,2811.577451,178192.678579,3588.614795,29321.676645,334665.385796,39800.171843,46719.619487,136513.054701,0.000000,0.000000,0.000000,0.000000,0.000000,0.000000,0.000000,0.225264,0.046947,0.231716,0.389215,0.222817,0.220486,0.228924,34.288641,9.908637,26.677898,69.552372,31.216619,31.226727,38.166515,40.233479,11.459322,31.113044,81.729669,36.334099,36.395656,44.775230,-245167.523826,-538986.582065,-331656.781560,-118694.419971,-451619.212627,-326890.739638,-218734.472629,1.001824,0.653673,0.973409,1.343847,0.995314,0.991577,1.006353,0.000000,0.000000,0.000000,0.000000,0.000000,0.000000,0.000000,-8633952.288624,-16952245.627180,-10160196.766058,-3764783.036613,-14395910.046636,-10016026.259165,-6577727.179875,0.512350
por,20260916,2026-09-16,31,2029,10,18443.198347,200.413703,2960.938334,36614.949530,3965.692563,4796.148527,14163.179019,7386.119858,95.005833,1406.330146,15363.834363,1820.225454,2221.655426,6204.973404,6166.985824,53.806750,839.022434,11085.280066,1192.308239,1411.430272,4348.586575,0.000000,0.000000,0.000000,0.000000,0.000000,0.000000,0.000000,4890.092664,31.233851,653.010092,9509.162520,953.158871,1163.062829,3609.619041,5899.829884,47.132335,822.786812,11689.456490,1202.045928,1459.556611,4419.486868,685771.161878,2785.429962,64282.845564,1150370.129077,78890.136990,97380.164225,405171.757009,613418.823533,2481.091882,57001.082716,1020816.677160,69945.763610,86218.376295,360019.993930,72352.338345,317.113561,7368.855517,126681.081926,8944.373380,11161.787931,45151.763079,1407.387101,127.152966,769.039266,3489.654154,1433.171338,1383.348632,1424.039582,3.273244,0.574279,2.390562,7.282476,3.317809,3.272515,3.288538,24342.904256,211.487650,2530.682874,39190.342694,5082.460230,6137.243900,18164.869882,6317.761786,42.091318,787.920416,11811.862352,1339.455849,1565.483841,4761.702538,25074.963788,150.271035,2838.934929,43993.576000,3440.206462,4219.028341,15858.355459,5866.703102,45.378272,812.812482,11326.624730,1274.448057,1558.781921,4553.371994,9862.247936,28.645125,729.108550,16135.384193,2072.907238,2563.147183,7217.299893,240353.759832,1050.232229,21078.320013,399115.207999,30075.666397,36301.723271,148550.871133,189243.595196,74296.476146,164762.964012,337157.525794,246816.344514,148822.839395,118853.422944,127159.801639,66342.760868,119032.618026,198224.735395,144291.932344,122070.218429,105719.370002,58976.741963,37125.105242,55696.372304,84139.509173,54403.900355,53885.316554,60457.595864,19756.591149,13993.435872,19482.593592,25705.907022,20211.796443,19584.739613,19063.552740,983.502426,231.316060,731.723732,1909.097739,1015.460230,984.189374,953.062142,0.000000,0.000000,0.000000,0.000000,0.000000,0.000000,0.000000,55547.035197,21236.570616,44984.270554,104804.904598,66213.255688,51413.062438,42585.568818,316.635887,13.073176,113.511857,773.873560,322.937558,321.522274,315.017138,2871.932271,294.898348,1659.661123,7014.657298,2880.888537,2822.834305,2963.252940,232088.023911,3966.659935,35294.090359,429148.582725,48702.058866,57360.630965,171833.054304,0.000000,0.000000,0.000000,0.000000,0.000000,0.000000,0.000000,0.238528,0.053653,0.245716,0.407558,0.235979,0.233657,0.242290,33.001119,9.699188,25.995387,66.177238,30.063659,30.028287,36.246735,38.712754,11.309456,30.320721,78.034980,34.971034,34.975892,42.512869,-93112.362438,-514442.189898,-309966.528995,93497.800572,-438645.643171,-310090.986895,-142709.441079,1.001466,0.651396,0.974887,1.341956,0.999824,0.995353,1.002061,0.000000,0.000000,0.000000,0.000000,0.000000,0.000000,0.000000,-8727064.651062,-17450399.372532,-10463222.458696,-3687196.395403,-14834555.689807,-10326117.246060,-6720436.620954,0.511000
por,20260916,2026-09-16,32,2029,11,21194.304441,215.958221,3283.088546,41394.818212,4452.642773,5401.650408,16049.187253,8499.816587,103.011100,1541.582510,17575.166306,2030.268570,2484.925312,7007.073287,6937.468584,56.712706,906.851248,12300.139588,1304.770772,1548.898894,4808.082741,0.000000,0.000000,0.000000,0.000000,0.000000,0.000000,0.000000,5757.019270,35.907469,756.231475,11155.690490,1117.603430,1367.826202,4234.031225,5849.224468,46.323869,811.351846,11636.417262,1184.898148,1436.680285,4444.056364,791033.914671,3007.432161,70866.551299,1321065.434818,88508.938186,109749.928504,459685.781905,707028.159263,2664.357135,62639.568914,1172862.774977,78432.693014,97122.357573,408196.711863,84005.755408,339.424150,8160.059195,146660.883539,10076.245172,12627.570931,51489.070043,1407.387101,127.152966,769.039266,3489.654154,1433.171338,1383.348632,1424.039582,3.273244,0.574279,2.390562,7.282476,3.317809,3.272515,3.288538,27628.552412,217.013874,2722.718665,43489.330452,5644.769647,6809.633587,20316.710141,7265.011448,45.349369,870.933912,13420.980159,1501.540638,1761.814908,5394.159721,28900.107238,159.540728,3128.011835,50467.978653,3860.825500,4754.563842,17983.986915,6743.424103,48.756171,896.896983,12944.416428,1432.304480,1756.001926,5165.080232,9815.646811,27.933945,714.284082,15968.778713,2024.210433,2537.810797,7252.670376,244486.000660,1037.741645,20358.052653,402830.649479,29617.894210,35947.008306,149099.525825,189243.595196,74296.476146,164762.964012,337157.525794,246816.344514,148822.839395,118853.422944,127159.801639,66342.760868,119032.618026,198224.735395,144291.932344,122070.218429,105719.370002,59673.650770,37317.876705,56211.884469,86072.221344,54811.383270,54382.917004,61774.021488,19769.625881,14001.464453,19491.729242,25728.603492,20219.449249,19593.622713,19089.180880,1118.592799,245.003300,794.270284,2322.893268,1154.333630,1117.465507,1083.684098,0.000000,0.000000,0.000000,0.000000,0.000000,0.000000,0.000000,55547.035197,21236.570616,44984.270554,104804.904598,66213.255688,51413.062438,42585.568818,313.946410,12.767665,111.954684,771.761825,320.143585,318.984906,312.171596,2920.179745,300.467828,1685.544662,7134.089334,2928.598286,2870.032590,3013.811436,269706.963214,4192.144556,39251.015822,493193.176873,55045.542800,65040.623841,196849.908474,0.000000,0.000000,0.000000,0.000000,0.000000,0.000000,0.000000,0.242231,0.055872,0.249408,0.412362,0.239599,0.237279,0.246103,32.945818,9.691798,25.817093,66.135845,29.748500,29.754576,36.249706,38.661532,11.241746,30.104652,77.903526,34.607813,34.658093,42.525259,-13368.462593,-508197.478928,-301601.677055,203680.595311,-431509.123562,-301048.190210,-102111.061177,1.003690,0.652498,0.976453,1.344998,1.001060,0.995816,1.009362,0.000000,0.000000,0.000000,0.000000,0.000000,0.000000,0.000000,-8740433.113655,-17942751.976172,-10745515.396539,-3521383.351383,-15266064.813369,-10627165.436270,-6822547.682131,0.509550
por,20260916,2026-09-16,33,2029,12,23673.714991,229.092815,3564.089703,46419.337163,4880.640499,5935.851110,17780.461765,9464.431244,109.141455,1657.176611,19448.463989,2213.717055,2716.318034,7739.637015,7665.795190,59.261665,963.275947,13541.932117,1404.495023,1670.896216,5238.236746,0.000000,0.000000,0.000000,0.000000,0.000000,0.000000,0.000000,6543.488557,39.550117,848.608833,12713.973465,1262.428421,1548.636859,4802.588003,5546.657196,42.796227,776.870326,11279.377162,1130.654739,1388.664473,4285.695031,870720.815895,3162.807722,75613.819663,1456733.833311,95490.296688,119058.592408,501562.423532,778027.334799,2773.938776,66726.712009,1288205.040940,84589.959622,105324.028612,445190.464299,92693.481096,355.248183,8725.148509,161811.888791,10900.337066,13734.563796,56371.959233,1407.387101,127.152966,769.039266,3489.654154,1433.171338,1383.348632,1424.039582,3.273244,0.574279,2.390562,7.282476,3.317809,3.272515,3.288538,28466.187646,205.554095,2667.500182,44164.426904,5699.390679,6925.287002,20729.587926,8119.591996,48.232888,940.685246,15006.843323,1645.873797,1934.227140,5978.932842,31925.055981,168.072413,3346.179445,55469.211476,4189.033636,5180.417058,19701.863686,7538.374649,52.165576,974.061895,14398.725810,1571.400129,1929.628186,5729.728379,9316.114529,25.937233,678.023009,15104.940704,1924.141250,2463.292139,7009.907867,231795.372829,917.365197,18649.623403,385414.577630,27593.745629,33668.185580,140911.388411,189243.595196,74296.476146,164762.964012,337157.525794,246816.344514,148822.839395,118853.422944,127159.801639,66342.760868,119032.618026,198224.735395,144291.932344,122070.218429,105719.370002,60306.732093,37443.279599,56584.791695,88359.836516,55208.626940,54923.537606,63008.816139,19781.331414,14003.509580,19502.021693,25741.967506,20226.445197,19603.452286,19112.448430,1246.133351,261.017283,863.365580,2738.392759,1286.196348,1239.793596,1211.440045,0.000000,0.000000,0.000000,0.000000,0.000000,0.000000,0.000000,55547.035197,21236.570616,44984.270554,104804.904598,66213.255688,51413.062438,42585.568818,291.102158,11.580821,102.844550,713.018541,296.994438,296.009284,289.039503,2775.437324,285.748523,1605.215609,6776.498884,2785.469038,2728.437735,2862.135947,285202.897463,4085.901064,39943.490477,518468.920554,56905.419633,67496.447370,206189.776435,0.000000,0.000000,0.000000,0.000000,0.000000,0.000000,0.000000,0.226470,0.048129,0.232656,0.389993,0.223947,0.221656,0.230168,31.924190,9.295400,24.895416,64.364533,28.558025,28.592712,35.220308,37.475775,10.761567,29.032286,75.819397,33.228463,33.307775,41.321046,64536.430578,-503606.128794,-293897.805052,329800.028126,-424429.999503,-292053.501173,-61352.402792,1.003854,0.652666,0.976099,1.352408,0.999805,0.994184,1.008836,0.000000,0.000000,0.000000,0.000000,0.000000,0.000000,0.000000,-8675896.683076,-18435212.527632,-11019909.950770,-3179815.614585,-15690494.812872,-10919218.937442,-6883900.084923,0.507550
por,20260916,2026-09-16,34,2030,1,25716.646034,237.154542,3769.955286,50648.061518,5229.814778,6387.548013,19234.887817,10224.595970,114.273463,1743.182621,21042.989004,2361.981794,2911.500929,8349.132994,8293.709390,60.354936,1004.533725,14580.957166,1486.153854,1774.697109,5602.471570,0.000000,0.000000,0.000000,0.000000,0.000000,0.000000,0.000000,7198.340674,42.820912,921.763006,14152.262793,1381.679129,1701.349976,5283.283253,6984.965966,47.205332,905.668359,13654.252204,1330.042988,1655.568224,5216.665302,958374.566114,3284.679176,81074.908672,1595221.394446,103260.674707,129245.701452,547991.696686,856374.446347,2888.490920,71802.599437,1411828.703016,91450.811416,114309.514201,486271.270724,102000.119767,371.725180,9381.066690,177675.031726,11809.863290,14936.187252,61720.425962,1407.387101,127.152966,769.039266,3489.654154,1433.171338,1383.348632,1424.039582,3.273244,0.574279,2.390562,7.282476,3.317809,3.272515,3.288538,31668.995474,212.133283,2866.675715,48855.008147,6252.375783,7638.573235,22931.343641,8822.263370,49.803724,1000.631733,16265.431452,1764.225279,2080.749435,6467.110500,35032.150912,174.171965,3553.087698,60804.539533,4513.881943,5606.536389,21465.947510,8192.897270,53.950254,1033.522768,15753.802915,1684.305376,2076.434295,6204.114409,11630.952079,28.305054,801.366596,18656.471573,2281.029774,2904.362899,8502.711651,325395.414071,1094.349574,25875.292752,561084.090718,38660.480284,47892.597601,202989.162906,140846.216348,55027.897591,122819.303145,251325.209750,183190.219040,111149.846083,88738.654060,116285.750008,61231.533226,109616.095671,179221.426984,131440.279944,111991.860134,97262.858488,60831.180371,37554.190198,56916.752898,90274.827122,55630.850268,55303.065149,64034.230662,19153.788858,13662.899793,18964.148319,24789.811741,19519.796799,19003.150159,18586.373226,1377.066792,277.153084,940.832842,3166.383305,1421.278471,1375.642309,1341.682637,0.000000,0.000000,0.000000,0.000000,0.000000,0.000000,0.000000,44672.983565,16857.576611,36146.358193,84339.827849,53361.603288,41334.704142,34129.057304,298.751446,11.681522,104.404185,736.051000,304.649913,303.938479,296.608691,2920.179745,300.467828,1685.544662,7134.089334,2928.598286,2870.032590,3013.811436,324958.276215,4377.917711,44059.378804,595851.544550,63848.924547,75995.266818,234221.072034,0.000000,0.000000,0.000000,0.000000,0.000000,0.000000,0.000000,0.240729,0.055438,0.247774,0.409947,0.238075,0.235701,0.244564,36.921976,10.738012,28.081590,75.556496,32.571968,32.808136,41.736091,43.368207,12.399017,32.955011,88.968093,37.919230,38.247190,48.989819,98545.157896,-416789.328166,-253882.025385,301063.875912,-353474.740207,-251329.954857,-50828.879386,1.002337,0.652340,0.974880,1.345697,0.996134,0.994245,1.009061,0.000000,0.000000,0.000000,0.000000,0.000000,0.000000,0.000000,-8577351.525180,-18831454.813260,-11262085.569458,-2945119.880515,-16043969.553079,-11170548.892299,-6934728.964309,0.506400
por,20260916,2026-09-16,35,2030,2,28661.383164,247.501934,4044.659961,56208.978775,5694.482244,6993.177521,21243.347077,11275.230265,119.624472,1870.335034,23426.997161,2563.147647,3179.115562,9192.220807,9286.184272,61.464544,1063.911378,16067.427174,1600.768982,1920.557117,6133.162081,0.000000,0.000000,0.000000,0.000000,0.000000,0.000000,0.000000,8099.968627,45.392479,1012.696643,15887.202409,1530.565615,1893.504842,5917.964190,6412.322928,41.519132,851.383648,12743.696116,1235.865550,1532.379164,4916.281903,1079213.329054,3449.498526,88527.067550,1786439.426663,113274.914830,142622.172210,609089.258833,964814.059788,3051.544952,78114.531414,1582532.604275,100298.225444,126111.491172,540381.045253,114399.269266,394.167286,10204.538763,200841.124598,12976.689386,16510.681038,68708.213580,1407.387101,127.152966,769.039266,3489.654154,1433.171338,1383.348632,1424.039582,3.273244,0.574279,2.390562,7.282476,3.317809,3.272515,3.288538,35521.154979,216.556085,3058.727969,54346.090114,6829.568246,8415.439059,25486.806551,9835.993299,52.088786,1079.202413,18007.292595,1918.642205,2276.986458,7136.964558,39334.135199,183.565757,3845.257000,68177.521155,4936.987037,6169.387970,23815.834306,9134.030499,56.137243,1116.967538,17518.429033,1831.975578,2272.614702,6854.410601,10642.220638,24.213826,743.324586,17744.225303,2112.641466,2671.956820,7980.777524,294780.416228,870.814407,23343.989337,519113.994159,34985.604844,43379.023414,187398.796764,140846.216348,55027.897591,122819.303145,251325.209750,183190.219040,111149.846083,88738.654060,116285.750008,61231.533226,109616.095671,179221.426984,131440.279944,111991.860134,97262.858488,61397.986199,37700.809543,57319.032229,92439.388494,55997.182087,55759.143871,65071.082787,19164.520124,13670.770487,18972.159593,24806.407643,19526.532909,19011.697680,18605.966636,1504.425839,295.727183,1032.694257,3525.554998,1559.879747,1497.039912,1468.639994,0.000000,0.000000,0.000000,0.000000,0.000000,0.000000,0.000000,44672.983565,16857.576611,36146.358193,84339.827849,53361.603288,41334.704142,34129.057304,301.119477,11.561214,103.940730,740.582658,306.975803,306.514497,298.856025,3016.674691,309.509976,1741.600124,7340.492678,3024.017785,2964.429159,3114.928429,372999.836358,4632.195393,48579.174311,687738.263326,71448.752760,85514.877657,266594.688118,0.000000,0.000000,0.000000,0.000000,0.000000,0.000000,0.000000,0.249791,0.060561,0.257238,0.423159,0.247016,0.244627,0.253711,35.244970,10.053630,26.724771,72.224437,30.744744,30.995419,40.143346,41.412350,11.551207,31.265638,85.426786,35.799847,36.137509,47.121146,227774.597530,-410327.741242,-243816.307079,491179.252805,-342598.116320,-237100.156299,11984.292565,1.001663,0.648655,0.973368,1.349324,0.993401,0.994052,1.010287,0.000000,0.000000,0.000000,0.000000,0.000000,0.000000,0.000000,-8349576.927650,-19227350.750629,-11487101.663259,-2527802.783260,-16386567.669399,-11407649.048598,-6922744.671743,0.504700
por,20260916,2026-09-16,36,2030,3,30930.022179,255.114510,4275.442574,60672.687365,6047.028499,7453.270389,22848.612308,12044.462457,121.895998,1971.783188,24851.765580,2716.199027,3383.142795,9860.385809,10084.125016,61.675365,1109.565991,17297.375088,1684.214892,2027.195588,6561.967575,0.000000,0.000000,0.000000,0.000000,0.000000,0.000000,0.000000,8801.434705,45.908765,1084.486638,17263.324181,1646.614581,2042.932005,6426.258923,6295.113029,34.424913,832.792804,12558.412877,1195.982853,1503.812500,4861.898389,1181441.120042,3571.398192,94570.762496,1955315.286160,121922.136999,154046.886267,662726.016086,1056716.869152,3146.743480,83690.408182,1725851.519138,107934.051583,136189.354987,587910.467642,124724.250891,407.254613,10885.674369,219852.275390,13988.085416,17857.531279,74815.548444,1407.387101,127.152966,769.039266,3489.654154,1433.171338,1383.348632,1424.039582,3.273244,0.574279,2.390562,7.282476,3.317809,3.272515,3.288538,39097.060511,222.173943,3230.805172,59026.315260,7403.863882,9177.740369,27940.480752,10619.587845,52.888179,1142.441772,19230.967255,2035.250520,2426.478915,7669.006345,42895.587568,187.994728,4091.950175,74138.328406,5287.832652,6633.536945,25833.070611,9860.770388,57.443959,1181.352396,18751.676574,1945.619309,2420.260776,7371.854008,10367.253360,20.513765,727.567837,17413.982795,2006.047702,2544.291497,7936.144919,293763.069145,663.000660,22522.962523,517842.860908,33769.362023,41743.882189,186722.915137,364323.748971,152572.610031,326724.179798,630970.163004,471997.730629,292836.066015,234569.310672,135066.787574,70038.172063,126175.057568,211412.428468,153664.880183,129314.780461,111817.585152,61783.549253,37792.065485,57607.587535,94106.073203,56256.522241,56071.968740,65829.392073,20272.301190,14289.401571,19946.510299,26475.592733,20766.053057,20062.125052,19558.393651,1633.126578,318.479128,1144.054678,3745.770737,1681.105284,1625.308525,1598.970377,0.000000,0.000000,0.000000,0.000000,0.000000,0.000000,0.000000,59777.505956,22534.244975,48275.059227,112888.819873,71559.519252,55036.934523,45458.920171,307.942297,11.611907,104.959997,758.285681,313.808780,313.615664,305.572552,3161.417112,324.434914,1820.978366,7671.407159,3167.147032,3106.024014,3266.603919,421045.269081,4956.377820,53342.421736,773666.125226,79247.800201,95200.447476,300072.246493,0.000000,0.000000,0.000000,0.000000,0.000000,0.000000,0.000000,0.263415,0.068239,0.271290,0.442184,0.260506,0.258078,0.267456,34.512400,9.479418,25.959299,71.291462,29.673134,29.994301,39.902601,40.566968,10.997705,30.524752,84.365269,34.561015,34.977813,46.845950,68441.413870,-770027.124725,-431622.486850,401104.704821,-647447.044561,-427283.735864,-107512.616473,1.001455,0.651739,0.971219,1.343593,0.994840,0.998194,1.008577,0.000000,0.000000,0.000000,0.000000,0.000000,0.000000,0.000000,-8281135.513781,-19969465.300214,-11899069.221015,-2130745.015880,-17034014.713960,-11834932.784462,-7030257.288216,0.504400
por,20260916,2026-09-16,37,2030,4,32924.948051,254.785500,4480.813603,64418.981920,6339.738624,7851.265040,24272.659629,12702.561719,122.189360,2056.826590,26187.592953,2843.335184,3557.887134,10448.717049,10802.121085,60.630209,1144.784552,18226.049830,1751.158522,2115.696199,6940.466603,0.000000,0.000000,0.000000,0.000000,0.000000,0.000000,0.000000,9420.265247,45.454032,1142.520336,18437.924699,1745.244918,2177.681706,6883.475977,6019.531369,25.032592,784.516343,11720.532067,1100.684608,1369.599666,4597.843443,1264671.512803,3577.594913,99068.599400,2104746.231672,128887.211825,163736.750958,707182.798119,1131609.303896,3152.806969,87803.663460,1866067.573887,114079.524979,144730.868757,627298.409533,133062.208907,408.727456,11414.310384,235551.252191,14807.686846,19005.882201,79884.388586,1407.387101,127.152966,769.039266,3489.654154,1433.171338,1383.348632,1424.039582,3.273244,0.574279,2.390562,7.282476,3.317809,3.272515,3.288538,41162.942320,217.474656,3281.176724,62116.903540,7670.624046,9579.612173,29229.594104,11300.839097,52.871452,1184.758418,20645.678210,2131.958086,2556.372594,8147.580434,45854.150694,189.259605,4276.502380,79245.436237,5573.699513,7027.248225,27535.385132,10489.155197,57.416267,1233.158135,19996.783238,2040.209749,2550.012636,7832.152077,9755.849308,15.976694,666.940732,15964.756243,1785.954709,2266.719311,7471.770308,272028.488087,409.067469,19563.042282,471201.028769,29685.911092,36543.708938,170569.185210,364323.748971,152572.610031,326724.179798,630970.163004,471997.730629,292836.066015,234569.310672,135066.787574,70038.172063,126175.057568,211412.428468,153664.880183,129314.780461,111817.585152,62121.734573,37885.225181,57860.374170,95392.066782,56466.080234,56279.647835,66568.702393,20278.451404,14294.944805,19948.981250,26494.030646,20769.699343,20065.938708,19572.073606,1774.413505,353.361017,1288.458953,3987.989093,1833.007500,1770.417531,1724.927111,0.000000,0.000000,0.000000,0.000000,0.000000,0.000000,0.000000,59777.505956,22534.244975,48275.059227,112888.819873,71559.519252,55036.934523,45458.920171,305.186054,11.303593,102.838773,751.419871,310.965271,310.989444,302.661680,3209.664585,328.928254,1848.835537,7794.775627,3214.856782,3153.222298,3317.162415,454277.281640,5069.392718,56312.253640,839925.275815,84123.654085,101610.371219,323111.369520,0.000000,0.000000,0.000000,0.000000,0.000000,0.000000,0.000000,0.267633,0.070756,0.275782,0.448086,0.264679,0.262237,0.271710,32.329990,8.492133,24.243753,67.178196,27.285114,27.710350,37.933835,38.014354,9.709300,28.580299,79.331947,31.786783,32.324896,44.532536,158860.130267,-764279.653625,-423375.710622,552824.569167,-638107.058767,-414676.307038,-56315.817083,0.999970,0.646866,0.969846,1.344015,0.992933,0.997904,1.001438,0.000000,0.000000,0.000000,0.000000,0.000000,0.000000,0.000000,-8122275.383514,-20731535.595583,-12299755.765961,-1547882.726873,-17672121.772728,-12249609.091500,-7086573.105299,0.503600
por,20260916,2026-09-16,38,2030,5,34556.752485,248.245538,4610.801351,67378.277288,6537.702665,8115.681926,25384.353315,13207.272818,120.128948,2125.272102,27332.350027,2929.410239,3673.873762,10907.285847,11412.219823,57.724003,1159.196468,19032.426103,1787.340830,2164.766654,7211.993420,0.000000,0.000000,0.000000,0.000000,0.000000,0.000000,0.000000,9937.259844,44.694261,1181.210367,19396.497253,1820.951596,2277.041510,7265.074048,5386.149653,27.719177,726.950650,10784.151042,1030.577018,1270.669271,4314.383686,1337480.280388,3507.257227,101843.814221,2232918.218385,134222.020634,170898.356621,743689.123305,1197295.482720,3102.604489,90054.130995,1981983.862603,118768.878314,151024.847770,659594.302529,140184.797668,404.069532,11855.029244,249255.775517,15453.142319,19873.508850,84094.820777,1407.387101,127.152966,769.039266,3489.654154,1433.171338,1383.348632,1424.039582,3.273244,0.574279,2.390562,7.282476,3.317809,3.272515,3.288538,42709.861952,213.549515,3303.331180,63986.478480,7812.297337,9763.503033,30081.794198,11854.884002,52.284912,1228.060995,21555.648438,2195.100899,2643.723569,8524.227511,48395.996853,186.027449,4431.837484,82997.912145,5785.828959,7310.120921,28911.056740,11000.292693,56.156628,1265.539082,20908.604687,2101.840998,2636.984831,8193.145633,8799.427436,17.842067,630.847802,14565.015234,1663.062113,2124.780609,7053.809031,251349.263183,601.186875,18795.585688,441489.002243,28190.398902,34963.317263,157711.921475,364323.748971,152572.610031,326724.179798,630970.163004,471997.730629,292836.066015,234569.310672,135066.787574,70038.172063,126175.057568,211412.428468,153664.880183,129314.780461,111817.585152,62371.616625,37968.397553,58048.874186,95964.586040,56600.354579,56461.427490,67141.637470,20283.598445,14300.575590,19951.679246,26502.197772,20773.088590,20069.952263,19582.966810,1903.966206,389.017602,1428.278474,4181.577325,1965.649521,1899.443638,1845.990777,0.000000,0.000000,0.000000,0.000000,0.000000,0.000000,0.000000,59777.505956,22534.244975,48275.059227,112888.819873,71559.519252,55036.934523,45458.920171,302.447200,10.981189,100.889611,745.664942,308.142106,308.376097,299.769896,3257.912059,333.370443,1877.274547,7899.343367,3262.566531,3200.420583,3367.720911,483153.018068,5128.167349,58974.519008,891922.470929,87893.163456,106450.377155,342532.676020,0.000000,0.000000,0.000000,0.000000,0.000000,0.000000,0.000000,0.271896,0.073046,0.279719,0.453768,0.268880,0.266425,0.275983,34.787031,9.639256,27.035157,70.009148,30.385746,30.540072,39.008942,40.867723,11.136335,31.648661,82.904543,35.355014,35.591881,45.778011,240643.425880,-761561.337983,-417474.594695,692850.792234,-632548.183056,-407615.903691,-14415.103359,0.999761,0.647599,0.970136,1.352193,0.994527,0.993646,1.007876,0.000000,0.000000,0.000000,0.000000,0.000000,0.000000,0.000000,-7881631.957633,-21465828.144389,-12684157.804588,-822719.626982,-18304669.955783,-12657224.995191,-7100988.208658,0.502000
por,20260916,2026-09-16,39,2030,6,29146.138160,203.813623,4016.336573,58685.686410,5667.907615,7080.487475,22183.911442,13352.241530,114.441297,2138.581593,27576.678951,2943.960418,3698.731843,11113.057386,5627.808391,27.054918,557.287414,9316.255829,870.116339,1061.211694,3584.835420,0.000000,0.000000,0.000000,0.000000,0.000000,0.000000,0.000000,10166.088238,42.637141,1200.508859,19996.388219,1853.830858,2320.543938,7486.018636,6131.083029,41.193932,822.237093,12057.098298,1226.526221,1485.296559,4747.004498,1015171.407665,2695.004900,81629.273909,1791295.786952,107752.379618,138672.094721,596789.065270,891679.004501,2347.917736,71011.582747,1565463.314340,93750.178226,120569.779389,520335.801953,123492.403164,349.691083,10715.847193,226223.660447,14002.201392,18102.315332,76453.263317,1407.387101,127.152966,769.039266,3489.654154,1433.171338,1383.348632,1424.039582,3.273244,0.574279,2.390562,7.282476,3.317809,3.272515,3.288538,27386.118893,145.213182,2215.384894,42250.122636,5156.545599,6539.800772,19847.532227,9969.368566,43.180236,1078.388757,18627.910446,1901.463592,2305.262739,7455.040008,37642.984188,147.194563,3669.826058,67462.152854,4776.984447,6084.407012,23760.759325,9276.750762,46.706356,1100.904864,18071.497526,1820.333180,2302.284139,7156.804137,10352.920739,25.845742,723.502463,16668.342644,2086.743969,2602.735688,7851.048038,321089.246503,880.733314,21571.752300,533642.442431,34557.251839,42990.197859,186964.714529,364323.748971,152572.610031,326724.179798,630970.163004,471997.730629,292836.066015,234569.310672,135066.787574,70038.172063,126175.057568,211412.428468,153664.880183,129314.780461,111817.585152,61492.342756,37682.820439,57355.924693,93185.228716,55896.430685,55717.795168,65556.893269,20266.835722,14288.422448,19938.012763,26467.628375,20759.294182,20055.768891,19552.378176,2033.262354,444.921220,1578.375560,4364.569665,2095.389099,2029.204308,1977.033101,0.000000,0.000000,0.000000,0.000000,0.000000,0.000000,0.000000,59777.505956,22534.244975,48275.059227,112888.819873,71559.519252,55036.934523,45458.920171,234.357092,8.340943,78.118734,578.299816,239.245323,239.279771,231.366975,2582.447431,265.141817,1495.914026,6306.248822,2594.630041,2539.644596,2659.901961,317448.048312,3608.986060,40608.466463,597818.330482,59923.787417,73117.973296,232963.917559,0.000000,0.000000,0.000000,0.000000,0.000000,0.000000,0.000000,0.200082,0.036353,0.204947,0.352494,0.197695,0.195686,0.203741,35.901040,9.819905,27.048825,73.817182,30.642623,30.923122,40.420483,42.209725,11.279282,31.637534,87.095284,35.685664,36.035889,47.465294,-105813.975426,-782952.504605,-443822.975563,229158.093870,-659529.697840,-440825.175031,-164749.257101,1.001631,0.652823,0.972515,1.338255,0.999076,0.989345,1.002557,0.000000,0.000000,0.000000,0.000000,0.000000,0.000000,0.000000,-7987445.933059,-22246602.118132,-13120539.099628,-583121.948661,-18964199.653623,-13098050.170223,-7265737.465759,0.501250
por,20260916,2026-09-16,40,2030,7,17193.345999,110.037143,2227.163723,33613.098139,3244.087231,4010.261406,12862.519123,6407.498568,50.773954,1004.474426,12998.456148,1419.666608,1771.723576,5399.559185,5937.530429,28.496517,576.729205,9942.114222,911.294168,1103.055795,3765.155408,0.000000,0.000000,0.000000,0.000000,0.000000,0.000000,0.000000,4848.317002,20.600762,581.017712,9576.972740,913.126455,1135.482034,3697.804530,5500.902308,36.841944,755.115851,10960.028865,1117.120108,1336.628876,4266.368173,595139.862845,1457.055064,44917.304797,1017690.970722,60705.993996,77572.925727,339726.778978,533836.499294,1290.802474,39675.978276,908576.712293,53797.775838,68655.795924,301766.332458,61303.363551,163.829224,5153.715792,111158.665745,6908.218158,8917.129803,37960.446520,1407.387101,127.152966,769.039266,3489.654154,1433.171338,1383.348632,1424.039582,3.273244,0.574279,2.390562,7.282476,3.317809,3.272515,3.288538,12869.440394,75.818590,1041.495690,19215.425378,2463.306535,3071.071579,9034.810226,5860.287353,23.565617,589.923120,10803.529115,1090.773121,1302.245426,4326.002259,22109.689023,78.484010,2018.069533,39082.727045,2707.269807,3416.472897,13592.839790,5481.677434,25.562112,610.381765,10411.817414,1049.362990,1309.878368,4145.981230,9195.673519,23.336946,657.332707,15105.223277,1913.701425,2338.893630,7065.865973,265488.603513,762.324252,18123.604208,447596.208342,29261.510820,36500.716021,158087.430082,267074.003087,110040.930983,238292.681321,465883.037222,346038.833707,214201.578961,171091.163413,127962.586512,66781.787285,120072.887288,198833.815657,145347.011525,122657.824635,106197.895999,87633.300102,57917.115860,85259.436703,118301.810887,83704.582274,82645.753148,87982.812163,20348.167948,14403.839812,20075.279802,26481.435077,20821.273445,20174.923379,19621.312060,2162.238963,509.419821,1723.553723,4497.334162,2230.166891,2157.363953,2102.803074,0.000000,0.000000,0.000000,0.000000,0.000000,0.000000,0.000000,52673.304894,19586.034468,42431.477907,99949.001049,63241.650594,48379.978698,39839.231018,194.866591,6.753452,63.848589,479.535298,199.253476,199.214725,191.705658,2196.467643,222.460221,1262.271215,5358.519364,2212.952047,2162.058317,2255.433990,150785.191283,2089.100490,19204.282872,281783.749134,28278.536973,34040.216252,107960.447629,0.000000,0.000000,0.000000,0.000000,0.000000,0.000000,0.000000,0.143139,0.013720,0.138511,0.277583,0.141293,0.139441,0.145989,33.261815,9.006105,25.326848,68.194862,28.612936,28.842941,37.379568,39.080084,10.393936,29.512196,80.664242,33.314870,33.599647,43.867129,-290941.781454,-685338.890010,-426791.450654,-145259.652257,-581396.845363,-419737.577441,-280058.544229,0.998096,0.648121,0.970523,1.338028,0.994767,0.986283,0.994393,0.000000,0.000000,0.000000,0.000000,0.000000,0.000000,0.000000,-8278387.714512,-22915978.648706,-13541357.662988,-695744.547559,-19545596.498986,-13517787.747664,-7545796.009988,0.501600
por,20260916,2026-09-16,41,2030,8,17634.191240,114.035734,2295.958857,34764.615471,3333.134851,4083.293897,13146.591222,6533.500288,53.899631,1038.176067,13241.010971,1459.772904,1805.753424,5523.319794,6090.354374,28.643516,587.783613,10095.861412,929.187854,1113.924618,3834.348309,0.000000,0.000000,0.000000,0.000000,0.000000,0.000000,0.000000,5010.336579,22.457638,601.933536,9963.198643,944.174093,1163.615855,3788.923119,5159.678431,37.118095,711.300488,10341.886818,1057.217082,1259.893846,4036.810749,619526.018349,1518.950230,45934.747421,1049379.104329,63042.242310,79768.287957,351627.023511,555957.258683,1347.836368,40743.526807,936770.334820,55869.127902,70599.880910,312374.132274,63568.759666,174.995095,5312.914488,113880.615553,7173.114408,9168.407046,39252.891237,1407.387101,127.152966,769.039266,3489.654154,1433.171338,1383.348632,1424.039582,3.273244,0.574279,2.390562,7.282476,3.317809,3.272515,3.288538,13768.643432,77.922927,1102.552181,20754.239061,2651.470351,3291.253749,9631.728640,6033.885121,24.610124,608.893997,11135.074755,1121.589898,1326.410069,4419.385955,22947.647354,82.457728,2090.790482,40129.165221,2797.884518,3501.513089,14020.350534,5604.689728,26.635341,623.567903,10602.446857,1077.584079,1332.245891,4247.504035,8561.327939,23.444787,630.685845,14529.125659,1816.915947,2229.688735,6686.324971,242210.368734,747.864473,16314.929323,405285.558651,26403.654877,32975.663529,142934.390329,267074.003087,110040.930983,238292.681321,465883.037222,346038.833707,214201.578961,171091.163413,127962.586512,66781.787285,120072.887288,198833.815657,145347.011525,122657.824635,106197.895999,87739.859302,58007.349871,85312.443904,118486.452648,83736.872973,82771.324346,88034.276374,20350.320618,14406.870437,20075.279802,26483.850963,20822.055563,20177.147335,19622.300207,2298.301175,594.445817,1882.813502,4617.322625,2367.341916,2294.980331,2238.642546,0.000000,0.000000,0.000000,0.000000,0.000000,0.000000,0.000000,52673.304894,19586.034468,42431.477907,99949.001049,63241.650594,48379.978698,39839.231018,194.542469,6.626979,63.058827,478.224665,198.865931,198.989845,191.306274,2244.715117,228.301223,1290.999063,5467.078696,2260.661796,2209.256602,2305.992486,165727.962212,2193.196686,20818.223743,306468.866357,30996.126358,37101.729443,118424.485211,0.000000,0.000000,0.000000,0.000000,0.000000,0.000000,0.000000,0.158653,0.018777,0.157494,0.297787,0.156723,0.154612,0.161641,32.132134,8.680255,24.594016,65.758845,27.522063,27.752063,35.747822,37.758573,10.054743,28.573574,77.683420,32.026684,32.326640,41.951688,-247186.987217,-671630.943179,-416369.764092,-76420.786594,-576878.916113,-414776.401128,-255325.791147,0.998676,0.646348,0.970594,1.336045,0.993116,0.984124,0.995515,0.000000,0.000000,0.000000,0.000000,0.000000,0.000000,0.000000,-8525574.701730,-23578579.132264,-13953434.015500,-700967.982925,-20122475.415099,-13932564.148792,-7801121.801135,0.501600
por,20260916,2026-09-16,42,2030,9,18509.231138,120.793647,2372.268905,36046.184044,3482.796465,4238.885119,13711.398882,6557.927527,54.750869,1041.623852,13264.204021,1476.527000,1814.098336,5569.396886,6884.120892,32.094880,656.267680,11336.387104,1043.927769,1249.396294,4316.256380,0.000000,0.000000,0.000000,0.000000,0.000000,0.000000,0.000000,5067.182719,23.996025,616.569344,10044.313584,962.341696,1175.390489,3825.745616,7344.718520,46.124279,873.052040,13493.700068,1330.081331,1590.257116,5222.981872,691741.168669,1656.311734,50548.975334,1162849.291165,69373.744875,87215.297434,388481.898789,622636.992005,1468.623707,44890.720329,1042690.784608,61634.922423,77394.056783,346022.379798,69104.176664,188.364803,5696.179329,122019.694097,7738.822452,9821.240650,42459.518991,6131.628620,770.093613,3742.977890,14633.507561,6220.264517,6017.710972,6188.302956,14.232634,3.705936,11.568669,28.798350,14.379060,14.229121,14.270052,18708.864606,204.350357,2067.197425,28251.920887,4239.713191,5058.325839,13383.712185,6347.428864,25.651387,626.019639,11536.490168,1172.147760,1377.036667,4615.952061,25261.214262,89.899910,2230.830695,43402.687808,3020.545463,3758.782140,15238.863832,5880.901104,28.068511,650.824596,11036.935755,1126.332097,1382.577209,4437.628230,12211.078510,28.624461,775.148541,19019.196417,2311.711238,2769.663432,8608.502436,392720.062864,1103.623068,24480.941173,619141.021206,39709.484408,49944.330087,217015.607223,229818.134150,85755.973260,197099.780754,418299.057010,301489.245659,177450.832394,140958.292789,130983.034002,68029.353784,122520.965228,203899.151234,149035.042183,125415.338589,108417.671865,88002.564259,58094.788577,85567.202997,119120.293921,83838.389312,82840.284910,88587.483960,20531.822115,14498.095082,20234.375458,26785.359155,21028.377239,20345.144277,19776.350663,2364.062673,650.608602,1959.665830,4667.720639,2436.816619,2361.376552,2291.686719,0.000000,0.000000,0.000000,0.000000,0.000000,0.000000,0.000000,55693.752384,20554.648289,44760.506816,105722.314098,66929.681252,51137.492652,42059.006884,1003.899714,44.806546,365.169048,2467.977992,1008.329951,1027.575417,988.335736,11870.733057,1686.811052,7588.467638,27640.261780,11850.258643,11645.020553,12223.184124,230154.601087,6815.612543,39782.340403,421369.577989,50382.996482,58055.243521,168187.469173,0.000000,0.000000,0.000000,0.000000,0.000000,0.000000,0.000000,0.224767,0.046894,0.230868,0.388284,0.222137,0.220083,0.228589,38.134675,10.630427,29.124919,78.434629,32.815333,33.275133,43.100025,44.815527,12.241454,34.179315,92.296817,38.187387,38.781181,50.596845,-304060.546784,-657844.758935,-397498.408542,-172254.989593,-541552.618230,-389291.924342,-271121.069208,0.998597,0.650243,0.971829,1.340080,0.995210,0.982303,0.999369,0.000000,0.000000,0.000000,0.000000,0.000000,0.000000,0.000000,-8829635.248514,-24218567.269619,-14341072.285482,-922385.567689,-20664028.033329,-14321856.073134,-8072242.870344,0.500900
por,20260916,2026-09-16,43,2030,10,22409.648216,140.646692,2785.227256,43089.915615,4119.518107,5006.068226,16273.927214,8323.103384,65.737289,1240.144626,16648.281888,1765.205259,2165.104940,6719.803554,8031.284428,36.802099,752.837466,13235.893011,1199.129842,1433.262285,4980.458378,0.000000,0.000000,0.000000,0.000000,0.000000,0.000000,0.000000,6055.260403,29.661339,736.218980,12047.320255,1155.183006,1407.701000,4573.665283,6301.144578,50.695950,825.087291,12303.523245,1218.739962,1477.677469,4735.279035,849997.420092,1989.014702,59955.551264,1392512.518165,82745.737844,103859.942415,465743.079252,763167.385626,1761.474287,53265.856052,1245031.068730,73436.339851,92067.474011,414331.932088,86830.034466,228.659965,6830.521443,149105.633076,9309.397993,11792.468404,51411.147164,6131.628620,770.093613,3742.977890,14633.507561,6220.264517,6017.710972,6188.302956,14.232634,3.705936,11.568669,28.798350,14.379060,14.229121,14.270052,22926.785289,220.743020,2325.668051,34075.435238,4960.484244,5974.145135,16136.622679,7671.243838,30.596172,737.388385,13775.377777,1385.647764,1623.888886,5480.951569,30925.133169,106.478245,2628.306427,52194.502795,3593.458185,4461.713103,18219.246640,7118.199073,33.249644,765.663684,13151.161262,1332.568339,1633.930028,5266.840102,10491.155027,30.668301,740.650310,17082.493094,2113.337117,2557.809800,7769.775843,327259.856378,1280.222263,21518.304779,524819.018816,34414.379197,42680.746879,184487.191037,229818.134150,85755.973260,197099.780754,418299.057010,301489.245659,177450.832394,140958.292789,130983.034002,68029.353784,122520.965228,203899.151234,149035.042183,125415.338589,108417.671865,88970.414884,58387.206051,86351.960634,121517.888172,84554.422446,83494.780346,90502.380355,20550.264949,14509.763051,20246.167991,26812.229363,21041.296948,20357.184387,19813.644503,2364.062673,650.608602,1959.665830,4667.720639,2436.816619,2361.376552,2291.686719,0.000000,0.000000,0.000000,0.000000,0.000000,0.000000,0.000000,55693.752384,20554.648289,44760.506816,105722.314098,66929.681252,51137.492652,42059.006884,1033.060335,45.284833,372.777838,2542.334656,1037.034728,1058.065600,1017.098372,12501.295125,1775.482629,7991.478235,29156.249044,12470.232792,12261.333883,12882.426639,288620.392828,7568.165221,46116.911339,516070.048092,60190.641583,69566.436385,207004.608996,0.000000,0.000000,0.000000,0.000000,0.000000,0.000000,0.000000,0.238055,0.053668,0.245131,0.406542,0.235178,0.233192,0.242096,36.711558,10.474377,28.406309,74.979797,31.899092,32.157149,40.569586,43.123079,12.064576,33.226375,87.712512,37.096204,37.445933,47.606107,-109779.269186,-622396.666993,-368782.329240,88650.501053,-526700.094333,-369926.561115,-178824.069058,0.997784,0.645405,0.971104,1.337636,0.985325,0.986727,0.999687,0.000000,0.000000,0.000000,0.000000,0.000000,0.000000,0.000000,-8939414.517699,-24834443.316271,-14710980.245237,-856179.238683,-21190728.127661,-14691782.634248,-8251066.939402,0.500800
por,20260916,2026-09-16,44,2030,11,25180.085885,163.825706,3126.843046,48160.500484,4613.189922,5617.663023,18235.301419,9510.885159,77.368446,1391.895545,18809.284365,1989.265863,2445.117644,7598.786767,8887.554206,41.754551,824.191302,14529.370267,1318.653674,1579.259454,5486.359136,0.000000,0.000000,0.000000,0.000000,0.000000,0.000000,0.000000,6781.646520,35.248883,835.891723,13434.128353,1305.270385,1593.285924,5150.155515,6044.352146,51.130951,810.353848,11869.703162,1181.129434,1453.592222,4629.608124,959148.316238,2357.252534,67427.237975,1571268.166878,92765.328350,116661.242245,523231.475548,860351.621740,2076.236131,59535.960622,1398975.999169,82274.240610,103348.811243,465138.642524,98796.694497,272.548283,7726.214727,170818.300838,10491.087740,13312.431001,58092.833025,6131.628620,770.093613,3742.977890,14633.507561,6220.264517,6017.710972,6188.302956,14.232634,3.705936,11.568669,28.798350,14.379060,14.229121,14.270052,25368.127221,225.989789,2463.843864,37697.357497,5385.239797,6579.942321,17780.860892,8615.709149,35.680630,824.340113,15420.537033,1551.958121,1821.453888,6142.519598,34851.551457,124.341342,2922.323423,59101.239296,4026.112628,5010.135406,20455.858371,7997.945553,38.622183,857.408039,14776.845243,1492.741595,1832.865472,5903.119815,10061.614263,30.024437,733.386029,16486.269773,2033.844215,2517.351275,7663.528750,313087.727300,1275.363777,21015.574677,511250.242356,33701.373405,41502.717127,180307.056306,229818.134150,85755.973260,197099.780754,418299.057010,301489.245659,177450.832394,140958.292789,130983.034002,68029.353784,122520.965228,203899.151234,149035.042183,125415.338589,108417.671865,89675.090552,58653.118943,86838.237241,123486.956407,85080.625730,84011.415830,91882.278998,20563.258992,14522.709276,20261.004786,26830.208199,21050.826073,20367.175224,19839.167495,2364.062673,650.608602,1959.665830,4667.720639,2436.816619,2361.376552,2291.686719,0.000000,0.000000,0.000000,0.000000,0.000000,0.000000,0.000000,55693.752384,20554.648289,44760.506816,105722.314098,66929.681252,51137.492652,42059.006884,1026.759409,43.877163,366.607482,2535.021130,1030.445797,1052.251985,1010.424900,12711.482481,1804.886523,8131.085789,29680.599629,12676.890841,12466.771659,13102.174145,327079.317671,8028.086895,50199.673296,585819.311889,66827.324203,77619.710911,233678.520450,0.000000,0.000000,0.000000,0.000000,0.000000,0.000000,0.000000,0.241800,0.055954,0.248917,0.411366,0.238811,0.236843,0.245938,36.491764,10.418714,28.233953,74.467220,31.648004,31.851392,40.218566,42.866980,12.050784,32.912883,87.452700,36.806509,37.086616,47.194248,-6903.004951,-615575.426246,-359593.524090,250403.180448,-518789.320899,-359504.081864,-130315.096118,0.995368,0.650585,0.969658,1.334122,0.976855,0.991310,0.996454,0.000000,0.000000,0.000000,0.000000,0.000000,0.000000,0.000000,-8946317.522650,-25425013.310686,-15067248.923168,-602790.376273,-21709517.448561,-15051286.716112,-8381382.035520,0.500800
por,20260916,2026-09-16,45,2030,12,27524.927721,183.157541,3414.550567,52954.491087,5033.311694,6155.703396,19937.868573,10459.947072,87.521406,1516.066859,20831.235305,2179.970714,2691.779769,8359.286959,9650.756997,45.773727,889.258025,15773.183781,1420.874778,1707.732804,5931.382933,0.000000,0.000000,0.000000,0.000000,0.000000,0.000000,0.000000,7414.223652,39.978138,922.431675,14612.400226,1432.466203,1756.190824,5647.198681,5571.868216,47.940060,777.894536,11101.067177,1142.416084,1403.886066,4432.923276,1033996.360203,2648.614518,72613.754053,1702572.324626,99839.237933,126194.906013,564853.624347,927147.083884,2331.267779,64134.364107,1512178.951219,88509.227787,111743.103342,501897.574715,106849.276319,308.051457,8315.147683,186282.478078,11330.010145,14451.802671,62956.049631,6131.628620,770.093613,3742.977890,14633.507561,6220.264517,6017.710972,6188.302956,14.232634,3.705936,11.568669,28.798350,14.379060,14.229121,14.270052,25608.668035,213.473503,2407.681788,37538.299441,5375.032364,6645.342461,17892.886218,9416.203133,39.794367,900.208650,16923.065880,1689.933998,1995.765540,6718.185835,37696.158296,138.805087,3168.768647,64187.723417,4355.283865,5443.037887,22167.385163,8741.294631,43.090132,936.883453,16156.500844,1628.251069,2007.982693,6453.155944,9352.147914,28.257454,694.689132,15578.101581,1937.656902,2421.631675,7368.177656,282639.305436,1134.309925,19389.177863,473658.798202,31219.380634,38264.734966,167139.441555,229818.134150,85755.973260,197099.780754,418299.057010,301489.245659,177450.832394,140958.292789,130983.034002,68029.353784,122520.965228,203899.151234,149035.042183,125415.338589,108417.671865,90205.836249,58842.108032,87296.185499,125044.863665,85442.955368,84386.036166,92880.766482,20573.270720,14530.877349,20274.005549,26842.348524,21057.247991,20373.860712,19858.230152,2364.062673,650.608602,1959.665830,4667.720639,2436.816619,2361.376552,2291.686719,0.000000,0.000000,0.000000,0.000000,0.000000,0.000000,0.000000,55693.752384,20554.648289,44760.506816,105722.314098,66929.681252,51137.492652,42059.006884,954.278492,39.968088,336.761505,2346.262739,957.987031,978.578954,937.739315,12080.920413,1714.605487,7717.141463,28137.522518,12056.916693,11850.458329,12442.931629,337785.999612,7915.321535,50451.407120,601614.975900,68097.155309,79633.206420,240988.221005,0.000000,0.000000,0.000000,0.000000,0.000000,0.000000,0.000000,0.226078,0.048112,0.232242,0.389018,0.223223,0.221273,0.230079,35.192987,9.999235,27.168917,72.126466,30.347303,30.543534,38.799383,41.348705,11.540927,31.513716,84.521358,35.303542,35.567419,45.528145,85880.597265,-609290.760481,-350791.930204,389969.972920,-510937.354347,-349005.125320,-84060.002707,0.996035,0.647334,0.969223,1.337163,0.983169,0.993593,1.002505,0.000000,0.000000,0.000000,0.000000,0.000000,0.000000,0.000000,-8860436.925385,-26011312.955738,-15411066.078259,-173106.796899,-22220454.802908,-15400291.841433,-8465442.038227,0.500650
por,20260916,2026-09-16,46,2031,1,29326.076772,199.074166,3651.797478,56798.202339,5385.919658,6608.766998,21344.442534,11156.501452,95.710831,1625.454720,22422.224832,2340.046521,2899.547188,8988.047060,10259.987123,48.312521,940.144391,16738.597206,1506.635939,1815.893844,6303.315751,0.000000,0.000000,0.000000,0.000000,0.000000,0.000000,0.000000,7909.588197,43.406229,994.928016,15593.499112,1539.237198,1893.325966,6053.079722,6873.727328,51.944158,904.435925,13475.219972,1345.701176,1658.798587,5397.242636,1115658.338279,2914.855958,78719.147681,1834337.699899,107889.800037,136909.619006,612697.660693,1000316.689264,2576.799687,69414.668898,1626138.554437,95615.798332,121192.106924,544235.322254,115341.649015,341.611876,9022.443336,201988.126260,12274.001705,15717.512081,68462.338439,6131.628620,770.093613,3742.977890,14633.507561,6220.264517,6017.710972,6188.302956,14.232634,3.705936,11.568669,28.798350,14.379060,14.229121,14.270052,27951.274244,222.068226,2564.568367,40393.147230,5868.087605,7261.287704,19582.044929,10040.598768,42.719468,965.583290,18018.016389,1804.761483,2140.232816,7192.940622,40565.871953,152.240854,3417.960147,68718.802826,4688.991080,5883.547988,23964.200390,9323.903012,46.770937,1000.739240,17274.936165,1745.276206,2156.433973,6908.000225,11477.135413,30.268050,808.720035,18754.089490,2313.087605,2850.197289,8880.124984,384788.745658,1300.984608,26978.871774,661654.847835,43096.787287,53397.549351,235249.364881,229818.134150,85755.973260,197099.780754,418299.057010,301489.245659,177450.832394,140958.292789,130983.034002,68029.353784,122520.965228,203899.151234,149035.042183,125415.338589,108417.671865,90592.205811,58991.404832,87611.568273,126072.950196,85744.109075,84680.579613,93631.981536,20580.632140,14535.938189,20284.134635,26856.683939,21062.878508,20379.289784,19873.145255,2467.171068,660.046531,2010.362945,4879.555181,2548.798955,2467.293315,2392.271159,0.000000,0.000000,0.000000,0.000000,0.000000,0.000000,0.000000,55693.752384,20554.648289,44760.506816,105722.314098,66929.681252,51137.492652,42059.006884,981.671502,40.192905,341.980740,2429.003562,984.963427,1007.258456,964.698831,12711.482481,1804.886523,8131.085789,29680.599629,12676.890841,12466.771659,13102.174145,377026.290985,8532.621196,55719.301680,675031.834171,75731.557671,88846.202282,270492.627007,0.000000,0.000000,0.000000,0.000000,0.000000,0.000000,0.000000,0.240397,0.055432,0.247333,0.409185,0.237334,0.235394,0.244540,40.221666,11.423640,30.204777,83.034471,34.277092,34.743647,45.484136,47.283109,13.192898,35.342220,98.079687,39.907570,40.489501,53.395489,47859.611665,-615149.569184,-358399.572716,289776.005238,-517561.002795,-356872.764918,-116626.413424,0.997020,0.642242,0.969959,1.342716,0.981589,0.995797,1.002478,0.000000,0.000000,0.000000,0.000000,0.000000,0.000000,0.000000,-8812577.313720,-26625954.772179,-15761800.678019,164782.342620,-22738015.805703,-15757164.606350,-8582068.451651,0.500400
por,20260916,2026-09-16,47,2031,2,31960.395626,216.498023,3974.515567,61898.062564,5855.143592,7207.423466,23339.092909,12124.986195,104.116987,1771.961501,24510.267019,2552.569089,3174.915083,9863.466116,11224.330073,51.467758,1019.755287,18211.103881,1625.650044,1962.670079,6863.070881,0.000000,0.000000,0.000000,0.000000,0.000000,0.000000,0.000000,8611.079358,46.692517,1080.790091,16984.553761,1676.924459,2069.838303,6612.555912,6273.625603,45.535294,859.902001,12425.422979,1257.802801,1571.520756,5056.446109,1227347.589073,3161.523291,86396.253176,2010671.644381,118126.438848,150639.842822,676381.428904,1100746.893340,2800.949464,76224.026493,1782468.973218,104658.147973,133307.253716,600654.349481,126600.695733,373.953013,9889.480824,219818.845250,13468.290875,17332.589106,75727.079422,6131.628620,770.093613,3742.977890,14633.507561,6220.264517,6017.710972,6188.302956,14.232634,3.705936,11.568669,28.798350,14.379060,14.229121,14.270052,30606.124262,228.919624,2705.127373,43592.756266,6365.605216,7905.229095,21488.466479,10951.364228,46.625161,1046.975518,19563.777390,1959.892514,2325.010793,7866.111915,44539.745815,166.522452,3746.802305,75242.330516,5121.058410,6454.521915,26394.331915,10173.661291,50.644204,1088.090270,18787.090619,1898.825436,2352.602668,7555.082940,10442.381942,26.576112,774.459105,17278.223930,2119.558434,2689.606415,8292.976854,341731.051930,1038.770149,24296.548159,593120.140166,38619.677182,47891.972423,213610.392952,229818.134150,85755.973260,197099.780754,418299.057010,301489.245659,177450.832394,140958.292789,130983.034002,68029.353784,122520.965228,203899.151234,149035.042183,125415.338589,108417.671865,91161.954716,59167.566289,88059.878396,127453.225406,86081.564997,85175.927472,94746.236120,20591.684634,14538.732084,20293.821817,26876.934518,21070.032528,20388.637717,19894.415685,2657.284976,686.872252,2125.909156,5260.954434,2741.598654,2656.972338,2575.436572,0.000000,0.000000,0.000000,0.000000,0.000000,0.000000,0.000000,55693.752384,20554.648289,44760.506816,105722.314098,66929.681252,51137.492652,42059.006884,991.750316,39.696796,342.067166,2451.356183,994.712704,1018.193309,974.370388,13131.857193,1864.389575,8396.136888,30648.616074,13090.206940,12877.647213,13541.669155,422187.068373,9084.671554,60841.806407,764954.912784,83841.403873,98740.617400,303946.018648,0.000000,0.000000,0.000000,0.000000,0.000000,0.000000,0.000000,0.249523,0.060644,0.256920,0.422228,0.246346,0.244408,0.253751,38.172776,10.685730,28.526314,79.556570,32.226824,32.710270,43.402919,44.882274,12.345235,33.331335,93.255819,37.528609,38.125867,50.951695,183222.100014,-605358.377354,-346302.317655,510333.318918,-505623.688724,-341381.687131,-44956.763650,0.996759,0.645574,0.968561,1.340503,0.982491,0.995852,0.999623,0.000000,0.000000,0.000000,0.000000,0.000000,0.000000,0.000000,-8629355.213706,-27234323.171360,-16103309.440886,532069.671524,-23243639.494427,-16098546.293481,-8627025.215300,0.500150
por,20260916,2026-09-16,48,2031,3,33923.333454,226.040939,4210.379637,65909.734071,6217.146998,7686.206819,24905.842282,12811.817973,108.281782,1885.328051,25781.158460,2715.466112,3396.651166,10547.858662,11990.630101,52.817248,1072.062029,19343.480567,1717.511427,2077.940610,7311.522562,0.000000,0.000000,0.000000,0.000000,0.000000,0.000000,0.000000,9120.885380,48.617053,1153.753466,18169.164874,1784.169459,2211.615043,7046.461058,6588.747074,37.814655,849.970373,12589.369681,1239.365281,1542.694024,5082.598222,1321114.024657,3344.902820,92781.456315,2165991.007331,127013.368885,162681.038533,731960.030972,1185279.316910,2952.885147,81883.891083,1925662.326588,112510.812879,143930.101943,649908.384436,135834.707747,396.313421,10692.681348,235601.753637,14502.556006,18750.936591,82051.646536,6131.628620,770.093613,3742.977890,14633.507561,6220.264517,6017.710972,6188.302956,14.232634,3.705936,11.568669,28.798350,14.379060,14.229121,14.270052,33155.499721,234.386734,2848.347481,47204.846502,6886.746193,8557.263525,23380.514359,11635.266293,48.997937,1115.933017,20661.008577,2076.604469,2476.236657,8395.319919,47790.434420,174.432781,4014.189989,81196.862792,5480.962494,6941.931047,28458.463661,10811.148190,52.963524,1155.405857,19732.679877,2017.372009,2510.666525,8071.283566,10839.214095,22.486642,753.244331,17592.082248,2058.848266,2617.529616,8363.989358,346368.527605,800.788501,23601.468516,593200.314955,36962.084654,45688.259084,210869.775457,279749.364820,114212.110734,248161.799566,490832.599097,362717.510067,223509.199797,178304.214918,131564.099986,70383.304134,124797.719731,200559.311647,148110.567573,127003.602516,110665.511632,91548.834277,59338.846152,88345.944870,128541.974553,86392.231908,85571.535588,95354.975929,20632.175762,14668.920982,20394.048820,26792.667832,21016.317802,20479.096118,20043.533959,2859.920535,717.294802,2244.009452,5761.023994,2949.908754,2856.886537,2771.369506,0.000000,0.000000,0.000000,0.000000,0.000000,0.000000,0.000000,43006.910472,15277.029454,34332.657161,81932.368162,51739.726178,39560.478989,32429.997528,1016.550879,39.761429,345.869013,2515.190233,1019.123499,1044.251127,998.683386,13762.419261,1958.285123,8794.979226,32119.546582,13710.181088,13493.960543,14200.911670,467892.850027,9757.970580,66320.916526,851893.832537,92366.269819,109298.618603,338932.511425,0.000000,0.000000,0.000000,0.000000,0.000000,0.000000,0.000000,0.263212,0.068455,0.271065,0.441490,0.259895,0.257941,0.267549,36.725418,10.138305,27.213844,76.280345,30.916567,31.382745,42.454528,43.177787,11.632363,31.963668,90.319068,36.009545,36.588055,49.845448,204456.459827,-662230.100015,-385869.232160,606425.581643,-557938.076793,-378264.394095,-38582.264871,0.996906,0.651819,0.970565,1.330977,0.984200,0.996427,1.000430,0.000000,0.000000,0.000000,0.000000,0.000000,0.000000,0.000000,-8424898.753879,-27870381.495149,-16458389.121645,1128688.439934,-23801577.571221,-16476810.687577,-8665607.480172,0.499300
por,20260916,2026-09-16,49,2031,4,35967.596675,230.606703,4419.475509,69629.535518,6534.208353,8102.022631,26353.071265,13362.379626,110.183583,1978.917888,26791.349576,2853.854558,3585.881185,11147.491847,12686.013333,52.565672,1116.436398,20283.895126,1793.314711,2172.026896,7700.214018,0.000000,0.000000,0.000000,0.000000,0.000000,0.000000,0.000000,9919.203716,49.047475,1210.167977,19555.061368,1887.039084,2344.114550,7505.365400,5767.044518,28.299053,787.846509,11580.594469,1120.364164,1410.379346,4728.568167,1409183.710763,3454.037661,98419.895451,2303175.977696,134344.992563,172788.583875,779400.633353,1264746.080820,3044.345816,86500.324135,2045302.136205,118983.317642,152835.545832,691944.062577,144437.629943,406.747171,11303.445546,249886.320572,15361.674921,19953.038042,87456.570776,6131.628620,770.093613,3742.977890,14633.507561,6220.264517,6017.710972,6188.302956,14.232634,3.705936,11.568669,28.798350,14.379060,14.229121,14.270052,34747.441353,231.553076,2893.181728,48904.108983,7136.582561,8900.785813,24449.160810,12341.074633,49.786202,1176.636998,21801.073495,2178.786104,2606.768062,8881.846870,50916.014228,178.594862,4243.336293,86258.023013,5782.068227,7355.000766,30254.651954,11467.177154,53.839563,1205.063137,20892.879146,2120.194806,2650.332461,8547.039438,9287.605882,17.641684,681.405510,15641.379797,1832.458810,2332.463409,7661.477309,295059.810658,496.820431,20409.436629,515005.310302,31944.790924,39553.484319,187929.739107,279749.364820,114212.110734,248161.799566,490832.599097,362717.510067,223509.199797,178304.214918,131564.099986,70383.304134,124797.719731,200559.311647,148110.567573,127003.602516,110665.511632,91867.870469,59416.162058,88599.685406,129227.782819,86683.485588,85906.488030,95962.897581,20638.214805,14677.040637,20403.259171,26815.113297,21021.577951,20485.581732,20054.629795,3051.231363,756.936237,2380.603567,6224.049130,3147.702831,3040.378670,2963.003427,0.000000,0.000000,0.000000,0.000000,0.000000,0.000000,0.000000,43006.910472,15277.029454,34332.657161,81932.368162,51739.726178,39560.478989,32429.997528,1009.714508,38.517337,340.106253,2498.076462,1012.052576,1037.823681,991.481213,13972.606617,1989.876114,8943.075105,32619.968767,13916.839137,13699.398320,14420.659175,502065.942522,10069.603645,69881.054320,904625.583342,97756.765660,116189.005574,362995.084721,0.000000,0.000000,0.000000,0.000000,0.000000,0.000000,0.000000,0.267480,0.070850,0.275507,0.447289,0.264126,0.262163,0.271839,34.092685,8.925090,25.421918,71.499587,28.287909,28.795779,39.969728,40.095857,10.264450,29.967828,84.160685,32.951957,33.585964,46.916900,330187.804090,-654802.683928,-378210.961358,764297.900117,-547472.143283,-364490.828770,22458.192691,0.995574,0.648550,0.968797,1.338560,0.988945,0.990511,1.000810,0.000000,0.000000,0.000000,0.000000,0.000000,0.000000,0.000000,-8094710.949789,-28517872.833713,-16817287.207066,1893608.671439,-24349049.714504,-16841301.516347,-8643149.287481,0.498950
por,20260916,2026-09-16,50,2031,5,37234.808093,228.831134,4570.388019,71226.734856,6736.355587,8384.913966,27414.456570,13658.105202,110.105439,2060.177616,27494.750762,2945.108569,3716.110183,11584.894985,13151.957922,50.873209,1137.486530,20936.479041,1831.808125,2222.752975,7964.610370,0.000000,0.000000,0.000000,0.000000,0.000000,0.000000,0.000000,10424.744970,48.038559,1258.660158,20299.061188,1959.438894,2446.050809,7864.951216,5183.033026,31.740757,744.155942,10553.721435,1046.032067,1299.476101,4399.901992,1468616.178994,3441.567204,102003.295321,2406552.109395,139748.644651,180340.646858,816734.938472,1318615.298618,3028.124414,89937.861259,2141598.413868,123727.221091,159462.647171,724981.384704,150000.880376,407.176533,11754.609860,262371.155140,16021.423560,20877.999687,91753.553768,6131.628620,770.093613,3742.977890,14633.507561,6220.264517,6017.710972,6188.302956,14.232634,3.705936,11.568669,28.798350,14.379060,14.229121,14.270052,35593.178122,227.195704,2915.412249,50053.699911,7261.940454,9069.350091,25114.715947,12763.459543,49.432009,1214.675988,22601.212796,2242.646046,2694.531898,9236.023689,52998.023898,177.822234,4412.417611,90204.568083,5996.002156,7654.432954,31649.577443,11869.567342,53.979922,1247.888583,21675.920124,2184.390306,2743.291828,8897.796432,8349.448461,19.708962,647.159241,14321.084877,1704.724518,2147.259841,7120.071099,266350.032692,783.495564,19572.227851,478790.315086,30467.660523,37773.849481,172756.366662,279749.364820,114212.110734,248161.799566,490832.599097,362717.510067,223509.199797,178304.214918,131564.099986,70383.304134,124797.719731,200559.311647,148110.567573,127003.602516,110665.511632,92073.527433,59493.166478,88710.798940,129822.186009,86768.856284,86051.820623,96406.041366,20642.029817,14674.115097,20405.125000,26820.599633,21023.005958,20487.952848,20062.876957,3247.631525,791.258923,2515.710795,6727.509464,3350.326016,3244.151740,3158.367315,0.000000,0.000000,0.000000,0.000000,0.000000,0.000000,0.000000,43006.910472,15277.029454,34332.657161,81932.368162,51739.726178,39560.478989,32429.997528,1002.866557,37.314331,334.270563,2482.383374,1004.979197,1031.369383,984.271985,14182.793973,2014.949291,9076.631941,33095.622879,14123.497186,13904.836096,14640.406680,526446.819388,10225.140092,72724.222970,943561.360721,101826.771759,121520.204631,382307.396025,0.000000,0.000000,0.000000,0.000000,0.000000,0.000000,0.000000,0.271763,0.073357,0.279853,0.453129,0.268374,0.266403,0.276139,36.995005,10.333307,28.880477,74.671248,31.997557,32.192301,41.327396,43.452622,11.940462,33.868324,88.005978,37.208867,37.504241,48.475508,409546.563599,-652844.244514,-373666.927437,912283.010241,-541880.144293,-356899.085474,67798.124199,0.996861,0.648692,0.970602,1.339893,0.986764,0.990016,1.004823,0.000000,0.000000,0.000000,0.000000,0.000000,0.000000,0.000000,-7685164.386190,-29145655.274556,-17166089.926564,2882446.616987,-24890929.858797,-17198200.601821,-8575351.163282,0.498250
por,20260916,2026-09-16,51,2031,6,30528.935522,195.491239,4002.668711,60191.021794,5850.241876,7326.833222,23732.836883,13616.729074,108.159612,2079.329450,27217.330324,2962.016586,3744.945457,11737.296213,6321.345165,26.208870,548.005242,10183.567620,902.465715,1097.353227,3953.439938,0.000000,0.000000,0.000000,0.000000,0.000000,0.000000,0.000000,10590.861283,45.864736,1271.846602,20623.912503,1985.759575,2484.534538,8042.100732,6166.367452,49.163085,834.442390,11936.059384,1258.866217,1532.364228,4974.552076,1081672.677329,2694.163175,82367.930471,1866252.896248,112168.246562,146289.844227,650194.113822,952173.569430,2339.373244,71651.107260,1626638.807988,97668.435736,127280.766277,567263.696130,129499.107899,353.547373,10704.293411,230649.753252,14499.810826,19009.077950,82930.417692,6131.628620,770.093613,3742.977890,14633.507561,6220.264517,6017.710972,6188.302956,14.232634,3.705936,11.568669,28.798350,14.379060,14.229121,14.270052,22210.058545,161.683964,2034.418323,32445.935089,4891.475687,6198.306231,16560.533380,10437.312389,42.922260,1068.038853,19229.494414,1943.778345,2351.445558,7997.724511,40022.906496,145.790028,3703.769611,71751.304399,4952.948700,6372.021532,25795.593167,9730.550036,46.631519,1098.628727,18315.564489,1893.652452,2396.289391,7702.878987,10282.193924,30.007956,737.891146,16873.765441,2171.001135,2659.128475,8205.625685,364837.212860,1195.123442,22751.719247,583758.076952,37826.847167,47073.138834,210920.373047,279749.364820,114212.110734,248161.799566,490832.599097,362717.510067,223509.199797,178304.214918,131564.099986,70383.304134,124797.719731,200559.311647,148110.567573,127003.602516,110665.511632,91198.981776,59188.919379,88074.698218,127467.713434,86092.094768,85220.449806,94952.841118,20625.951384,14661.940344,20388.639723,26789.603585,21010.675867,20473.091121,20036.023329,3438.670095,837.077748,2659.557633,7216.302369,3558.227930,3426.248144,3348.803350,0.000000,0.000000,0.000000,0.000000,0.000000,0.000000,0.000000,43006.910472,15277.029454,34332.657161,81932.368162,51739.726178,39560.478989,32429.997528,778.659275,28.418033,257.307624,1928.893885,781.602070,801.317597,761.035691,11240.170989,1596.391952,7171.873445,26140.267108,11230.284495,11028.707222,11563.941609,337786.188680,7581.519734,51932.825167,628255.330270,70663.498328,84825.359271,258802.667508,0.000000,0.000000,0.000000,0.000000,0.000000,0.000000,0.000000,0.199954,0.036490,0.204722,0.352087,0.197556,0.195668,0.203633,38.713779,10.652217,29.208972,79.740594,32.652303,33.039604,43.278058,45.509152,12.337006,33.945227,93.547538,38.005527,38.493928,50.799817,-25792.104260,-673567.269346,-399402.544138,300982.087353,-571280.079439,-393384.444155,-111038.124039,0.995412,0.643381,0.971268,1.338040,0.982695,0.986388,1.001937,0.000000,0.000000,0.000000,0.000000,0.000000,0.000000,0.000000,-7710956.490450,-29793687.575516,-17566201.480490,3363607.048804,-25462209.938236,-17591585.045976,-8686389.287321,0.498650
por,20260916,2026-09-16,52,2031,7,18112.833929,116.731530,2226.938128,34715.611022,3357.040285,4152.902365,13763.068493,6487.781857,53.567663,985.978517,12881.556390,1444.120903,1809.197042,5704.271094,6536.357274,28.808359,579.563059,10628.938338,944.075410,1142.112665,4128.243028,0.000000,0.000000,0.000000,0.000000,0.000000,0.000000,0.000000,5088.694797,24.074977,610.150047,9792.009339,968.843972,1201.592659,3930.554371,5253.872969,46.426287,759.554656,10705.480768,1155.747668,1405.784860,4524.241082,639338.965499,1583.032058,45067.834388,1069357.597476,63340.538133,81631.401517,370225.666879,574815.807658,1399.175016,39901.237282,948064.089457,56152.223807,72291.455138,329090.417218,64523.157840,182.193776,5142.819629,115880.004405,7188.314326,9339.946379,41135.249661,6131.628620,770.093613,3742.977890,14633.507561,6220.264517,6017.710972,6188.302956,14.232634,3.705936,11.568669,28.798350,14.379060,14.229121,14.270052,10734.403612,96.232172,1102.116139,15322.550121,2551.850933,3164.096585,7773.956443,6190.664013,24.985382,600.436072,11002.535673,1116.702799,1323.966585,4652.685763,23707.947588,85.124425,2038.059800,40847.281063,2810.907486,3573.521612,14765.757638,5773.137571,27.217234,611.674081,10563.747416,1096.537037,1363.640653,4462.473421,8804.787385,28.043906,679.865812,15071.649500,1983.928534,2428.639799,7565.910527,291471.105560,1083.381854,19243.312115,480692.698636,32007.717666,39986.977228,176967.824000,279749.364820,114212.110734,248161.799566,490832.599097,362717.510067,223509.199797,178304.214918,131564.099986,70383.304134,124797.719731,200559.311647,148110.567573,127003.602516,110665.511632,87659.617244,57936.846544,85290.800948,118332.930835,83694.006923,82624.757557,88265.269920,20558.812864,14619.274754,20332.533662,26697.120342,20965.389886,20424.448655,19907.649591,3631.721203,880.929842,2821.560594,7567.477376,3740.066236,3618.651064,3544.298925,0.000000,0.000000,0.000000,0.000000,0.000000,0.000000,0.000000,43006.910472,15277.029454,34332.657161,81932.368162,51739.726178,39560.478989,32429.997528,648.747030,22.912564,211.085082,1609.484579,652.093538,668.056269,631.724671,9558.672141,1335.495481,6071.960528,22330.967961,9577.020100,9385.205009,9805.961568,164955.140719,4951.494560,29010.114654,296677.869690,36606.825056,42654.810483,123633.310571,0.000000,0.000000,0.000000,0.000000,0.000000,0.000000,0.000000,0.143394,0.013917,0.138933,0.277826,0.141646,0.139736,0.146111,36.324985,9.874477,27.574154,74.373516,30.818784,31.110635,40.152958,42.686371,11.494241,32.151779,87.459711,35.858647,36.229790,47.112410,-288898.225569,-709282.298898,-437945.113298,-144297.918881,-598422.696817,-430712.335940,-281596.832605,0.995845,0.647511,0.969948,1.335108,0.981119,0.986609,1.008457,0.000000,0.000000,0.000000,0.000000,0.000000,0.000000,0.000000,-7999854.716020,-30487784.827164,-17993995.637433,3220067.135497,-26060632.635053,-18022297.381916,-8967986.119926,0.498700
por,20260916,2026-09-16,53,2031,8,18252.873652,124.837177,2294.412309,35156.256416,3456.679585,4254.738210,14086.130807,6535.271475,58.441315,1025.818480,13054.835981,1491.839479,1857.854197,5857.339078,6494.241476,30.673180,593.501019,10609.203519,962.079373,1158.765160,4184.708325,0.000000,0.000000,0.000000,0.000000,0.000000,0.000000,0.000000,5223.360702,26.096034,632.766088,10139.869281,1002.760733,1238.118854,4044.083405,4916.652942,49.164500,743.980623,9986.324898,1101.222286,1353.568383,4292.986803,650794.544935,1730.416482,46871.795101,1091707.053169,65765.900392,84465.390128,383698.979252,585028.089959,1536.009974,41447.124815,975361.848563,58293.861716,74798.052800,341035.382054,65766.454976,196.697724,5383.804374,117346.664375,7472.038676,9667.337327,42663.597198,6131.628620,770.093613,3742.977890,14633.507561,6220.264517,6017.710972,6188.302956,14.232634,3.705936,11.568669,28.798350,14.379060,14.229121,14.270052,11294.154045,98.100449,1142.870680,16391.187914,2759.390307,3380.400862,8296.051043,6259.228756,26.657966,618.160021,11243.503064,1148.117317,1356.594274,4756.779404,24075.109268,91.915842,2126.882424,41656.613466,2905.414219,3686.153302,15259.773869,5804.718137,29.248057,635.309773,10697.000462,1129.343210,1394.879013,4583.543013,8255.633181,30.221036,658.709081,14101.077458,1877.299231,2338.979996,7273.961609,266752.300823,1194.320424,17947.475736,441117.313099,29150.390499,36271.444206,159745.700006,279749.364820,114212.110734,248161.799566,490832.599097,362717.510067,223509.199797,178304.214918,131564.099986,70383.304134,124797.719731,200559.311647,148110.567573,127003.602516,110665.511632,87814.999911,58019.150755,85369.785915,118675.200967,83780.766780,82808.292337,88501.043034,20561.954792,14620.402749,20335.331158,26707.027875,20967.405925,20427.467746,19912.140680,3843.651593,931.658095,3012.470855,8005.731418,3967.919559,3836.314573,3733.234026,0.000000,0.000000,0.000000,0.000000,0.000000,0.000000,0.000000,43006.910472,15277.029454,34332.657161,81932.368162,51739.726178,39560.478989,32429.997528,649.039280,22.485735,209.124235,1608.892712,652.170131,668.722858,631.818985,9768.859497,1367.337094,6210.645317,22856.420085,9783.678150,9590.642785,10025.709073,177836.214787,5228.443601,31070.026514,322306.410316,39663.968799,46198.335368,135206.955066,0.000000,0.000000,0.000000,0.000000,0.000000,0.000000,0.000000,0.158902,0.018884,0.157652,0.298327,0.157008,0.154929,0.161722,35.474582,9.701850,27.185060,72.317039,30.201555,30.445054,38.563370,41.682344,11.267519,31.760318,85.039497,35.121817,35.442775,45.238782,-254815.496733,-694298.945181,-426590.951193,-74459.293257,-593999.998454,-425197.564850,-253808.268224,0.998183,0.646951,0.971173,1.347228,0.985741,0.993601,1.008235,0.000000,0.000000,0.000000,0.000000,0.000000,0.000000,0.000000,-8254670.212752,-31151498.382377,-18415615.759941,3122663.771428,-26654632.633507,-18447494.946766,-9221794.388149,0.498450
por,20260916,2026-09-16,54,2031,9,18930.584087,138.151962,2408.171402,36366.253551,3624.663386,4455.794385,14725.351012,6510.394128,64.116748,1039.293120,13226.686264,1518.030094,1886.279547,5926.675756,7170.927571,35.609276,670.118021,11797.795732,1082.770169,1308.642779,4697.606229,0.000000,0.000000,0.000000,0.000000,0.000000,0.000000,0.000000,5249.262388,29.180101,649.597261,10224.550945,1023.863123,1260.872059,4101.069027,7000.192003,62.304318,915.647017,13188.516376,1366.137209,1728.945921,5544.233489,715284.122185,2002.042480,51784.399349,1202799.006701,72715.380441,93057.269953,424685.403754,644653.427425,1766.885081,45883.051561,1076511.285275,64605.656553,82616.240240,378414.559996,70630.694760,226.477873,5809.716884,126555.128757,8109.723888,10441.029713,46270.843758,13431.745209,1774.157038,8453.841107,31808.075211,13607.289584,13177.212438,13541.546366,31.154400,8.632627,25.932228,61.128453,31.432612,31.158381,31.195465,15452.636531,193.256963,2008.994867,23667.842392,4539.032517,5335.654291,11729.172804,6497.151377,29.385023,643.522882,11683.600024,1203.464549,1419.159870,4967.023894,26097.549412,103.586785,2295.964507,45028.436323,3151.828815,3989.444331,16628.598081,6016.319662,32.110194,660.709926,10957.342355,1184.941338,1459.183591,4806.721938,11690.932195,36.708049,814.347583,18692.739095,2407.074246,2996.597158,9335.576156,423023.750129,1764.522056,27664.836456,677220.205704,43955.153665,54925.651407,241228.433873,63304.262075,13072.979833,46514.219737,137062.233818,83136.237385,47100.965014,36556.190394,115788.140282,62491.425552,110227.390999,175865.425719,129604.866416,112170.789350,98210.965876,88076.637973,58139.903699,85623.059175,119284.703512,83935.465361,82925.166354,89084.449701,19643.251580,14078.892043,19485.425452,25348.549675,19942.922954,19536.294872,19119.825787,4037.980645,988.048150,3187.352205,8369.743718,4166.882590,4029.853733,3914.829526,0.000000,0.000000,0.000000,0.000000,0.000000,0.000000,0.000000,27230.950768,7483.431372,20704.128548,54977.266418,33234.025021,24727.665823,19975.451771,1689.467018,60.278918,552.302367,4214.877176,1684.729766,1743.775230,1648.228286,25998.093069,3880.915195,17036.997817,59913.810294,25906.887858,25488.843358,26756.806021,247485.134966,11260.697363,57306.675513,440161.260606,66279.337742,74506.470730,194704.363071,0.000000,0.000000,0.000000,0.000000,0.000000,0.000000,0.000000,0.224823,0.046917,0.230966,0.388113,0.222306,0.220219,0.228467,41.994183,11.834020,32.324989,85.769399,36.135663,36.552083,46.525701,49.336306,13.723278,37.776524,100.475089,42.031490,42.575434,54.595176,-121543.439227,-377790.100224,-237600.312660,-14357.913351,-299014.923698,-240095.307292,-143625.681667,0.999361,0.646149,0.970800,1.345300,0.983845,0.998563,1.004966,0.000000,0.000000,0.000000,0.000000,0.000000,0.000000,0.000000,-8376213.651979,-31496839.581710,-18671871.719820,3030729.116862,-26953647.557205,-18687590.254058,-9365420.069816,0.499250
por,20260916,2026-09-16,55,2031,10,22566.809423,171.480215,2848.060710,42961.775831,4283.476813,5303.410150,17459.518364,8166.639181,79.813956,1239.876372,16234.913959,1819.454402,2276.122002,7156.365755,8177.202695,42.644251,770.722995,13512.651044,1241.823460,1515.127087,5407.537048,0.000000,0.000000,0.000000,0.000000,0.000000,0.000000,0.000000,6222.967547,36.726989,782.587791,12136.517504,1222.198952,1512.161061,4895.615561,5986.278519,64.414975,868.726647,11787.211286,1284.021184,1611.850769,5011.748478,863134.517817,2502.854423,61500.431429,1434023.989116,86940.072693,111442.858814,508668.982200,775734.611412,2205.301660,54680.018626,1279673.078847,77152.274230,98831.469670,452667.495958,87399.906405,288.907728,6990.070333,153485.604560,9787.798463,12611.389144,56001.486242,13431.745209,1774.157038,8453.841107,31808.075211,13607.289584,13177.212438,13541.546366,31.154400,8.632627,25.932228,61.128453,31.432612,31.158381,31.195465,18530.323346,206.290576,2240.008254,27601.598058,5206.010657,6247.758208,13937.545961,7742.993685,36.029114,765.343094,13792.731625,1422.215910,1681.416176,5881.891584,31396.320798,129.501687,2734.723113,53964.907580,3755.754115,4766.070518,19859.615056,7162.992729,39.303598,787.354922,13053.332385,1400.225256,1735.604353,5700.272921,10042.081825,37.038002,776.175139,16847.424306,2234.430734,2782.287818,8475.837639,349608.758938,1817.389597,25078.793112,563142.947456,38456.899813,47494.619701,205324.315747,63304.262075,13072.979833,46514.219737,137062.233818,83136.237385,47100.965014,36556.190394,115788.140282,62491.425552,110227.390999,175865.425719,129604.866416,112170.789350,98210.965876,89051.137809,58452.350381,86307.376881,121823.034819,84617.258433,83617.753036,90853.142942,19661.335214,14093.941496,19495.967276,25398.150983,19955.189496,19548.191629,19154.439426,4231.924867,1064.761804,3380.694521,8732.278195,4361.491958,4224.494739,4111.393011,0.000000,0.000000,0.000000,0.000000,0.000000,0.000000,0.000000,27230.950768,7483.431372,20704.128548,54977.266418,33234.025021,24727.665823,19975.451771,1742.099178,60.567120,562.208759,4340.249233,1736.320048,1799.160226,1699.842991,27379.158642,4099.866853,17904.812195,63351.669751,27262.989389,26838.726949,28199.312725,303576.341221,12553.962552,65452.819260,539143.551451,77207.109883,87834.873158,236606.389594,0.000000,0.000000,0.000000,0.000000,0.000000,0.000000,0.000000,0.238066,0.053760,0.245311,0.406482,0.235257,0.233218,0.241988,40.316304,11.551624,31.282116,82.169411,35.013320,35.255536,43.772159,47.347753,13.443157,36.446502,95.965025,40.715347,41.041011,51.350125,72646.085051,-348389.472598,-215670.727439,277075.650027,-283391.016358,-219361.268434,-41856.568233,1.000192,0.650741,0.972180,1.342502,0.986785,1.001096,1.001996,0.000000,0.000000,0.000000,0.000000,0.000000,0.000000,0.000000,-8303567.566928,-31831048.320707,-18887618.825565,3374259.004473,-27237038.573563,-18906951.522492,-9407276.638049,0.499350
por,20260916,2026-09-16,56,2031,11,25125.209578,201.228919,3202.780979,48111.936394,4818.564713,5983.645283,19543.544462,9297.966863,94.577481,1401.135440,18450.966139,2063.966395,2588.663104,8091.437907,8901.744340,48.646722,851.480025,14789.090382,1371.252129,1679.504622,5949.033870,0.000000,0.000000,0.000000,0.000000,0.000000,0.000000,0.000000,6925.498375,44.086681,887.510898,13511.344575,1383.346189,1715.477557,5503.072685,5688.648184,63.017128,863.075810,11410.549744,1263.276801,1575.467948,4966.598087,963561.655955,2946.388022,70058.978122,1602586.245330,98053.653879,125690.513991,571149.847531,864908.754465,2596.651977,62024.312898,1429971.705369,86952.864497,111391.622914,507893.822881,98652.901489,345.208402,7926.971465,171627.565000,11100.789382,14298.891077,63256.024650,13431.745209,1774.157038,8453.841107,31808.075211,13607.289584,13177.212438,13541.546366,31.154400,8.632627,25.932228,61.128453,31.432612,31.158381,31.195465,20275.748824,208.768738,2342.838639,30002.171571,5626.852145,6896.461116,15261.267770,8616.442237,42.183533,864.270216,15281.647045,1599.213904,1895.327100,6581.111698,35029.426802,153.819873,3073.555222,60260.974222,4233.626013,5374.657122,22283.396256,7974.416759,46.166603,882.220667,14600.061295,1576.044215,1958.148590,6387.678454,9549.695927,36.251302,779.982383,16273.941596,2204.209908,2723.112364,8509.040807,331733.616239,1784.173232,24510.587924,543837.618974,37610.329176,46307.334768,200442.032229,63304.262075,13072.979833,46514.219737,137062.233818,83136.237385,47100.965014,36556.190394,115788.140282,62491.425552,110227.390999,175865.425719,129604.866416,112170.789350,98210.965876,89745.460982,58696.207880,86830.138238,123705.605580,85145.420877,84167.533591,92012.334939,19674.591991,14107.687935,19511.239863,25424.222346,19964.826590,19559.471041,19176.422967,4425.389781,1131.413291,3588.548115,8996.316547,4563.658646,4416.734205,4300.047971,0.000000,0.000000,0.000000,0.000000,0.000000,0.000000,0.000000,27230.950768,7483.431372,20704.128548,54977.266418,33234.025021,24727.665823,19975.451771,1734.963076,58.960272,553.607034,4338.544109,1728.783442,1792.778081,1692.180992,27839.513833,4173.782403,18242.687911,64279.203118,27715.023232,27288.688145,28680.148293,339539.549844,13345.419793,70687.092119,604600.624561,84630.479571,97149.861227,264999.387021,0.000000,0.000000,0.000000,0.000000,0.000000,0.000000,0.000000,0.241803,0.056020,0.249021,0.411255,0.238853,0.236856,0.245843,39.959638,11.509223,30.903906,81.440823,34.595804,34.830512,43.267581,46.933517,13.382802,35.960417,94.782435,40.236805,40.543288,50.764470,172223.307775,-343172.934890,-208226.091219,428948.003658,-274705.131193,-208001.698910,11714.879886,0.999846,0.651070,0.974586,1.341804,0.992405,0.995929,1.010379,0.000000,0.000000,0.000000,0.000000,0.000000,0.000000,0.000000,-8131344.259153,-32146541.016510,-19090631.265793,3927119.172679,-27511743.704756,-19114953.221402,-9395561.758164,0.498850
por,20260916,2026-09-16,57,2031,12,27237.289358,227.467995,3510.967065,52662.901390,5288.589748,6573.628331,21406.552684,10205.074007,106.631578,1556.641387,20262.227618,2279.871552,2858.790612,8921.396327,9521.061522,53.936825,916.751566,15788.538920,1485.426422,1822.707434,6440.960382,0.000000,0.000000,0.000000,0.000000,0.000000,0.000000,0.000000,7511.153829,50.390905,981.163036,14821.457145,1523.291775,1892.130285,6044.195975,5250.286788,57.529567,833.601434,10753.444069,1198.648945,1499.866039,4740.558702,1029256.148955,3319.660798,75601.143666,1725296.335564,106305.687462,136116.069376,617357.301233,923194.579337,2930.305595,66923.673561,1541633.285674,94223.082906,120578.262356,548706.425609,106061.569618,392.311993,8634.319768,187156.584164,12082.604556,15537.807020,68650.875624,13431.745209,1774.157038,8453.841107,31808.075211,13607.289584,13177.212438,13541.546366,31.154400,8.632627,25.932228,61.128453,31.432612,31.158381,31.195465,20320.871386,197.797928,2274.816173,29870.552225,5598.710371,7020.309337,15297.480873,9339.816139,48.188848,948.634112,16567.341668,1753.467168,2080.474889,7203.566489,37540.924522,174.225874,3348.459669,65321.353058,4611.630086,5850.111580,24179.340607,8641.496681,52.067452,970.766606,15928.454214,1731.516925,2150.742036,7000.895296,8797.265193,33.467486,746.374838,15504.988654,2080.841890,2597.890612,8141.975271,294666.621405,1562.909284,22629.385717,494539.305945,34673.515943,42775.264814,185604.901362,63304.262075,13072.979833,46514.219737,137062.233818,83136.237385,47100.965014,36556.190394,115788.140282,62491.425552,110227.390999,175865.425719,129604.866416,112170.789350,98210.965876,90270.179244,58930.740655,87290.483954,125041.696092,85563.291966,84552.527185,93039.891944,19684.890676,14112.254561,19519.181805,25443.029257,19973.339434,19567.363320,19196.989594,4629.483098,1239.286234,3817.430036,9235.031014,4769.421183,4623.158772,4503.807178,0.000000,0.000000,0.000000,0.000000,0.000000,0.000000,0.000000,27230.950768,7483.431372,20704.128548,54977.266418,33234.025021,24727.665823,19975.451771,1615.685391,53.374657,509.717626,4036.423839,1610.328230,1670.337873,1573.488380,26458.448260,3950.346429,17322.907361,61089.434941,26358.921702,25938.804555,27237.641589,346883.222554,13094.782992,70353.575804,620476.284623,85493.810024,98850.908362,272252.589040,0.000000,0.000000,0.000000,0.000000,0.000000,0.000000,0.000000,0.226080,0.048126,0.232050,0.388967,0.223244,0.221289,0.229993,38.403327,11.063270,29.457368,78.462338,33.053326,33.281658,41.599372,45.115604,12.819351,34.294326,91.759511,38.453776,38.742797,48.809372,263642.373844,-338640.405127,-200689.551829,577609.616265,-265666.466277,-196734.122114,63311.967093,1.000676,0.655340,0.972953,1.339959,0.990649,0.999279,1.010649,0.000000,0.000000,0.000000,0.000000,0.000000,0.000000,0.000000,-7867701.885309,-32451319.797913,-19274637.749962,4540567.050382,-27777410.171033,-19311687.343516,-9332249.791071,0.498500
por,20260916,2026-09-16,58,2032,1,28846.166457,247.984939,3755.091860,55946.025624,5667.410008,7053.130863,22936.119969,10869.374343,115.746435,1679.039597,21944.559035,2453.106730,3078.189604,9598.735305,10015.881364,56.966000,975.980839,16887.291472,1577.078037,1938.561585,6850.111727,0.000000,0.000000,0.000000,0.000000,0.000000,0.000000,0.000000,7960.910750,54.514253,1049.613281,15662.222999,1637.225241,2036.379674,6487.272937,6294.577137,60.777761,961.258481,12685.998632,1419.019386,1769.344073,5724.274158,1103213.851637,3694.810258,82063.370163,1861215.690827,115404.481486,147646.982643,670162.475509,989200.126930,3248.268609,72666.099902,1661454.519726,102251.176164,130753.413840,595433.050642,114013.724707,428.095034,9381.297297,202265.044069,13153.305322,16893.568804,74729.424868,13431.745209,1774.157038,8453.841107,31808.075211,13607.289584,13177.212438,13541.546366,31.154400,8.632627,25.932228,61.128453,31.432612,31.158381,31.195465,22083.596975,203.905538,2405.950664,32465.574143,6081.999452,7676.654164,16716.038613,9885.641126,52.388759,1018.268123,17607.510686,1878.128041,2230.356695,7716.604860,40129.482310,190.935453,3625.837956,69899.726048,4983.553908,6322.662802,26155.915190,9152.538223,56.334848,1036.044594,16969.992658,1857.116940,2305.994617,7510.821480,10427.575536,35.280469,870.849605,18115.789751,2444.573688,3067.464698,9751.689828,387687.044365,1706.878880,30276.936786,683654.148649,47507.692752,58812.490907,260374.488941,63304.262075,13072.979833,46514.219737,137062.233818,83136.237385,47100.965014,36556.190394,115788.140282,62491.425552,110227.390999,175865.425719,129604.866416,112170.789350,98210.965876,90708.421109,59047.731543,87647.497405,126142.360097,85839.173187,84938.246149,93807.953949,19693.244537,14117.013178,19531.838223,25456.585770,19978.733145,19574.602690,19212.102117,4728.125345,1301.217204,3919.331659,9335.441277,4873.633237,4722.753105,4583.373438,0.000000,0.000000,0.000000,0.000000,0.000000,0.000000,0.000000,27230.950768,7483.431372,20704.128548,54977.266418,33234.025021,24727.665823,19975.451771,1665.313994,53.820901,517.090157,4162.966914,1658.979861,1722.621298,1622.066903,27839.513833,4173.782403,18242.687911,64279.203118,27715.023232,27288.688145,28680.148293,384061.083075,14114.189462,76660.448323,689328.655848,94350.904481,109456.394733,304651.165160,0.000000,0.000000,0.000000,0.000000,0.000000,0.000000,0.000000,0.240408,0.055523,0.247571,0.409207,0.237348,0.235531,0.244459,43.320491,12.411774,32.371264,89.760639,36.846589,37.293341,48.414508,50.922868,14.375200,37.884812,105.013468,42.905984,43.448616,56.836898,229043.800256,-342389.879062,-206572.229134,478900.180517,-272327.242403,-204992.353912,28378.452323,0.999353,0.651015,0.971179,1.341982,0.993546,0.997542,1.008318,0.000000,0.000000,0.000000,0.000000,0.000000,0.000000,0.000000,-7638658.085053,-32741246.280097,-19494383.684962,4931698.885867,-28049737.413436,-19516679.697428,-9303871.338748,0.498900
por,20260916,2026-09-16,59,2032,2,31101.796306,267.873252,4102.423689,60588.653096,6172.000987,7688.221749,25056.132513,11732.086136,125.267024,1841.220617,23713.077068,2684.031412,3373.086440,10518.517295,10787.795353,60.224534,1056.638738,18167.921040,1703.794552,2095.128020,7452.569949,0.000000,0.000000,0.000000,0.000000,0.000000,0.000000,0.000000,8581.914817,58.656421,1142.961230,17027.805235,1784.175023,2220.007289,7085.045269,5750.117761,52.939349,905.160256,11819.391946,1341.267818,1628.432545,5396.587981,1199051.942644,4002.279742,90544.432348,2024895.710493,127175.670890,162490.554635,739660.020867,1075094.147064,3522.752885,80208.760359,1808874.072176,112643.399357,143855.068020,656997.078777,123957.795580,466.917123,10386.088553,220311.872149,14532.271533,18635.486615,82662.942090,13431.745209,1774.157038,8453.841107,31808.075211,13607.289584,13177.212438,13541.546366,31.154400,8.632627,25.932228,61.128453,31.432612,31.158381,31.195465,23969.560201,208.891354,2524.921571,35057.062201,6553.303312,8394.182160,18281.613321,10647.218884,56.335030,1104.332227,19124.676000,2045.727815,2425.533020,8422.395141,43535.932860,207.955868,3974.173214,76197.257607,5471.572098,6936.454001,28789.513165,9868.543837,61.070569,1128.825899,18472.792471,2021.472132,2510.386206,8217.226889,9572.028998,30.634331,806.075479,16839.152655,2279.865515,2816.098615,9044.579770,336109.792516,1328.547783,27236.442348,602031.616986,42387.670663,52067.255398,235862.453243,63304.262075,13072.979833,46514.219737,137062.233818,83136.237385,47100.965014,36556.190394,115788.140282,62491.425552,110227.390999,175865.425719,129604.866416,112170.789350,98210.965876,91273.629996,59201.365509,88018.159173,127546.547142,86220.928838,85445.087054,94881.887400,19703.727766,14129.134288,19539.570833,25462.818560,19985.332537,19584.106676,19232.154745,4728.125345,1301.217204,3919.331659,9335.441277,4873.633237,4722.753105,4583.373438,0.000000,0.000000,0.000000,0.000000,0.000000,0.000000,0.000000,27230.950768,7483.431372,20704.128548,54977.266418,33234.025021,24727.665823,19975.451771,1685.650065,52.896796,516.225944,4207.501501,1678.662814,1744.603680,1641.615239,28760.224216,4310.462541,18832.576333,66247.920674,28619.090920,28188.610539,29641.819429,424661.433635,14971.054750,83279.085149,766661.413547,103531.093802,120678.397661,340603.000315,0.000000,0.000000,0.000000,0.000000,0.000000,0.000000,0.000000,0.249541,0.060724,0.256970,0.422455,0.246364,0.244558,0.253677,40.851770,11.507838,30.420805,84.800916,34.466442,34.889368,46.052600,48.027238,13.305277,35.528853,99.506792,40.140340,40.653606,54.062993,360024.929512,-335622.207519,-196465.336903,707614.431495,-258329.921007,-187141.330141,108456.271762,1.000883,0.650589,0.972472,1.346843,0.997490,0.999798,1.009806,0.000000,0.000000,0.000000,0.000000,0.000000,0.000000,0.000000,-7278633.155541,-33027532.284718,-19695381.813330,5782385.716547,-28308067.334443,-19703821.027568,-9195415.066987,0.499600
