seed,run_date,run,target,driver,decile1_mean,decile10_mean,spread,abs_spread
20260916,2026-09-16,por,terminal_cash,anchor_u,6349310.558008,-23212825.571278,-29562136.129286,29562136.129286
20260916,2026-09-16,por,terminal_cash,price_uk_tut_gbp,-19039043.559781,2674485.369426,21713528.929207,21713528.929207
20260916,2026-09-16,por,terminal_cash,price_uk_sw_gbp,-10337115.881069,-11084101.677486,-746985.796416,746985.796416
20260916,2026-09-16,por,terminal_cash,price_rel_us,-11140650.259244,-7282638.760601,3858011.498643,3858011.498643
20260916,2026-09-16,por,terminal_cash,price_rel_in,-11799279.905269,-9610355.878522,2188924.026747,2188924.026747
20260916,2026-09-16,por,terminal_cash,price_rel_row,-10063267.389411,-12781051.354639,-2717783.965229,2717783.965229
20260916,2026-09-16,por,terminal_cash,price_drift_yr,-13041866.279761,-2867690.179986,10174176.099775,10174176.099775
20260916,2026-09-16,por,terminal_cash,overage_price_frac,-13098701.759256,-4579499.731838,8519202.027418,8519202.027418
20260916,2026-09-16,por,terminal_cash,sessions_per_hh_month,-13278596.799424,-7074648.228639,6203948.570785,6203948.570785
20260916,2026-09-16,por,terminal_cash,sessions_cv,-8624482.381330,-9319663.000502,-695180.619172,695180.619172
20260916,2026-09-16,por,terminal_cash,usage_season_amp,-10775363.476384,-10604046.792572,171316.683812,171316.683812
20260916,2026-09-16,por,terminal_cash,churn_base,2397295.181424,-18537580.817352,-20934875.998776,20934875.998776
20260916,2026-09-16,por,terminal_cash,churn_m1_extra,-4699296.269317,-15804431.772921,-11105135.503604,11105135.503604
20260916,2026-09-16,por,terminal_cash,summer_lapse_pre,-7882688.431804,-13212420.608691,-5329732.176887,5329732.176887
20260916,2026-09-16,por,terminal_cash,progress_continue,-9503830.413387,-10154056.126370,-650225.712983,650225.712983
20260916,2026-09-16,por,terminal_cash,alevel_continue,-11521755.400973,-7859004.297047,3662751.103927,3662751.103927
20260916,2026-09-16,por,terminal_cash,alevel_exit_rate,-7188522.771656,-11754299.407113,-4565776.635457,4565776.635457
20260916,2026-09-16,por,terminal_cash,exam_carryover,-12676416.398061,-9963276.645066,2713139.752996,2713139.752996
20260916,2026-09-16,por,terminal_cash,turns_per_session,-8587804.437961,-11885680.871016,-3297876.433055,3297876.433055
20260916,2026-09-16,por,terminal_cash,tok_in_per_turn,-10038844.614782,-10490687.029383,-451842.414600,451842.414600
20260916,2026-09-16,por,terminal_cash,tok_out_per_turn,-10353611.376572,-11457362.255638,-1103750.879066,1103750.879066
20260916,2026-09-16,por,terminal_cash,price_in_mtok_usd,-11512564.488805,-11033056.983059,479507.505746,479507.505746
20260916,2026-09-16,por,terminal_cash,price_out_mtok_usd,-10653843.293711,-11553214.733776,-899371.440065,899371.440065
20260916,2026-09-16,por,terminal_cash,verify_overhead,-8680847.076048,-9909210.426685,-1228363.350637,1228363.350637
20260916,2026-09-16,por,terminal_cash,gate_fire_rate,-7684170.718898,-10851567.529302,-3167396.810404,3167396.810404
20260916,2026-09-16,por,terminal_cash,infer_decline_yr,-8924938.974511,-9871151.308982,-946212.334471,946212.334471
20260916,2026-09-16,por,terminal_cash,support_min_hh_month,-11604134.601076,-9059950.233095,2544184.367981,2544184.367981
20260916,2026-09-16,por,terminal_cash,support_usd_hr,-10986090.664246,-13528837.585704,-2542746.921458,2542746.921458
20260916,2026-09-16,por,terminal_cash,pay_pct,-9429048.972989,-9411011.787716,18037.185273,18037.185273
20260916,2026-09-16,por,terminal_cash,pay_fixed_usd,-10734427.520560,-11470282.088281,-735854.567721,735854.567721
20260916,2026-09-16,por,terminal_cash,hosting_hh_usd,-9116066.881003,-11498767.000015,-2382700.119012,2382700.119012
20260916,2026-09-16,por,terminal_cash,verif_cost_usd,-9194301.811222,-10835828.142667,-1641526.331445,1641526.331445
20260916,2026-09-16,por,terminal_cash,minutes_per_item,-5941719.668593,-16583440.245787,-10641720.577194,10641720.577194
20260916,2026-09-16,por,terminal_cash,examiner_rate_gbp_hr,-4671669.801835,-9583073.015764,-4911403.213929,4911403.213929
20260916,2026-09-16,por,terminal_cash,writer_gbp_item,-5387842.418247,-16741482.103033,-11353639.684787,11353639.684787
20260916,2026-09-16,por,terminal_cash,items_per_unit,-2147310.664059,-15450611.429886,-13303300.765827,13303300.765827
20260916,2026-09-16,por,terminal_cash,board_reuse,-12213628.022300,-5456564.872491,6757063.149809,6757063.149809
20260916,2026-09-16,por,terminal_cash,market_reuse,-11977243.560277,-6634259.695317,5342983.864960,5342983.864960
20260916,2026-09-16,por,terminal_cash,reval_frac_yr,-5222064.272999,-11658800.088992,-6436735.815993,6436735.815993
20260916,2026-09-16,por,terminal_cash,eng_usd_yr,-6781718.944435,-11908134.478253,-5126415.533818,5126415.533818
20260916,2026-09-16,por,terminal_cash,uk_gbp_yr,-9685645.253061,-12078212.374583,-2392567.121522,2392567.121522
20260916,2026-09-16,por,terminal_cash,overhead_mult,-10430382.968535,-12272620.973552,-1842238.005016,1842238.005016
20260916,2026-09-16,por,terminal_cash,units_per_content_head,-14518893.511498,-12081006.611987,2437886.899511,2437886.899511
20260916,2026-09-16,por,terminal_cash,eng_ramp_mult,-9238710.175984,-10944397.492211,-1705687.316227,1705687.316227
20260916,2026-09-16,por,terminal_cash,cac_anchor_usd,30438764.444908,-23946110.408010,-54384874.852918,54384874.852918
20260916,2026-09-16,por,terminal_cash,cac_rel_us,-3684923.064659,-13653532.909448,-9968609.844789,9968609.844789
20260916,2026-09-16,por,terminal_cash,cac_rel_in,-10910438.466245,-10849618.562322,60819.903924,60819.903924
20260916,2026-09-16,por,terminal_cash,cac_rel_row,-5399157.098616,-10285421.894152,-4886264.795536,4886264.795536
20260916,2026-09-16,por,terminal_cash,sat_kappa,21338733.397109,-20106846.727245,-41445580.124354,41445580.124354
20260916,2026-09-16,por,terminal_cash,cac_ref_spend_usd,-18598946.540711,4176691.536530,22775638.077240,22775638.077240
20260916,2026-09-16,por,terminal_cash,pool_pressure_psi,-9996147.882819,-11967740.109004,-1971592.226186,1971592.226186
20260916,2026-09-16,por,terminal_cash,creator_share,-14006159.966615,-4825266.554802,9180893.411812,9180893.411812
20260916,2026-09-16,por,terminal_cash,creator_cac_rel,-6664379.365138,-12179002.992527,-5514623.627389,5514623.627389
20260916,2026-09-16,por,terminal_cash,pool_uk,-18031771.001951,1528471.487996,19560242.489947,19560242.489947
20260916,2026-09-16,por,terminal_cash,pool_rel_us,-13474920.881837,-11123860.372503,2351060.509335,2351060.509335
20260916,2026-09-16,por,terminal_cash,pool_rel_in,-8711958.976205,-11417802.407311,-2705843.431107,2705843.431107
20260916,2026-09-16,por,terminal_cash,pool_rel_row,-8997831.852177,-7489438.964265,1508392.887912,1508392.887912
20260916,2026-09-16,por,terminal_cash,acq_season_amp,-7848099.465237,-10074004.570580,-2225905.105342,2225905.105342
20260916,2026-09-16,por,terminal_cash,seg_mix_exam,-11588756.924542,-9518616.257960,2070140.666582,2070140.666582
20260916,2026-09-16,por,terminal_cash,seg_mix_alevel,-7994696.204600,-7425650.464454,569045.740147,569045.740147
20260916,2026-09-16,por,terminal_cash,acq_pct_of_rev,-16772408.047475,-8087777.306374,8684630.741100,8684630.741100
20260916,2026-09-16,por,terminal_cash,acq_launch_ramp,-10432259.709748,-5485815.383184,4946444.326563,4946444.326563
20260916,2026-09-16,por,terminal_cash,shock_rho,-10385101.175380,-10438121.826066,-53020.650686,53020.650686
20260916,2026-09-16,por,terminal_cash,shock_sd,-13739844.020591,-10651405.151132,3088438.869459,3088438.869459
20260916,2026-09-16,por,terminal_cash,school_seats,-9851122.659068,-9548535.559862,302587.099206,302587.099206
20260916,2026-09-16,por,terminal_cash,school_gbp_seat_yr,-6989198.556655,-10047769.572242,-3058571.015586,3058571.015586
20260916,2026-09-16,por,terminal_cash,school_win_rate,-10503621.883376,-12130208.338012,-1626586.454636,1626586.454636
20260916,2026-09-16,por,terminal_cash,school_rep_pipeline_yr,-10064372.970453,-8223735.274234,1840637.696219,1840637.696219
20260916,2026-09-16,por,terminal_cash,school_renewal,-9143826.027911,-6308055.585276,2835770.442635,2835770.442635
20260916,2026-09-16,por,terminal_cash,school_cycle_m,-10188718.084592,-8531901.036825,1656817.047767,1656817.047767
20260916,2026-09-16,por,terminal_cash,us_sales_tax_eff,-9433693.676807,-11732335.529239,-2298641.852432,2298641.852432
20260916,2026-09-16,por,terminal_cash,step_entity_setup_usd,-12585975.397394,-12445675.428771,140299.968623,140299.968623
20260916,2026-09-16,por,terminal_cash,step_entity_annual_usd,-10434203.335964,-9201973.773929,1232229.562036,1232229.562036
20260916,2026-09-16,por,terminal_cash,step_cert_setup_usd,-10367479.117691,-11685117.155810,-1317638.038119,1317638.038119
20260916,2026-09-16,por,terminal_cash,step_cert_annual_usd,-10566959.095878,-7416559.547825,3150399.548053,3150399.548053
20260916,2026-09-16,por,terminal_cash,step_uk_rep_usd_yr,-9266433.426328,-9997237.617566,-730804.191238,730804.191238
20260916,2026-09-16,por,terminal_cash,step_counsel_initial_usd,-10900987.557772,-10908347.072278,-7359.514506,7359.514506
20260916,2026-09-16,por,terminal_cash,step_counsel_market_usd,-8941743.539654,-10868377.684942,-1926634.145288,1926634.145288
20260916,2026-09-16,por,terminal_cash,step_office_usd_head_yr,-13007410.088472,-10156058.696632,2851351.391840,2851351.391840
20260916,2026-09-16,por,terminal_cash,step_dpia_audit_usd_yr,-11637677.147923,-6308413.424403,5329263.723520,5329263.723520
20260916,2026-09-16,por,terminal_cash_rank,anchor_u,0.590653,0.409241,-0.181413,0.181413
20260916,2026-09-16,por,terminal_cash_rank,price_uk_tut_gbp,0.464404,0.521521,0.057117,0.057117
20260916,2026-09-16,por,terminal_cash_rank,price_uk_sw_gbp,0.490082,0.510877,0.020795,0.020795
20260916,2026-09-16,por,terminal_cash_rank,price_rel_us,0.494456,0.504236,0.009779,0.009779
20260916,2026-09-16,por,terminal_cash_rank,price_rel_in,0.497485,0.499992,0.002507,0.002507
20260916,2026-09-16,por,terminal_cash_rank,price_rel_row,0.503044,0.495871,-0.007173,0.007173
20260916,2026-09-16,por,terminal_cash_rank,price_drift_yr,0.485303,0.522363,0.037061,0.037061
20260916,2026-09-16,por,terminal_cash_rank,overage_price_frac,0.494483,0.504526,0.010043,0.010043
20260916,2026-09-16,por,terminal_cash_rank,sessions_per_hh_month,0.488629,0.514742,0.026113,0.026113
20260916,2026-09-16,por,terminal_cash_rank,sessions_cv,0.499435,0.500506,0.001072,0.001072
20260916,2026-09-16,por,terminal_cash_rank,usage_season_amp,0.501049,0.497046,-0.004003,0.004003
20260916,2026-09-16,por,terminal_cash_rank,churn_base,0.555430,0.455303,-0.100127,0.100127
20260916,2026-09-16,por,terminal_cash_rank,churn_m1_extra,0.523404,0.481160,-0.042243,0.042243
20260916,2026-09-16,por,terminal_cash_rank,summer_lapse_pre,0.512793,0.495658,-0.017134,0.017134
20260916,2026-09-16,por,terminal_cash_rank,progress_continue,0.486611,0.506867,0.020256,0.020256
20260916,2026-09-16,por,terminal_cash_rank,alevel_continue,0.488318,0.526449,0.038131,0.038131
20260916,2026-09-16,por,terminal_cash_rank,alevel_exit_rate,0.500418,0.495156,-0.005263,0.005263
20260916,2026-09-16,por,terminal_cash_rank,exam_carryover,0.496241,0.502148,0.005907,0.005907
20260916,2026-09-16,por,terminal_cash_rank,turns_per_session,0.504163,0.499431,-0.004732,0.004732
20260916,2026-09-16,por,terminal_cash_rank,tok_in_per_turn,0.503677,0.491412,-0.012265,0.012265
20260916,2026-09-16,por,terminal_cash_rank,tok_out_per_turn,0.500102,0.502268,0.002166,0.002166
20260916,2026-09-16,por,terminal_cash_rank,price_in_mtok_usd,0.510980,0.503586,-0.007394,0.007394
20260916,2026-09-16,por,terminal_cash_rank,price_out_mtok_usd,0.512131,0.496385,-0.015746,0.015746
20260916,2026-09-16,por,terminal_cash_rank,verify_overhead,0.508234,0.494960,-0.013274,0.013274
20260916,2026-09-16,por,terminal_cash_rank,gate_fire_rate,0.505749,0.505193,-0.000556,0.000556
20260916,2026-09-16,por,terminal_cash_rank,infer_decline_yr,0.492741,0.494848,0.002108,0.002108
20260916,2026-09-16,por,terminal_cash_rank,support_min_hh_month,0.497457,0.499025,0.001568,0.001568
20260916,2026-09-16,por,terminal_cash_rank,support_usd_hr,0.489395,0.501445,0.012051,0.012051
20260916,2026-09-16,por,terminal_cash_rank,pay_pct,0.500900,0.491882,-0.009018,0.009018
20260916,2026-09-16,por,terminal_cash_rank,pay_fixed_usd,0.497462,0.488718,-0.008744,0.008744
20260916,2026-09-16,por,terminal_cash_rank,hosting_hh_usd,0.514803,0.495429,-0.019375,0.019375
20260916,2026-09-16,por,terminal_cash_rank,verif_cost_usd,0.507151,0.491222,-0.015929,0.015929
20260916,2026-09-16,por,terminal_cash_rank,minutes_per_item,0.626154,0.389244,-0.236910,0.236910
20260916,2026-09-16,por,terminal_cash_rank,examiner_rate_gbp_hr,0.600286,0.432647,-0.167639,0.167639
20260916,2026-09-16,por,terminal_cash_rank,writer_gbp_item,0.618742,0.373709,-0.245033,0.245033
20260916,2026-09-16,por,terminal_cash_rank,items_per_unit,0.689559,0.339616,-0.349943,0.349943
20260916,2026-09-16,por,terminal_cash_rank,board_reuse,0.397567,0.612901,0.215334,0.215334
20260916,2026-09-16,por,terminal_cash_rank,market_reuse,0.439183,0.558869,0.119686,0.119686
20260916,2026-09-16,por,terminal_cash_rank,reval_frac_yr,0.551761,0.452655,-0.099106,0.099106
20260916,2026-09-16,por,terminal_cash_rank,eng_usd_yr,0.574616,0.415955,-0.158661,0.158661
20260916,2026-09-16,por,terminal_cash_rank,uk_gbp_yr,0.523358,0.466402,-0.056957,0.056957
20260916,2026-09-16,por,terminal_cash_rank,overhead_mult,0.530443,0.470499,-0.059944,0.059944
20260916,2026-09-16,por,terminal_cash_rank,units_per_content_head,0.421969,0.531529,0.109561,0.109561
20260916,2026-09-16,por,terminal_cash_rank,eng_ramp_mult,0.532967,0.477752,-0.055215,0.055215
20260916,2026-09-16,por,terminal_cash_rank,cac_anchor_usd,0.671339,0.395193,-0.276146,0.276146
20260916,2026-09-16,por,terminal_cash_rank,cac_rel_us,0.526134,0.494130,-0.032004,0.032004
20260916,2026-09-16,por,terminal_cash_rank,cac_rel_in,0.501350,0.496745,-0.004605,0.004605
20260916,2026-09-16,por,terminal_cash_rank,cac_rel_row,0.517214,0.497930,-0.019284,0.019284
20260916,2026-09-16,por,terminal_cash_rank,sat_kappa,0.541041,0.466807,-0.074235,0.074235
20260916,2026-09-16,por,terminal_cash_rank,cac_ref_spend_usd,0.429660,0.580708,0.151048,0.151048
20260916,2026-09-16,por,terminal_cash_rank,pool_pressure_psi,0.508292,0.498695,-0.009597,0.009597
20260916,2026-09-16,por,terminal_cash_rank,creator_share,0.484507,0.524187,0.039680,0.039680
20260916,2026-09-16,por,terminal_cash_rank,creator_cac_rel,0.513336,0.483406,-0.029930,0.029930
20260916,2026-09-16,por,terminal_cash_rank,pool_uk,0.482740,0.505880,0.023140,0.023140
20260916,2026-09-16,por,terminal_cash_rank,pool_rel_us,0.492552,0.502036,0.009484,0.009484
20260916,2026-09-16,por,terminal_cash_rank,pool_rel_in,0.499536,0.506720,0.007184,0.007184
20260916,2026-09-16,por,terminal_cash_rank,pool_rel_row,0.490828,0.502377,0.011549,0.011549
20260916,2026-09-16,por,terminal_cash_rank,acq_season_amp,0.499377,0.500324,0.000947,0.000947
20260916,2026-09-16,por,terminal_cash_rank,seg_mix_exam,0.492445,0.517930,0.025485,0.025485
20260916,2026-09-16,por,terminal_cash_rank,seg_mix_alevel,0.490246,0.512657,0.022410,0.022410
20260916,2026-09-16,por,terminal_cash_rank,acq_pct_of_rev,0.481680,0.497677,0.015997,0.015997
20260916,2026-09-16,por,terminal_cash_rank,acq_launch_ramp,0.496238,0.506616,0.010378,0.010378
20260916,2026-09-16,por,terminal_cash_rank,shock_rho,0.501811,0.495901,-0.005910,0.005910
20260916,2026-09-16,por,terminal_cash_rank,shock_sd,0.503828,0.502498,-0.001330,0.001330
20260916,2026-09-16,por,terminal_cash_rank,school_seats,0.486054,0.507605,0.021552,0.021552
20260916,2026-09-16,por,terminal_cash_rank,school_gbp_seat_yr,0.505372,0.498321,-0.007051,0.007051
20260916,2026-09-16,por,terminal_cash_rank,school_win_rate,0.491916,0.488687,-0.003229,0.003229
20260916,2026-09-16,por,terminal_cash_rank,school_rep_pipeline_yr,0.497855,0.508195,0.010340,0.010340
20260916,2026-09-16,por,terminal_cash_rank,school_renewal,0.506211,0.505831,-0.000380,0.000380
20260916,2026-09-16,por,terminal_cash_rank,school_cycle_m,0.496785,0.490311,-0.006475,0.006475
20260916,2026-09-16,por,terminal_cash_rank,us_sales_tax_eff,0.502343,0.488645,-0.013698,0.013698
20260916,2026-09-16,por,terminal_cash_rank,step_entity_setup_usd,0.488129,0.502232,0.014103,0.014103
20260916,2026-09-16,por,terminal_cash_rank,step_entity_annual_usd,0.506375,0.494288,-0.012087,0.012087
20260916,2026-09-16,por,terminal_cash_rank,step_cert_setup_usd,0.494255,0.506634,0.012380,0.012380
20260916,2026-09-16,por,terminal_cash_rank,step_cert_annual_usd,0.499338,0.499743,0.000405,0.000405
20260916,2026-09-16,por,terminal_cash_rank,step_uk_rep_usd_yr,0.496708,0.513365,0.016657,0.016657
20260916,2026-09-16,por,terminal_cash_rank,step_counsel_initial_usd,0.505126,0.499796,-0.005330,0.005330
20260916,2026-09-16,por,terminal_cash_rank,step_counsel_market_usd,0.512081,0.492561,-0.019520,0.019520
20260916,2026-09-16,por,terminal_cash_rank,step_office_usd_head_yr,0.497617,0.486803,-0.010814,0.010814
20260916,2026-09-16,por,terminal_cash_rank,step_dpia_audit_usd_yr,0.499047,0.492719,-0.006327,0.006327
20260916,2026-09-16,por,peak_funding_requirement,anchor_u,17109584.872771,23502093.263608,6392508.390836,6392508.390836
20260916,2026-09-16,por,peak_funding_requirement,price_uk_tut_gbp,21579177.492907,19461843.247101,-2117334.245806,2117334.245806
20260916,2026-09-16,por,peak_funding_requirement,price_uk_sw_gbp,20667494.044881,20032355.526482,-635138.518400,635138.518400
20260916,2026-09-16,por,peak_funding_requirement,price_rel_us,20578132.420382,20210401.061456,-367731.358925,367731.358925
20260916,2026-09-16,por,peak_funding_requirement,price_rel_in,20299079.872307,20249303.296839,-49776.575469,49776.575469
20260916,2026-09-16,por,peak_funding_requirement,price_rel_row,20200872.541464,20566442.853247,365570.311784,365570.311784
20260916,2026-09-16,por,peak_funding_requirement,price_drift_yr,20742638.657999,19652811.670913,-1089826.987085,1089826.987085
20260916,2026-09-16,por,peak_funding_requirement,overage_price_frac,20495950.438021,20233266.274473,-262684.163548,262684.163548
20260916,2026-09-16,por,peak_funding_requirement,sessions_per_hh_month,20781736.248081,19813373.018665,-968363.229416,968363.229416
20260916,2026-09-16,por,peak_funding_requirement,sessions_cv,20332058.332427,20348034.913685,15976.581258,15976.581258
20260916,2026-09-16,por,peak_funding_requirement,usage_season_amp,20295431.362856,20395935.902394,100504.539537,100504.539537
20260916,2026-09-16,por,peak_funding_requirement,churn_base,18439979.106854,21809294.672123,3369315.565270,3369315.565270
20260916,2026-09-16,por,peak_funding_requirement,churn_m1_extra,19574919.416045,20943496.167838,1368576.751793,1368576.751793
20260916,2026-09-16,por,peak_funding_requirement,summer_lapse_pre,19897178.462632,20473135.139208,575956.676575,575956.676575
20260916,2026-09-16,por,peak_funding_requirement,progress_continue,20769969.210452,20096025.861069,-673943.349383,673943.349383
20260916,2026-09-16,por,peak_funding_requirement,alevel_continue,20756597.037288,19406120.316394,-1350476.720894,1350476.720894
20260916,2026-09-16,por,peak_funding_requirement,alevel_exit_rate,20359618.622667,20432890.342066,73271.719399,73271.719399
20260916,2026-09-16,por,peak_funding_requirement,exam_carryover,20440372.972182,20191620.724300,-248752.247882,248752.247882
20260916,2026-09-16,por,peak_funding_requirement,turns_per_session,20189025.703081,20366409.859426,177384.156345,177384.156345
20260916,2026-09-16,por,peak_funding_requirement,tok_in_per_turn,20115638.605177,20642305.690179,526667.085003,526667.085003
20260916,2026-09-16,por,peak_funding_requirement,tok_out_per_turn,20317920.997506,20249053.747862,-68867.249644,68867.249644
20260916,2026-09-16,por,peak_funding_requirement,price_in_mtok_usd,19980745.803737,20366747.572541,386001.768804,386001.768804
20260916,2026-09-16,por,peak_funding_requirement,price_out_mtok_usd,19976499.886008,20482256.610591,505756.724583,505756.724583
20260916,2026-09-16,por,peak_funding_requirement,verify_overhead,20061075.847023,20500908.100929,439832.253905,439832.253905
20260916,2026-09-16,por,peak_funding_requirement,gate_fire_rate,20168237.735506,20187467.561873,19229.826366,19229.826366
20260916,2026-09-16,por,peak_funding_requirement,infer_decline_yr,20594656.659735,20536192.259654,-58464.400080,58464.400080
20260916,2026-09-16,por,peak_funding_requirement,support_min_hh_month,20387182.473675,20306627.940454,-80554.533222,80554.533222
20260916,2026-09-16,por,peak_funding_requirement,support_usd_hr,20699390.818377,20339818.477280,-359572.341097,359572.341097
20260916,2026-09-16,por,peak_funding_requirement,pay_pct,20302977.688265,20691939.578913,388961.890648,388961.890648
20260916,2026-09-16,por,peak_funding_requirement,pay_fixed_usd,20398792.461556,20759723.967392,360931.505836,360931.505836
20260916,2026-09-16,por,peak_funding_requirement,hosting_hh_usd,19830625.719335,20440876.172518,610250.453182,610250.453182
20260916,2026-09-16,por,peak_funding_requirement,verif_cost_usd,20094662.206242,20663933.029246,569270.823004,569270.823004
20260916,2026-09-16,por,peak_funding_requirement,minutes_per_item,16008862.582526,24791694.532609,8782831.950083,8782831.950083
20260916,2026-09-16,por,peak_funding_requirement,examiner_rate_gbp_hr,16841527.697250,23125738.353314,6284210.656064,6284210.656064
20260916,2026-09-16,por,peak_funding_requirement,writer_gbp_item,16227981.214170,25119935.446318,8891954.232148,8891954.232148
20260916,2026-09-16,por,peak_funding_requirement,items_per_unit,14025881.154785,26652966.061257,12627084.906471,12627084.906471
20260916,2026-09-16,por,peak_funding_requirement,board_reuse,24462922.890372,16314455.316167,-8148467.574205,8148467.574205
20260916,2026-09-16,por,peak_funding_requirement,market_reuse,22639097.077158,18236297.181328,-4402799.895830,4402799.895830
20260916,2026-09-16,por,peak_funding_requirement,reval_frac_yr,18563369.475458,22084359.837312,3520990.361854,3520990.361854
20260916,2026-09-16,por,peak_funding_requirement,eng_usd_yr,17790163.813360,23240197.794282,5450033.980922,5450033.980922
20260916,2026-09-16,por,peak_funding_requirement,uk_gbp_yr,19476664.862997,21470263.784676,1993598.921679,1993598.921679
20260916,2026-09-16,por,peak_funding_requirement,overhead_mult,19260558.395994,21391050.458798,2130492.062804,2130492.062804
20260916,2026-09-16,por,peak_funding_requirement,units_per_content_head,23123830.845971,19213261.465894,-3910569.380076,3910569.380076
20260916,2026-09-16,por,peak_funding_requirement,eng_ramp_mult,19259367.776994,21034696.176612,1775328.399618,1775328.399618
20260916,2026-09-16,por,peak_funding_requirement,cac_anchor_usd,14300056.397165,23948861.117618,9648804.720453,9648804.720453
20260916,2026-09-16,por,peak_funding_requirement,cac_rel_us,19483170.794820,20498080.151373,1014909.356552,1014909.356552
20260916,2026-09-16,por,peak_funding_requirement,cac_rel_in,20393334.448621,20393928.209792,593.761171,593.761171
20260916,2026-09-16,por,peak_funding_requirement,cac_rel_row,19922637.363827,20349776.225481,427138.861654,427138.861654
20260916,2026-09-16,por,peak_funding_requirement,sat_kappa,18951647.594925,21439899.633943,2488252.039018,2488252.039018
20260916,2026-09-16,por,peak_funding_requirement,cac_ref_spend_usd,22746426.800159,17508157.538875,-5238269.261284,5238269.261284
20260916,2026-09-16,por,peak_funding_requirement,pool_pressure_psi,20207624.983727,20368800.660927,161175.677200,161175.677200
20260916,2026-09-16,por,peak_funding_requirement,creator_share,20919067.300785,19362470.806614,-1556596.494171,1556596.494171
20260916,2026-09-16,por,peak_funding_requirement,creator_cac_rel,19896595.090681,20865875.881071,969280.790390,969280.790390
20260916,2026-09-16,por,peak_funding_requirement,pool_uk,20836510.143639,20189568.695365,-646941.448274,646941.448274
20260916,2026-09-16,por,peak_funding_requirement,pool_rel_us,20554056.703727,20332220.320566,-221836.383161,221836.383161
20260916,2026-09-16,por,peak_funding_requirement,pool_rel_in,20438595.797534,20069834.170309,-368761.627225,368761.627225
20260916,2026-09-16,por,peak_funding_requirement,pool_rel_row,20688841.017134,20245803.564752,-443037.452382,443037.452382
20260916,2026-09-16,por,peak_funding_requirement,acq_season_amp,20388830.262170,20357667.406519,-31162.855651,31162.855651
20260916,2026-09-16,por,peak_funding_requirement,seg_mix_exam,20596248.942837,19798287.067219,-797961.875617,797961.875617
20260916,2026-09-16,por,peak_funding_requirement,seg_mix_alevel,20518507.020092,20061804.206813,-456702.813280,456702.813280
20260916,2026-09-16,por,peak_funding_requirement,acq_pct_of_rev,20954497.114993,20489419.602594,-465077.512399,465077.512399
20260916,2026-09-16,por,peak_funding_requirement,acq_launch_ramp,20519562.391356,20044215.351336,-475347.040020,475347.040020
20260916,2026-09-16,por,peak_funding_requirement,shock_rho,20297945.143972,20488987.172412,191042.028440,191042.028440
20260916,2026-09-16,por,peak_funding_requirement,shock_sd,20185820.305351,20376804.635408,190984.330057,190984.330057
20260916,2026-09-16,por,peak_funding_requirement,school_seats,20741840.571389,20058621.789957,-683218.781432,683218.781432
20260916,2026-09-16,por,peak_funding_requirement,school_gbp_seat_yr,20147838.807499,20456120.608213,308281.800713,308281.800713
20260916,2026-09-16,por,peak_funding_requirement,school_win_rate,20620125.111797,20853107.195744,232982.083947,232982.083947
20260916,2026-09-16,por,peak_funding_requirement,school_rep_pipeline_yr,20439348.839641,20045987.607164,-393361.232477,393361.232477
20260916,2026-09-16,por,peak_funding_requirement,school_renewal,20160944.611607,20180128.559114,19183.947507,19183.947507
20260916,2026-09-16,por,peak_funding_requirement,school_cycle_m,20414295.640006,20768889.256154,354593.616148,354593.616148
20260916,2026-09-16,por,peak_funding_requirement,us_sales_tax_eff,20301293.221194,20651178.004461,349884.783266,349884.783266
20260916,2026-09-16,por,peak_funding_requirement,step_entity_setup_usd,20719899.303897,20309805.176986,-410094.126911,410094.126911
20260916,2026-09-16,por,peak_funding_requirement,step_entity_annual_usd,20090176.820050,20622615.932482,532439.112432,532439.112432
20260916,2026-09-16,por,peak_funding_requirement,step_cert_setup_usd,20435282.577428,20070668.189326,-364614.388102,364614.388102
20260916,2026-09-16,por,peak_funding_requirement,step_cert_annual_usd,20338667.553438,20252619.781359,-86047.772079,86047.772079
20260916,2026-09-16,por,peak_funding_requirement,step_uk_rep_usd_yr,20460140.267011,19864054.941822,-596085.325189,596085.325189
20260916,2026-09-16,por,peak_funding_requirement,step_counsel_initial_usd,20184428.711098,20399294.116258,214865.405160,214865.405160
20260916,2026-09-16,por,peak_funding_requirement,step_counsel_market_usd,19986868.158166,20530350.548808,543482.390642,543482.390642
20260916,2026-09-16,por,peak_funding_requirement,step_office_usd_head_yr,20410583.399136,20706249.871250,295666.472114,295666.472114
20260916,2026-09-16,por,peak_funding_requirement,step_dpia_audit_usd_yr,20328866.283107,20678145.249022,349278.965915,349278.965915
20260916,2026-09-16,por,reaches_profitability,anchor_u,0.360000,0.035000,-0.325000,0.325000
20260916,2026-09-16,por,reaches_profitability,price_uk_tut_gbp,0.126500,0.248000,0.121500,0.121500
20260916,2026-09-16,por,reaches_profitability,price_uk_sw_gbp,0.178500,0.228000,0.049500,0.049500
20260916,2026-09-16,por,reaches_profitability,price_rel_us,0.189000,0.203000,0.014000,0.014000
20260916,2026-09-16,por,reaches_profitability,price_rel_in,0.190000,0.203000,0.013000,0.013000
20260916,2026-09-16,por,reaches_profitability,price_rel_row,0.182000,0.206500,0.024500,0.024500
20260916,2026-09-16,por,reaches_profitability,price_drift_yr,0.150500,0.246500,0.096000,0.096000
20260916,2026-09-16,por,reaches_profitability,overage_price_frac,0.179000,0.219500,0.040500,0.040500
20260916,2026-09-16,por,reaches_profitability,sessions_per_hh_month,0.175000,0.225000,0.050000,0.050000
20260916,2026-09-16,por,reaches_profitability,sessions_cv,0.197000,0.193000,-0.004000,0.004000
20260916,2026-09-16,por,reaches_profitability,usage_season_amp,0.190500,0.189000,-0.001500,0.001500
20260916,2026-09-16,por,reaches_profitability,churn_base,0.292000,0.116500,-0.175500,0.175500
20260916,2026-09-16,por,reaches_profitability,churn_m1_extra,0.247000,0.160500,-0.086500,0.086500
20260916,2026-09-16,por,reaches_profitability,summer_lapse_pre,0.212500,0.192000,-0.020500,0.020500
20260916,2026-09-16,por,reaches_profitability,progress_continue,0.189500,0.209500,0.020000,0.020000
20260916,2026-09-16,por,reaches_profitability,alevel_continue,0.182000,0.228500,0.046500,0.046500
20260916,2026-09-16,por,reaches_profitability,alevel_exit_rate,0.190000,0.197500,0.007500,0.007500
20260916,2026-09-16,por,reaches_profitability,exam_carryover,0.189000,0.197500,0.008500,0.008500
20260916,2026-09-16,por,reaches_profitability,turns_per_session,0.213500,0.197000,-0.016500,0.016500
20260916,2026-09-16,por,reaches_profitability,tok_in_per_turn,0.204000,0.185500,-0.018500,0.018500
20260916,2026-09-16,por,reaches_profitability,tok_out_per_turn,0.197500,0.200000,0.002500,0.002500
20260916,2026-09-16,por,reaches_profitability,price_in_mtok_usd,0.203000,0.198500,-0.004500,0.004500
20260916,2026-09-16,por,reaches_profitability,price_out_mtok_usd,0.219000,0.192000,-0.027000,0.027000
20260916,2026-09-16,por,reaches_profitability,verify_overhead,0.208500,0.188500,-0.020000,0.020000
20260916,2026-09-16,por,reaches_profitability,gate_fire_rate,0.198500,0.204500,0.006000,0.006000
20260916,2026-09-16,por,reaches_profitability,infer_decline_yr,0.183500,0.205500,0.022000,0.022000
20260916,2026-09-16,por,reaches_profitability,support_min_hh_month,0.202500,0.198000,-0.004500,0.004500
20260916,2026-09-16,por,reaches_profitability,support_usd_hr,0.185000,0.191000,0.006000,0.006000
20260916,2026-09-16,por,reaches_profitability,pay_pct,0.192000,0.189500,-0.002500,0.002500
20260916,2026-09-16,por,reaches_profitability,pay_fixed_usd,0.187500,0.189000,0.001500,0.001500
20260916,2026-09-16,por,reaches_profitability,hosting_hh_usd,0.208500,0.195500,-0.013000,0.013000
20260916,2026-09-16,por,reaches_profitability,verif_cost_usd,0.196500,0.189500,-0.007000,0.007000
20260916,2026-09-16,por,reaches_profitability,minutes_per_item,0.206000,0.188500,-0.017500,0.017500
20260916,2026-09-16,por,reaches_profitability,examiner_rate_gbp_hr,0.214500,0.192000,-0.022500,0.022500
20260916,2026-09-16,por,reaches_profitability,writer_gbp_item,0.205500,0.174000,-0.031500,0.031500
20260916,2026-09-16,por,reaches_profitability,items_per_unit,0.233500,0.174500,-0.059000,0.059000
20260916,2026-09-16,por,reaches_profitability,board_reuse,0.176500,0.217000,0.040500,0.040500
20260916,2026-09-16,por,reaches_profitability,market_reuse,0.190500,0.197000,0.006500,0.006500
20260916,2026-09-16,por,reaches_profitability,reval_frac_yr,0.234500,0.177500,-0.057000,0.057000
20260916,2026-09-16,por,reaches_profitability,eng_usd_yr,0.221500,0.174500,-0.047000,0.047000
20260916,2026-09-16,por,reaches_profitability,uk_gbp_yr,0.197500,0.185000,-0.012500,0.012500
20260916,2026-09-16,por,reaches_profitability,overhead_mult,0.209000,0.192000,-0.017000,0.017000
20260916,2026-09-16,por,reaches_profitability,units_per_content_head,0.185500,0.187500,0.002000,0.002000
20260916,2026-09-16,por,reaches_profitability,eng_ramp_mult,0.199500,0.194500,-0.005000,0.005000
20260916,2026-09-16,por,reaches_profitability,cac_anchor_usd,0.520500,0.004000,-0.516500,0.516500
20260916,2026-09-16,por,reaches_profitability,cac_rel_us,0.253500,0.178500,-0.075000,0.075000
20260916,2026-09-16,por,reaches_profitability,cac_rel_in,0.196500,0.196000,-0.000500,0.000500
20260916,2026-09-16,por,reaches_profitability,cac_rel_row,0.216000,0.190000,-0.026000,0.026000
20260916,2026-09-16,por,reaches_profitability,sat_kappa,0.290500,0.121500,-0.169000,0.169000
20260916,2026-09-16,por,reaches_profitability,cac_ref_spend_usd,0.088500,0.353500,0.265000,0.265000
20260916,2026-09-16,por,reaches_profitability,pool_pressure_psi,0.209000,0.190500,-0.018500,0.018500
20260916,2026-09-16,por,reaches_profitability,creator_share,0.183500,0.241500,0.058000,0.058000
20260916,2026-09-16,por,reaches_profitability,creator_cac_rel,0.222000,0.166500,-0.055500,0.055500
20260916,2026-09-16,por,reaches_profitability,pool_uk,0.173500,0.209500,0.036000,0.036000
20260916,2026-09-16,por,reaches_profitability,pool_rel_us,0.178000,0.197500,0.019500,0.019500
20260916,2026-09-16,por,reaches_profitability,pool_rel_in,0.199500,0.206000,0.006500,0.006500
20260916,2026-09-16,por,reaches_profitability,pool_rel_row,0.183000,0.195000,0.012000,0.012000
20260916,2026-09-16,por,reaches_profitability,acq_season_amp,0.203000,0.196500,-0.006500,0.006500
20260916,2026-09-16,por,reaches_profitability,seg_mix_exam,0.183500,0.218000,0.034500,0.034500
20260916,2026-09-16,por,reaches_profitability,seg_mix_alevel,0.189500,0.210500,0.021000,0.021000
20260916,2026-09-16,por,reaches_profitability,acq_pct_of_rev,0.141500,0.197500,0.056000,0.056000
20260916,2026-09-16,por,reaches_profitability,acq_launch_ramp,0.187000,0.219000,0.032000,0.032000
20260916,2026-09-16,por,reaches_profitability,shock_rho,0.200000,0.200000,0.000000,0.000000
20260916,2026-09-16,por,reaches_profitability,shock_sd,0.182500,0.207000,0.024500,0.024500
20260916,2026-09-16,por,reaches_profitability,school_seats,0.192000,0.210500,0.018500,0.018500
20260916,2026-09-16,por,reaches_profitability,school_gbp_seat_yr,0.192500,0.199000,0.006500,0.006500
20260916,2026-09-16,por,reaches_profitability,school_win_rate,0.195000,0.187000,-0.008000,0.008000
20260916,2026-09-16,por,reaches_profitability,school_rep_pipeline_yr,0.199000,0.209500,0.010500,0.010500
20260916,2026-09-16,por,reaches_profitability,school_renewal,0.207000,0.199000,-0.008000,0.008000
20260916,2026-09-16,por,reaches_profitability,school_cycle_m,0.195500,0.191000,-0.004500,0.004500
20260916,2026-09-16,por,reaches_profitability,us_sales_tax_eff,0.191500,0.184500,-0.007000,0.007000
20260916,2026-09-16,por,reaches_profitability,step_entity_setup_usd,0.183500,0.205500,0.022000,0.022000
20260916,2026-09-16,por,reaches_profitability,step_entity_annual_usd,0.214500,0.191500,-0.023000,0.023000
20260916,2026-09-16,por,reaches_profitability,step_cert_setup_usd,0.189500,0.200500,0.011000,0.011000
20260916,2026-09-16,por,reaches_profitability,step_cert_annual_usd,0.199000,0.195000,-0.004000,0.004000
20260916,2026-09-16,por,reaches_profitability,step_uk_rep_usd_yr,0.191500,0.200500,0.009000,0.009000
20260916,2026-09-16,por,reaches_profitability,step_counsel_initial_usd,0.200500,0.195500,-0.005000,0.005000
20260916,2026-09-16,por,reaches_profitability,step_counsel_market_usd,0.208000,0.186500,-0.021500,0.021500
20260916,2026-09-16,por,reaches_profitability,step_office_usd_head_yr,0.184500,0.180000,-0.004500,0.004500
20260916,2026-09-16,por,reaches_profitability,step_dpia_audit_usd_yr,0.198500,0.191500,-0.007000,0.007000
20260916,2026-09-16,gtm_minimum,terminal_cash,anchor_u,3889860.999853,-5711996.453271,-9601857.453124,9601857.453124
20260916,2026-09-16,gtm_minimum,terminal_cash,price_uk_tut_gbp,-4295017.385648,2872049.485740,7167066.871387,7167066.871387
20260916,2026-09-16,gtm_minimum,terminal_cash,price_uk_sw_gbp,-1544067.378274,-1464940.006943,79127.371331,79127.371331
20260916,2026-09-16,gtm_minimum,terminal_cash,price_rel_us,-706338.894785,-1644510.717699,-938171.822914,938171.822914
20260916,2026-09-16,gtm_minimum,terminal_cash,price_rel_in,-1727448.652874,-1253138.227012,474310.425861,474310.425861
20260916,2026-09-16,gtm_minimum,terminal_cash,price_rel_row,-1194306.171281,-2269681.575148,-1075375.403866,1075375.403866
20260916,2026-09-16,gtm_minimum,terminal_cash,price_drift_yr,-2314788.800126,725536.839380,3040325.639506,3040325.639506
20260916,2026-09-16,gtm_minimum,terminal_cash,overage_price_frac,-2185519.379999,71287.975755,2256807.355753,2256807.355753
20260916,2026-09-16,gtm_minimum,terminal_cash,sessions_per_hh_month,-2274830.863820,-95087.459633,2179743.404187,2179743.404187
20260916,2026-09-16,gtm_minimum,terminal_cash,sessions_cv,-904904.741441,-1692473.981029,-787569.239588,787569.239588
20260916,2026-09-16,gtm_minimum,terminal_cash,usage_season_amp,-1539319.301324,-1494131.006893,45188.294431,45188.294431
20260916,2026-09-16,gtm_minimum,terminal_cash,churn_base,2961109.110819,-4047406.243107,-7008515.353926,7008515.353926
20260916,2026-09-16,gtm_minimum,terminal_cash,churn_m1_extra,698373.525993,-3123117.713943,-3821491.239936,3821491.239936
20260916,2026-09-16,gtm_minimum,terminal_cash,summer_lapse_pre,-571102.461641,-2204323.781439,-1633221.319798,1633221.319798
20260916,2026-09-16,gtm_minimum,terminal_cash,progress_continue,-971410.712336,-650789.299095,320621.413241,320621.413241
20260916,2026-09-16,gtm_minimum,terminal_cash,alevel_continue,-1792785.570903,-264230.369116,1528555.201787,1528555.201787
20260916,2026-09-16,gtm_minimum,terminal_cash,alevel_exit_rate,-855077.355229,-1667990.245993,-812912.890764,812912.890764
20260916,2026-09-16,gtm_minimum,terminal_cash,exam_carryover,-2178236.923600,-1124456.316300,1053780.607300,1053780.607300
20260916,2026-09-16,gtm_minimum,terminal_cash,turns_per_session,-625174.190125,-1961315.182909,-1336140.992784,1336140.992784
20260916,2026-09-16,gtm_minimum,terminal_cash,tok_in_per_turn,-954519.010736,-1893375.800289,-938856.789553,938856.789553
20260916,2026-09-16,gtm_minimum,terminal_cash,tok_out_per_turn,-1459308.388738,-1659257.556906,-199949.168168,199949.168168
20260916,2026-09-16,gtm_minimum,terminal_cash,price_in_mtok_usd,-1337763.560658,-1478914.128940,-141150.568282,141150.568282
20260916,2026-09-16,gtm_minimum,terminal_cash,price_out_mtok_usd,-1210779.827549,-1947859.121598,-737079.294048,737079.294048
20260916,2026-09-16,gtm_minimum,terminal_cash,verify_overhead,-801826.039325,-1471846.186730,-670020.147405,670020.147405
20260916,2026-09-16,gtm_minimum,terminal_cash,gate_fire_rate,-557621.027820,-1140495.430169,-582874.402349,582874.402349
20260916,2026-09-16,gtm_minimum,terminal_cash,infer_decline_yr,-1336997.943002,-1146034.357238,190963.585764,190963.585764
20260916,2026-09-16,gtm_minimum,terminal_cash,support_min_hh_month,-1575482.515670,-888982.161987,686500.353684,686500.353684
20260916,2026-09-16,gtm_minimum,terminal_cash,support_usd_hr,-1770111.691818,-2053881.765620,-283770.073802,283770.073802
20260916,2026-09-16,gtm_minimum,terminal_cash,pay_pct,-761189.242466,-1108265.449760,-347076.207295,347076.207295
20260916,2026-09-16,gtm_minimum,terminal_cash,pay_fixed_usd,-1251992.241849,-1344652.165054,-92659.923205,92659.923205
20260916,2026-09-16,gtm_minimum,terminal_cash,hosting_hh_usd,-753271.064746,-1577066.195285,-823795.130538,823795.130538
20260916,2026-09-16,gtm_minimum,terminal_cash,verif_cost_usd,-1039112.270604,-1479000.993073,-439888.722469,439888.722469
20260916,2026-09-16,gtm_minimum,terminal_cash,minutes_per_item,-1070563.396337,-1905736.874042,-835173.477704,835173.477704
20260916,2026-09-16,gtm_minimum,terminal_cash,examiner_rate_gbp_hr,-680145.466903,-888159.954952,-208014.488049,208014.488049
20260916,2026-09-16,gtm_minimum,terminal_cash,writer_gbp_item,-804293.303582,-2192826.814111,-1388533.510529,1388533.510529
20260916,2026-09-16,gtm_minimum,terminal_cash,items_per_unit,-245068.371452,-1517755.529352,-1272687.157900,1272687.157900
20260916,2026-09-16,gtm_minimum,terminal_cash,board_reuse,-454518.541783,-1285658.277326,-831139.735543,831139.735543
20260916,2026-09-16,gtm_minimum,terminal_cash,market_reuse,-905355.214591,-897522.129859,7833.084732,7833.084732
20260916,2026-09-16,gtm_minimum,terminal_cash,reval_frac_yr,-587098.390046,-1149644.561029,-562546.170983,562546.170983
20260916,2026-09-16,gtm_minimum,terminal_cash,eng_usd_yr,165885.984806,-2700834.102413,-2866720.087219,2866720.087219
20260916,2026-09-16,gtm_minimum,terminal_cash,uk_gbp_yr,-805717.848385,-2076073.844151,-1270355.995766,1270355.995766
20260916,2026-09-16,gtm_minimum,terminal_cash,overhead_mult,-1116649.084399,-2167220.821285,-1050571.736886,1050571.736886
20260916,2026-09-16,gtm_minimum,terminal_cash,units_per_content_head,-1711050.632883,-1997093.121941,-286042.489059,286042.489059
20260916,2026-09-16,gtm_minimum,terminal_cash,eng_ramp_mult,-785553.488416,-2298351.397123,-1512797.908708,1512797.908708
20260916,2026-09-16,gtm_minimum,terminal_cash,cac_anchor_usd,9845731.295412,-5954425.411139,-15800156.706551,15800156.706551
20260916,2026-09-16,gtm_minimum,terminal_cash,cac_rel_us,-1167119.252987,-1428407.673467,-261288.420480,261288.420480
20260916,2026-09-16,gtm_minimum,terminal_cash,cac_rel_in,-1271569.113318,-1331404.236841,-59835.123523,59835.123523
20260916,2026-09-16,gtm_minimum,terminal_cash,cac_rel_row,-841453.985757,-1312109.558209,-470655.572452,470655.572452
20260916,2026-09-16,gtm_minimum,terminal_cash,sat_kappa,6779030.973389,-4492683.848465,-11271714.821854,11271714.821854
20260916,2026-09-16,gtm_minimum,terminal_cash,cac_ref_spend_usd,-3992518.203877,2912947.568239,6905465.772117,6905465.772117
20260916,2026-09-16,gtm_minimum,terminal_cash,pool_pressure_psi,-810321.769574,-2106709.636870,-1296387.867296,1296387.867296
20260916,2026-09-16,gtm_minimum,terminal_cash,creator_share,-2367861.159923,-53994.183277,2313866.976646,2313866.976646
20260916,2026-09-16,gtm_minimum,terminal_cash,creator_cac_rel,-266657.429687,-1755551.811191,-1488894.381504,1488894.381504
20260916,2026-09-16,gtm_minimum,terminal_cash,pool_uk,-4328687.525994,3459532.320708,7788219.846702,7788219.846702
20260916,2026-09-16,gtm_minimum,terminal_cash,pool_rel_us,-1902102.371000,-1808896.268421,93206.102579,93206.102579
20260916,2026-09-16,gtm_minimum,terminal_cash,pool_rel_in,-1169489.355434,-1468626.550728,-299137.195294,299137.195294
20260916,2026-09-16,gtm_minimum,terminal_cash,pool_rel_row,-748703.053333,-1292267.084784,-543564.031451,543564.031451
20260916,2026-09-16,gtm_minimum,terminal_cash,acq_season_amp,-1002167.593711,-1260269.925923,-258102.332212,258102.332212
20260916,2026-09-16,gtm_minimum,terminal_cash,seg_mix_exam,-1687548.395105,-908527.537614,779020.857491,779020.857491
20260916,2026-09-16,gtm_minimum,terminal_cash,seg_mix_alevel,-1189389.376767,-702454.236194,486935.140572,486935.140572
20260916,2026-09-16,gtm_minimum,terminal_cash,acq_pct_of_rev,-2589901.876163,-1774873.013889,815028.862275,815028.862275
20260916,2026-09-16,gtm_minimum,terminal_cash,acq_launch_ramp,-1252019.225613,-309707.442811,942311.782802,942311.782802
20260916,2026-09-16,gtm_minimum,terminal_cash,shock_rho,-1419253.237822,-1297339.578138,121913.659684,121913.659684
20260916,2026-09-16,gtm_minimum,terminal_cash,shock_sd,-2263611.059087,-1090347.869932,1173263.189156,1173263.189156
20260916,2026-09-16,gtm_minimum,terminal_cash,school_seats,-1139580.781909,-912359.568447,227221.213463,227221.213463
20260916,2026-09-16,gtm_minimum,terminal_cash,school_gbp_seat_yr,-1043890.336861,-1385058.287927,-341167.951066,341167.951066
20260916,2026-09-16,gtm_minimum,terminal_cash,school_win_rate,-1791386.709355,-1809728.994326,-18342.284971,18342.284971
20260916,2026-09-16,gtm_minimum,terminal_cash,school_rep_pipeline_yr,-1386475.042634,-611500.555187,774974.487448,774974.487448
20260916,2026-09-16,gtm_minimum,terminal_cash,school_renewal,-1194764.391362,-596916.249776,597848.141587,597848.141587
20260916,2026-09-16,gtm_minimum,terminal_cash,school_cycle_m,-1385321.829981,-894903.959378,490417.870604,490417.870604
20260916,2026-09-16,gtm_minimum,terminal_cash,us_sales_tax_eff,-1223637.916947,-1791014.370584,-567376.453637,567376.453637
20260916,2026-09-16,gtm_minimum,terminal_cash,step_entity_setup_usd,-1785982.122502,-1675025.403291,110956.719210,110956.719210
20260916,2026-09-16,gtm_minimum,terminal_cash,step_entity_annual_usd,-1421648.505934,-1165653.770374,255994.735560,255994.735560
20260916,2026-09-16,gtm_minimum,terminal_cash,step_cert_setup_usd,-1405430.040504,-1650597.271132,-245167.230627,245167.230627
20260916,2026-09-16,gtm_minimum,terminal_cash,step_cert_annual_usd,-1588767.735691,-584053.895917,1004713.839774,1004713.839774
20260916,2026-09-16,gtm_minimum,terminal_cash,step_uk_rep_usd_yr,-883282.186265,-1161871.790236,-278589.603971,278589.603971
20260916,2026-09-16,gtm_minimum,terminal_cash,step_counsel_initial_usd,-1396775.540388,-1303536.735737,93238.804650,93238.804650
20260916,2026-09-16,gtm_minimum,terminal_cash,step_counsel_market_usd,-791465.866456,-1317749.590660,-526283.724205,526283.724205
20260916,2026-09-16,gtm_minimum,terminal_cash,step_office_usd_head_yr,-2013767.633555,-1560524.463641,453243.169914,453243.169914
20260916,2026-09-16,gtm_minimum,terminal_cash,step_dpia_audit_usd_yr,-1566369.994672,-402343.455558,1164026.539114,1164026.539114
20260916,2026-09-16,gtm_minimum,terminal_cash_rank,anchor_u,0.624638,0.372446,-0.252193,0.252193
20260916,2026-09-16,gtm_minimum,terminal_cash_rank,price_uk_tut_gbp,0.452872,0.524717,0.071845,0.071845
20260916,2026-09-16,gtm_minimum,terminal_cash_rank,price_uk_sw_gbp,0.483930,0.526873,0.042943,0.042943
20260916,2026-09-16,gtm_minimum,terminal_cash_rank,price_rel_us,0.503208,0.491884,-0.011324,0.011324
20260916,2026-09-16,gtm_minimum,terminal_cash_rank,price_rel_in,0.495696,0.499065,0.003369,0.003369
20260916,2026-09-16,gtm_minimum,terminal_cash_rank,price_rel_row,0.502428,0.494343,-0.008085,0.008085
20260916,2026-09-16,gtm_minimum,terminal_cash_rank,price_drift_yr,0.475391,0.527444,0.052053,0.052053
20260916,2026-09-16,gtm_minimum,terminal_cash_rank,overage_price_frac,0.489125,0.509558,0.020433,0.020433
20260916,2026-09-16,gtm_minimum,terminal_cash_rank,sessions_per_hh_month,0.479450,0.515244,0.035794,0.035794
20260916,2026-09-16,gtm_minimum,terminal_cash_rank,sessions_cv,0.493872,0.497619,0.003747,0.003747
20260916,2026-09-16,gtm_minimum,terminal_cash_rank,usage_season_amp,0.496792,0.494301,-0.002491,0.002491
20260916,2026-09-16,gtm_minimum,terminal_cash_rank,churn_base,0.575854,0.449784,-0.126070,0.126070
20260916,2026-09-16,gtm_minimum,terminal_cash_rank,churn_m1_extra,0.529289,0.479882,-0.049408,0.049408
20260916,2026-09-16,gtm_minimum,terminal_cash_rank,summer_lapse_pre,0.502805,0.496677,-0.006127,0.006127
20260916,2026-09-16,gtm_minimum,terminal_cash_rank,progress_continue,0.490498,0.510377,0.019879,0.019879
20260916,2026-09-16,gtm_minimum,terminal_cash_rank,alevel_continue,0.491054,0.518090,0.027036,0.027036
20260916,2026-09-16,gtm_minimum,terminal_cash_rank,alevel_exit_rate,0.502521,0.497685,-0.004836,0.004836
20260916,2026-09-16,gtm_minimum,terminal_cash_rank,exam_carryover,0.496287,0.502441,0.006154,0.006154
20260916,2026-09-16,gtm_minimum,terminal_cash_rank,turns_per_session,0.506366,0.494199,-0.012167,0.012167
20260916,2026-09-16,gtm_minimum,terminal_cash_rank,tok_in_per_turn,0.511276,0.492614,-0.018662,0.018662
20260916,2026-09-16,gtm_minimum,terminal_cash_rank,tok_out_per_turn,0.501867,0.497755,-0.004112,0.004112
20260916,2026-09-16,gtm_minimum,terminal_cash_rank,price_in_mtok_usd,0.510763,0.490844,-0.019919,0.019919
20260916,2026-09-16,gtm_minimum,terminal_cash_rank,price_out_mtok_usd,0.506169,0.490678,-0.015491,0.015491
20260916,2026-09-16,gtm_minimum,terminal_cash_rank,verify_overhead,0.509991,0.493017,-0.016974,0.016974
20260916,2026-09-16,gtm_minimum,terminal_cash_rank,gate_fire_rate,0.508185,0.503505,-0.004680,0.004680
20260916,2026-09-16,gtm_minimum,terminal_cash_rank,infer_decline_yr,0.482584,0.504390,0.021807,0.021807
20260916,2026-09-16,gtm_minimum,terminal_cash_rank,support_min_hh_month,0.501664,0.493962,-0.007702,0.007702
20260916,2026-09-16,gtm_minimum,terminal_cash_rank,support_usd_hr,0.489040,0.504696,0.015656,0.015656
20260916,2026-09-16,gtm_minimum,terminal_cash_rank,pay_pct,0.503087,0.487074,-0.016013,0.016013
20260916,2026-09-16,gtm_minimum,terminal_cash_rank,pay_fixed_usd,0.500411,0.487923,-0.012488,0.012488
20260916,2026-09-16,gtm_minimum,terminal_cash_rank,hosting_hh_usd,0.515087,0.493098,-0.021989,0.021989
20260916,2026-09-16,gtm_minimum,terminal_cash_rank,verif_cost_usd,0.508710,0.494360,-0.014350,0.014350
20260916,2026-09-16,gtm_minimum,terminal_cash_rank,minutes_per_item,0.546227,0.453227,-0.093000,0.093000
20260916,2026-09-16,gtm_minimum,terminal_cash_rank,examiner_rate_gbp_hr,0.534078,0.472343,-0.061735,0.061735
20260916,2026-09-16,gtm_minimum,terminal_cash_rank,writer_gbp_item,0.537015,0.448904,-0.088112,0.088112
20260916,2026-09-16,gtm_minimum,terminal_cash_rank,items_per_unit,0.565706,0.441419,-0.124287,0.124287
20260916,2026-09-16,gtm_minimum,terminal_cash_rank,board_reuse,0.497515,0.497444,-0.000071,0.000071
20260916,2026-09-16,gtm_minimum,terminal_cash_rank,market_reuse,0.499786,0.502872,0.003086,0.003086
20260916,2026-09-16,gtm_minimum,terminal_cash_rank,reval_frac_yr,0.523658,0.478386,-0.045272,0.045272
20260916,2026-09-16,gtm_minimum,terminal_cash_rank,eng_usd_yr,0.689824,0.317240,-0.372584,0.372584
20260916,2026-09-16,gtm_minimum,terminal_cash_rank,uk_gbp_yr,0.546050,0.451619,-0.094431,0.094431
20260916,2026-09-16,gtm_minimum,terminal_cash_rank,overhead_mult,0.561191,0.442135,-0.119055,0.119055
20260916,2026-09-16,gtm_minimum,terminal_cash_rank,units_per_content_head,0.494325,0.488850,-0.005475,0.005475
20260916,2026-09-16,gtm_minimum,terminal_cash_rank,eng_ramp_mult,0.601707,0.416129,-0.185578,0.185578
20260916,2026-09-16,gtm_minimum,terminal_cash_rank,cac_anchor_usd,0.676663,0.357292,-0.319371,0.319371
20260916,2026-09-16,gtm_minimum,terminal_cash_rank,cac_rel_us,0.505113,0.504601,-0.000512,0.000512
20260916,2026-09-16,gtm_minimum,terminal_cash_rank,cac_rel_in,0.505885,0.504392,-0.001493,0.001493
20260916,2026-09-16,gtm_minimum,terminal_cash_rank,cac_rel_row,0.500980,0.498699,-0.002280,0.002280
20260916,2026-09-16,gtm_minimum,terminal_cash_rank,sat_kappa,0.556630,0.459560,-0.097070,0.097070
20260916,2026-09-16,gtm_minimum,terminal_cash_rank,cac_ref_spend_usd,0.419889,0.591371,0.171482,0.171482
20260916,2026-09-16,gtm_minimum,terminal_cash_rank,pool_pressure_psi,0.514490,0.500695,-0.013795,0.013795
20260916,2026-09-16,gtm_minimum,terminal_cash_rank,creator_share,0.487019,0.525090,0.038071,0.038071
20260916,2026-09-16,gtm_minimum,terminal_cash_rank,creator_cac_rel,0.519566,0.484161,-0.035405,0.035405
20260916,2026-09-16,gtm_minimum,terminal_cash_rank,pool_uk,0.472195,0.508641,0.036446,0.036446
20260916,2026-09-16,gtm_minimum,terminal_cash_rank,pool_rel_us,0.490691,0.499412,0.008722,0.008722
20260916,2026-09-16,gtm_minimum,terminal_cash_rank,pool_rel_in,0.506650,0.502514,-0.004136,0.004136
20260916,2026-09-16,gtm_minimum,terminal_cash_rank,pool_rel_row,0.490193,0.495482,0.005289,0.005289
20260916,2026-09-16,gtm_minimum,terminal_cash_rank,acq_season_amp,0.497021,0.497320,0.000299,0.000299
20260916,2026-09-16,gtm_minimum,terminal_cash_rank,seg_mix_exam,0.483460,0.518567,0.035107,0.035107
20260916,2026-09-16,gtm_minimum,terminal_cash_rank,seg_mix_alevel,0.491407,0.512138,0.020731,0.020731
20260916,2026-09-16,gtm_minimum,terminal_cash_rank,acq_pct_of_rev,0.492365,0.480623,-0.011742,0.011742
20260916,2026-09-16,gtm_minimum,terminal_cash_rank,acq_launch_ramp,0.495239,0.493850,-0.001389,0.001389
20260916,2026-09-16,gtm_minimum,terminal_cash_rank,shock_rho,0.499652,0.491071,-0.008580,0.008580
20260916,2026-09-16,gtm_minimum,terminal_cash_rank,shock_sd,0.504722,0.501678,-0.003045,0.003045
20260916,2026-09-16,gtm_minimum,terminal_cash_rank,school_seats,0.491668,0.503943,0.012275,0.012275
20260916,2026-09-16,gtm_minimum,terminal_cash_rank,school_gbp_seat_yr,0.501379,0.496988,-0.004391,0.004391
20260916,2026-09-16,gtm_minimum,terminal_cash_rank,school_win_rate,0.487061,0.488382,0.001322,0.001322
20260916,2026-09-16,gtm_minimum,terminal_cash_rank,school_rep_pipeline_yr,0.499596,0.509575,0.009979,0.009979
20260916,2026-09-16,gtm_minimum,terminal_cash_rank,school_renewal,0.508298,0.501505,-0.006793,0.006793
20260916,2026-09-16,gtm_minimum,terminal_cash_rank,school_cycle_m,0.500972,0.493777,-0.007194,0.007194
20260916,2026-09-16,gtm_minimum,terminal_cash_rank,us_sales_tax_eff,0.500408,0.495657,-0.004751,0.004751
20260916,2026-09-16,gtm_minimum,terminal_cash_rank,step_entity_setup_usd,0.488754,0.498027,0.009273,0.009273
20260916,2026-09-16,gtm_minimum,terminal_cash_rank,step_entity_annual_usd,0.510262,0.483378,-0.026884,0.026884
20260916,2026-09-16,gtm_minimum,terminal_cash_rank,step_cert_setup_usd,0.492368,0.504051,0.011683,0.011683
20260916,2026-09-16,gtm_minimum,terminal_cash_rank,step_cert_annual_usd,0.496428,0.507946,0.011518,0.011518
20260916,2026-09-16,gtm_minimum,terminal_cash_rank,step_uk_rep_usd_yr,0.494762,0.503484,0.008722,0.008722
20260916,2026-09-16,gtm_minimum,terminal_cash_rank,step_counsel_initial_usd,0.505340,0.492366,-0.012974,0.012974
20260916,2026-09-16,gtm_minimum,terminal_cash_rank,step_counsel_market_usd,0.509753,0.491431,-0.018322,0.018322
20260916,2026-09-16,gtm_minimum,terminal_cash_rank,step_office_usd_head_yr,0.511273,0.474502,-0.036771,0.036771
20260916,2026-09-16,gtm_minimum,terminal_cash_rank,step_dpia_audit_usd_yr,0.509585,0.493318,-0.016268,0.016268
20260916,2026-09-16,gtm_minimum,peak_funding_requirement,anchor_u,3868600.501759,5846662.076587,1978061.574827,1978061.574827
20260916,2026-09-16,gtm_minimum,peak_funding_requirement,price_uk_tut_gbp,5217017.780500,4657513.614214,-559504.166286,559504.166286
20260916,2026-09-16,gtm_minimum,peak_funding_requirement,price_uk_sw_gbp,4972646.273764,4655451.886886,-317194.386878,317194.386878
20260916,2026-09-16,gtm_minimum,peak_funding_requirement,price_rel_us,4824574.184045,4910831.364170,86257.180125,86257.180125
20260916,2026-09-16,gtm_minimum,peak_funding_requirement,price_rel_in,4861437.067532,4860285.550710,-1151.516823,1151.516823
20260916,2026-09-16,gtm_minimum,peak_funding_requirement,price_rel_row,4837080.888309,4893550.275466,56469.387157,56469.387157
20260916,2026-09-16,gtm_minimum,peak_funding_requirement,price_drift_yr,5037261.084238,4651859.910289,-385401.173949,385401.173949
20260916,2026-09-16,gtm_minimum,peak_funding_requirement,overage_price_frac,4954447.866287,4774651.274613,-179796.591673,179796.591673
20260916,2026-09-16,gtm_minimum,peak_funding_requirement,sessions_per_hh_month,5009326.437585,4734849.294907,-274477.142678,274477.142678
20260916,2026-09-16,gtm_minimum,peak_funding_requirement,sessions_cv,4896376.069649,4855170.003771,-41206.065878,41206.065878
20260916,2026-09-16,gtm_minimum,peak_funding_requirement,usage_season_amp,4858644.483692,4903565.358687,44920.874995,44920.874995
20260916,2026-09-16,gtm_minimum,peak_funding_requirement,churn_base,4292942.060494,5230492.396359,937550.335865,937550.335865
20260916,2026-09-16,gtm_minimum,peak_funding_requirement,churn_m1_extra,4645600.372574,5004459.350789,358858.978215,358858.978215
20260916,2026-09-16,gtm_minimum,peak_funding_requirement,summer_lapse_pre,4822421.586568,4877866.081546,55444.494979,55444.494979
20260916,2026-09-16,gtm_minimum,peak_funding_requirement,progress_continue,4929777.750052,4771158.489528,-158619.260524,158619.260524
20260916,2026-09-16,gtm_minimum,peak_funding_requirement,alevel_continue,4934308.096275,4698673.137909,-235634.958365,235634.958365
20260916,2026-09-16,gtm_minimum,peak_funding_requirement,alevel_exit_rate,4834819.025274,4861546.237473,26727.212199,26727.212199
20260916,2026-09-16,gtm_minimum,peak_funding_requirement,exam_carryover,4881810.710426,4829043.844729,-52766.865698,52766.865698
20260916,2026-09-16,gtm_minimum,peak_funding_requirement,turns_per_session,4778590.902462,4898822.431931,120231.529469,120231.529469
20260916,2026-09-16,gtm_minimum,peak_funding_requirement,tok_in_per_turn,4763494.043027,4914947.844549,151453.801521,151453.801521
20260916,2026-09-16,gtm_minimum,peak_funding_requirement,tok_out_per_turn,4838550.542687,4858195.211069,19644.668382,19644.668382
20260916,2026-09-16,gtm_minimum,peak_funding_requirement,price_in_mtok_usd,4764694.545674,4942498.110138,177803.564464,177803.564464
20260916,2026-09-16,gtm_minimum,peak_funding_requirement,price_out_mtok_usd,4792074.372135,4929061.888861,136987.516726,136987.516726
20260916,2026-09-16,gtm_minimum,peak_funding_requirement,verify_overhead,4772435.552440,4902994.191953,130558.639513,130558.639513
20260916,2026-09-16,gtm_minimum,peak_funding_requirement,gate_fire_rate,4791011.410468,4820919.248305,29907.837837,29907.837837
20260916,2026-09-16,gtm_minimum,peak_funding_requirement,infer_decline_yr,4982702.460021,4808684.251297,-174018.208724,174018.208724
20260916,2026-09-16,gtm_minimum,peak_funding_requirement,support_min_hh_month,4840886.258954,4897607.120486,56720.861532,56720.861532
20260916,2026-09-16,gtm_minimum,peak_funding_requirement,support_usd_hr,4924622.327675,4822786.773623,-101835.554052,101835.554052
20260916,2026-09-16,gtm_minimum,peak_funding_requirement,pay_pct,4837262.941963,4949538.212441,112275.270477,112275.270477
20260916,2026-09-16,gtm_minimum,peak_funding_requirement,pay_fixed_usd,4841616.781408,4927433.358911,85816.577504,85816.577504
20260916,2026-09-16,gtm_minimum,peak_funding_requirement,hosting_hh_usd,4731462.175219,4905778.568053,174316.392834,174316.392834
20260916,2026-09-16,gtm_minimum,peak_funding_requirement,verif_cost_usd,4782194.809310,4892381.275027,110186.465717,110186.465717
20260916,2026-09-16,gtm_minimum,peak_funding_requirement,minutes_per_item,4476222.624085,5243565.917996,767343.293911,767343.293911
20260916,2026-09-16,gtm_minimum,peak_funding_requirement,examiner_rate_gbp_hr,4570598.078573,5077899.180141,507301.101567,507301.101567
20260916,2026-09-16,gtm_minimum,peak_funding_requirement,writer_gbp_item,4528786.157033,5289887.252820,761101.095787,761101.095787
20260916,2026-09-16,gtm_minimum,peak_funding_requirement,items_per_unit,4299826.617172,5350677.915230,1050851.298058,1050851.298058
20260916,2026-09-16,gtm_minimum,peak_funding_requirement,board_reuse,4862592.088680,4859631.183882,-2960.904798,2960.904798
20260916,2026-09-16,gtm_minimum,peak_funding_requirement,market_reuse,4862159.598001,4838022.961998,-24136.636003,24136.636003
20260916,2026-09-16,gtm_minimum,peak_funding_requirement,reval_frac_yr,4667632.939260,5024931.108506,357298.169247,357298.169247
20260916,2026-09-16,gtm_minimum,peak_funding_requirement,eng_usd_yr,3576658.267050,6209993.978364,2633335.711314,2633335.711314
20260916,2026-09-16,gtm_minimum,peak_funding_requirement,uk_gbp_yr,4523987.732345,5210167.299101,686179.566756,686179.566756
20260916,2026-09-16,gtm_minimum,peak_funding_requirement,overhead_mult,4414804.681281,5290699.131135,875894.449854,875894.449854
20260916,2026-09-16,gtm_minimum,peak_funding_requirement,units_per_content_head,4902762.299148,4919810.099407,17047.800259,17047.800259
20260916,2026-09-16,gtm_minimum,peak_funding_requirement,eng_ramp_mult,4146219.490802,5484865.789224,1338646.298422,1338646.298422
20260916,2026-09-16,gtm_minimum,peak_funding_requirement,cac_anchor_usd,3467928.513006,5958997.000459,2491068.487453,2491068.487453
20260916,2026-09-16,gtm_minimum,peak_funding_requirement,cac_rel_us,4802728.713028,4817543.819674,14815.106646,14815.106646
20260916,2026-09-16,gtm_minimum,peak_funding_requirement,cac_rel_in,4828948.852369,4816905.426992,-12043.425377,12043.425377
20260916,2026-09-16,gtm_minimum,peak_funding_requirement,cac_rel_row,4856285.058941,4854667.626571,-1617.432369,1617.432369
20260916,2026-09-16,gtm_minimum,peak_funding_requirement,sat_kappa,4447014.273964,5173444.483833,726430.209869,726430.209869
20260916,2026-09-16,gtm_minimum,peak_funding_requirement,cac_ref_spend_usd,5465502.474233,4128219.025763,-1337283.448470,1337283.448470
20260916,2026-09-16,gtm_minimum,peak_funding_requirement,pool_pressure_psi,4757467.281969,4845776.110856,88308.828887,88308.828887
20260916,2026-09-16,gtm_minimum,peak_funding_requirement,creator_share,4956029.928187,4647569.275633,-308460.652554,308460.652554
20260916,2026-09-16,gtm_minimum,peak_funding_requirement,creator_cac_rel,4710811.005332,4984283.921678,273472.916347,273472.916347
20260916,2026-09-16,gtm_minimum,peak_funding_requirement,pool_uk,5013109.308513,4819584.168948,-193525.139565,193525.139565
20260916,2026-09-16,gtm_minimum,peak_funding_requirement,pool_rel_us,4920292.682471,4847001.396131,-73291.286340,73291.286340
20260916,2026-09-16,gtm_minimum,peak_funding_requirement,pool_rel_in,4812985.177701,4827476.202315,14491.024614,14491.024614
20260916,2026-09-16,gtm_minimum,peak_funding_requirement,pool_rel_row,4937073.455552,4882986.090547,-54087.365005,54087.365005
20260916,2026-09-16,gtm_minimum,peak_funding_requirement,acq_season_amp,4875734.042056,4867391.803297,-8342.238759,8342.238759
20260916,2026-09-16,gtm_minimum,peak_funding_requirement,seg_mix_exam,4965489.658176,4703416.406820,-262073.251356,262073.251356
20260916,2026-09-16,gtm_minimum,peak_funding_requirement,seg_mix_alevel,4915578.663286,4757624.500291,-157954.162995,157954.162995
20260916,2026-09-16,gtm_minimum,peak_funding_requirement,acq_pct_of_rev,4894011.976961,5025013.757026,131001.780065,131001.780065
20260916,2026-09-16,gtm_minimum,peak_funding_requirement,acq_launch_ramp,4881692.613301,4932967.754376,51275.141075,51275.141075
20260916,2026-09-16,gtm_minimum,peak_funding_requirement,shock_rho,4844317.395520,4934667.086665,90349.691145,90349.691145
20260916,2026-09-16,gtm_minimum,peak_funding_requirement,shock_sd,4827673.456312,4859245.551674,31572.095362,31572.095362
20260916,2026-09-16,gtm_minimum,peak_funding_requirement,school_seats,4905382.950330,4815166.897618,-90216.052713,90216.052713
20260916,2026-09-16,gtm_minimum,peak_funding_requirement,school_gbp_seat_yr,4845558.066799,4874506.456189,28948.389391,28948.389391
20260916,2026-09-16,gtm_minimum,peak_funding_requirement,school_win_rate,4945700.266539,4938620.503144,-7079.763394,7079.763394
20260916,2026-09-16,gtm_minimum,peak_funding_requirement,school_rep_pipeline_yr,4866316.866342,4756939.734995,-109377.131348,109377.131348
20260916,2026-09-16,gtm_minimum,peak_funding_requirement,school_renewal,4807632.501213,4842429.588001,34797.086789,34797.086789
20260916,2026-09-16,gtm_minimum,peak_funding_requirement,school_cycle_m,4863187.103239,4909083.755237,45896.651998,45896.651998
20260916,2026-09-16,gtm_minimum,peak_funding_requirement,us_sales_tax_eff,4843411.599147,4869866.890437,26455.291290,26455.291290
20260916,2026-09-16,gtm_minimum,peak_funding_requirement,step_entity_setup_usd,4932683.673785,4852916.180919,-79767.492866,79767.492866
20260916,2026-09-16,gtm_minimum,peak_funding_requirement,step_entity_annual_usd,4770098.806446,4988826.268487,218727.462041,218727.462041
20260916,2026-09-16,gtm_minimum,peak_funding_requirement,step_cert_setup_usd,4887555.838782,4831619.114918,-55936.723864,55936.723864
20260916,2026-09-16,gtm_minimum,peak_funding_requirement,step_cert_annual_usd,4862966.342481,4794507.463803,-68458.878678,68458.878678
20260916,2026-09-16,gtm_minimum,peak_funding_requirement,step_uk_rep_usd_yr,4879312.722199,4842286.416129,-37026.306070,37026.306070
20260916,2026-09-16,gtm_minimum,peak_funding_requirement,step_counsel_initial_usd,4810527.987921,4924510.689754,113982.701834,113982.701834
20260916,2026-09-16,gtm_minimum,peak_funding_requirement,step_counsel_market_usd,4770984.254335,4918966.948931,147982.694596,147982.694596
20260916,2026-09-16,gtm_minimum,peak_funding_requirement,step_office_usd_head_yr,4758759.055611,5030815.941385,272056.885775,272056.885775
20260916,2026-09-16,gtm_minimum,peak_funding_requirement,step_dpia_audit_usd_yr,4783893.560586,4919281.258910,135387.698324,135387.698324
20260916,2026-09-16,gtm_minimum,reaches_profitability,anchor_u,0.510500,0.086500,-0.424000,0.424000
20260916,2026-09-16,gtm_minimum,reaches_profitability,price_uk_tut_gbp,0.224000,0.338000,0.114000,0.114000
20260916,2026-09-16,gtm_minimum,reaches_profitability,price_uk_sw_gbp,0.273000,0.346000,0.073000,0.073000
20260916,2026-09-16,gtm_minimum,reaches_profitability,price_rel_us,0.311000,0.280000,-0.031000,0.031000
20260916,2026-09-16,gtm_minimum,reaches_profitability,price_rel_in,0.292000,0.300500,0.008500,0.008500
20260916,2026-09-16,gtm_minimum,reaches_profitability,price_rel_row,0.296000,0.298500,0.002500,0.002500
20260916,2026-09-16,gtm_minimum,reaches_profitability,price_drift_yr,0.253500,0.338500,0.085000,0.085000
20260916,2026-09-16,gtm_minimum,reaches_profitability,overage_price_frac,0.271500,0.326500,0.055000,0.055000
20260916,2026-09-16,gtm_minimum,reaches_profitability,sessions_per_hh_month,0.278500,0.331500,0.053000,0.053000
20260916,2026-09-16,gtm_minimum,reaches_profitability,sessions_cv,0.298000,0.300500,0.002500,0.002500
20260916,2026-09-16,gtm_minimum,reaches_profitability,usage_season_amp,0.297500,0.290500,-0.007000,0.007000
20260916,2026-09-16,gtm_minimum,reaches_profitability,churn_base,0.426500,0.209000,-0.217500,0.217500
20260916,2026-09-16,gtm_minimum,reaches_profitability,churn_m1_extra,0.351000,0.263500,-0.087500,0.087500
20260916,2026-09-16,gtm_minimum,reaches_profitability,summer_lapse_pre,0.310500,0.299500,-0.011000,0.011000
20260916,2026-09-16,gtm_minimum,reaches_profitability,progress_continue,0.293500,0.312500,0.019000,0.019000
20260916,2026-09-16,gtm_minimum,reaches_profitability,alevel_continue,0.297000,0.328000,0.031000,0.031000
20260916,2026-09-16,gtm_minimum,reaches_profitability,alevel_exit_rate,0.299000,0.291000,-0.008000,0.008000
20260916,2026-09-16,gtm_minimum,reaches_profitability,exam_carryover,0.298500,0.308000,0.009500,0.009500
20260916,2026-09-16,gtm_minimum,reaches_profitability,turns_per_session,0.314000,0.294000,-0.020000,0.020000
20260916,2026-09-16,gtm_minimum,reaches_profitability,tok_in_per_turn,0.318000,0.284000,-0.034000,0.034000
20260916,2026-09-16,gtm_minimum,reaches_profitability,tok_out_per_turn,0.305500,0.300000,-0.005500,0.005500
20260916,2026-09-16,gtm_minimum,reaches_profitability,price_in_mtok_usd,0.322500,0.273000,-0.049500,0.049500
20260916,2026-09-16,gtm_minimum,reaches_profitability,price_out_mtok_usd,0.317500,0.283500,-0.034000,0.034000
20260916,2026-09-16,gtm_minimum,reaches_profitability,verify_overhead,0.302500,0.294000,-0.008500,0.008500
20260916,2026-09-16,gtm_minimum,reaches_profitability,gate_fire_rate,0.299000,0.302000,0.003000,0.003000
20260916,2026-09-16,gtm_minimum,reaches_profitability,infer_decline_yr,0.277000,0.297500,0.020500,0.020500
20260916,2026-09-16,gtm_minimum,reaches_profitability,support_min_hh_month,0.300500,0.300000,-0.000500,0.000500
20260916,2026-09-16,gtm_minimum,reaches_profitability,support_usd_hr,0.294000,0.293500,-0.000500,0.000500
20260916,2026-09-16,gtm_minimum,reaches_profitability,pay_pct,0.296500,0.287000,-0.009500,0.009500
20260916,2026-09-16,gtm_minimum,reaches_profitability,pay_fixed_usd,0.302000,0.295500,-0.006500,0.006500
20260916,2026-09-16,gtm_minimum,reaches_profitability,hosting_hh_usd,0.313500,0.297000,-0.016500,0.016500
20260916,2026-09-16,gtm_minimum,reaches_profitability,verif_cost_usd,0.308000,0.293500,-0.014500,0.014500
20260916,2026-09-16,gtm_minimum,reaches_profitability,minutes_per_item,0.298000,0.290500,-0.007500,0.007500
20260916,2026-09-16,gtm_minimum,reaches_profitability,examiner_rate_gbp_hr,0.312000,0.315000,0.003000,0.003000
20260916,2026-09-16,gtm_minimum,reaches_profitability,writer_gbp_item,0.294500,0.285500,-0.009000,0.009000
20260916,2026-09-16,gtm_minimum,reaches_profitability,items_per_unit,0.316000,0.299000,-0.017000,0.017000
20260916,2026-09-16,gtm_minimum,reaches_profitability,board_reuse,0.296000,0.298000,0.002000,0.002000
20260916,2026-09-16,gtm_minimum,reaches_profitability,market_reuse,0.297500,0.293500,-0.004000,0.004000
20260916,2026-09-16,gtm_minimum,reaches_profitability,reval_frac_yr,0.317500,0.288000,-0.029500,0.029500
20260916,2026-09-16,gtm_minimum,reaches_profitability,eng_usd_yr,0.350000,0.254000,-0.096000,0.096000
20260916,2026-09-16,gtm_minimum,reaches_profitability,uk_gbp_yr,0.306000,0.278500,-0.027500,0.027500
20260916,2026-09-16,gtm_minimum,reaches_profitability,overhead_mult,0.316000,0.296500,-0.019500,0.019500
20260916,2026-09-16,gtm_minimum,reaches_profitability,units_per_content_head,0.313000,0.275500,-0.037500,0.037500
20260916,2026-09-16,gtm_minimum,reaches_profitability,eng_ramp_mult,0.328500,0.263500,-0.065000,0.065000
20260916,2026-09-16,gtm_minimum,reaches_profitability,cac_anchor_usd,0.653000,0.023000,-0.630000,0.630000
20260916,2026-09-16,gtm_minimum,reaches_profitability,cac_rel_us,0.312000,0.307000,-0.005000,0.005000
20260916,2026-09-16,gtm_minimum,reaches_profitability,cac_rel_in,0.301000,0.294500,-0.006500,0.006500
20260916,2026-09-16,gtm_minimum,reaches_profitability,cac_rel_row,0.303500,0.303500,0.000000,0.000000
20260916,2026-09-16,gtm_minimum,reaches_profitability,sat_kappa,0.420500,0.186000,-0.234500,0.234500
20260916,2026-09-16,gtm_minimum,reaches_profitability,cac_ref_spend_usd,0.162500,0.481000,0.318500,0.318500
20260916,2026-09-16,gtm_minimum,reaches_profitability,pool_pressure_psi,0.309500,0.300000,-0.009500,0.009500
20260916,2026-09-16,gtm_minimum,reaches_profitability,creator_share,0.282500,0.351500,0.069000,0.069000
20260916,2026-09-16,gtm_minimum,reaches_profitability,creator_cac_rel,0.339500,0.267500,-0.072000,0.072000
20260916,2026-09-16,gtm_minimum,reaches_profitability,pool_uk,0.281000,0.298000,0.017000,0.017000
20260916,2026-09-16,gtm_minimum,reaches_profitability,pool_rel_us,0.289000,0.300500,0.011500,0.011500
20260916,2026-09-16,gtm_minimum,reaches_profitability,pool_rel_in,0.297500,0.297500,0.000000,0.000000
20260916,2026-09-16,gtm_minimum,reaches_profitability,pool_rel_row,0.290000,0.296000,0.006000,0.006000
20260916,2026-09-16,gtm_minimum,reaches_profitability,acq_season_amp,0.290000,0.305000,0.015000,0.015000
20260916,2026-09-16,gtm_minimum,reaches_profitability,seg_mix_exam,0.275000,0.339500,0.064500,0.064500
20260916,2026-09-16,gtm_minimum,reaches_profitability,seg_mix_alevel,0.298000,0.317500,0.019500,0.019500
20260916,2026-09-16,gtm_minimum,reaches_profitability,acq_pct_of_rev,0.275000,0.310500,0.035500,0.035500
20260916,2026-09-16,gtm_minimum,reaches_profitability,acq_launch_ramp,0.244000,0.375500,0.131500,0.131500
20260916,2026-09-16,gtm_minimum,reaches_profitability,shock_rho,0.305000,0.288000,-0.017000,0.017000
20260916,2026-09-16,gtm_minimum,reaches_profitability,shock_sd,0.293500,0.311500,0.018000,0.018000
20260916,2026-09-16,gtm_minimum,reaches_profitability,school_seats,0.294000,0.308500,0.014500,0.014500
20260916,2026-09-16,gtm_minimum,reaches_profitability,school_gbp_seat_yr,0.301000,0.295000,-0.006000,0.006000
20260916,2026-09-16,gtm_minimum,reaches_profitability,school_win_rate,0.298500,0.288000,-0.010500,0.010500
20260916,2026-09-16,gtm_minimum,reaches_profitability,school_rep_pipeline_yr,0.304000,0.315500,0.011500,0.011500
20260916,2026-09-16,gtm_minimum,reaches_profitability,school_renewal,0.316000,0.302500,-0.013500,0.013500
20260916,2026-09-16,gtm_minimum,reaches_profitability,school_cycle_m,0.298000,0.298000,0.000000,0.000000
20260916,2026-09-16,gtm_minimum,reaches_profitability,us_sales_tax_eff,0.289000,0.297000,0.008000,0.008000
20260916,2026-09-16,gtm_minimum,reaches_profitability,step_entity_setup_usd,0.294000,0.309000,0.015000,0.015000
20260916,2026-09-16,gtm_minimum,reaches_profitability,step_entity_annual_usd,0.311500,0.289000,-0.022500,0.022500
20260916,2026-09-16,gtm_minimum,reaches_profitability,step_cert_setup_usd,0.294000,0.307500,0.013500,0.013500
20260916,2026-09-16,gtm_minimum,reaches_profitability,step_cert_annual_usd,0.297000,0.306000,0.009000,0.009000
20260916,2026-09-16,gtm_minimum,reaches_profitability,step_uk_rep_usd_yr,0.287000,0.295000,0.008000,0.008000
20260916,2026-09-16,gtm_minimum,reaches_profitability,step_counsel_initial_usd,0.287500,0.297000,0.009500,0.009500
20260916,2026-09-16,gtm_minimum,reaches_profitability,step_counsel_market_usd,0.313000,0.277000,-0.036000,0.036000
20260916,2026-09-16,gtm_minimum,reaches_profitability,step_office_usd_head_yr,0.300500,0.283000,-0.017500,0.017500
20260916,2026-09-16,gtm_minimum,reaches_profitability,step_dpia_audit_usd_yr,0.297500,0.295000,-0.002500,0.002500
20260916,2026-09-16,onshore_all,terminal_cash,anchor_u,-3114038.107822,-30159871.785040,-27045833.677219,27045833.677219
20260916,2026-09-16,onshore_all,terminal_cash,price_uk_tut_gbp,-26615655.668150,-6071101.868740,20544553.799410,20544553.799410
20260916,2026-09-16,onshore_all,terminal_cash,price_uk_sw_gbp,-18348563.836735,-19082857.539827,-734293.703092,734293.703092
20260916,2026-09-16,onshore_all,terminal_cash,price_rel_us,-19303903.277757,-15477084.063680,3826819.214077,3826819.214077
20260916,2026-09-16,onshore_all,terminal_cash,price_rel_in,-19581247.134930,-17761365.914037,1819881.220893,1819881.220893
20260916,2026-09-16,onshore_all,terminal_cash,price_rel_row,-18221019.622620,-20647484.035910,-2426464.413290,2426464.413290
20260916,2026-09-16,onshore_all,terminal_cash,price_drift_yr,-21049651.369481,-11471403.858716,9578247.510764,9578247.510764
20260916,2026-09-16,onshore_all,terminal_cash,overage_price_frac,-21020741.070872,-13050110.571350,7970630.499522,7970630.499522
20260916,2026-09-16,onshore_all,terminal_cash,sessions_per_hh_month,-21376971.227419,-15174134.745186,6202836.482233,6202836.482233
20260916,2026-09-16,onshore_all,terminal_cash,sessions_cv,-17187039.077848,-17434142.870394,-247103.792545,247103.792545
20260916,2026-09-16,onshore_all,terminal_cash,usage_season_amp,-18699387.011088,-18557300.106066,142086.905022,142086.905022
20260916,2026-09-16,onshore_all,terminal_cash,churn_base,-7190033.590366,-25550681.003987,-18360647.413622,18360647.413622
20260916,2026-09-16,onshore_all,terminal_cash,churn_m1_extra,-13276490.922951,-23274740.747486,-9998249.824534,9998249.824534
20260916,2026-09-16,onshore_all,terminal_cash,summer_lapse_pre,-16216178.475232,-21083222.785836,-4867044.310604,4867044.310604
20260916,2026-09-16,onshore_all,terminal_cash,progress_continue,-17614799.569837,-18360417.904167,-745618.334331,745618.334331
20260916,2026-09-16,onshore_all,terminal_cash,alevel_continue,-19556278.780355,-16222909.686263,3333369.094091,3333369.094091
20260916,2026-09-16,onshore_all,terminal_cash,alevel_exit_rate,-15375859.929065,-19810845.220104,-4434985.291038,4434985.291038
20260916,2026-09-16,onshore_all,terminal_cash,exam_carryover,-20525555.222507,-18118865.521606,2406689.700900,2406689.700900
20260916,2026-09-16,onshore_all,terminal_cash,turns_per_session,-16900384.472392,-19775264.650656,-2874880.178264,2874880.178264
20260916,2026-09-16,onshore_all,terminal_cash,tok_in_per_turn,-18182654.666041,-18427104.292981,-244449.626940,244449.626940
20260916,2026-09-16,onshore_all,terminal_cash,tok_out_per_turn,-18512011.804706,-19675016.911135,-1163005.106429,1163005.106429
20260916,2026-09-16,onshore_all,terminal_cash,price_in_mtok_usd,-19548883.494018,-19160404.148309,388479.345709,388479.345709
20260916,2026-09-16,onshore_all,terminal_cash,price_out_mtok_usd,-18797012.037433,-19526089.556671,-729077.519238,729077.519238
20260916,2026-09-16,onshore_all,terminal_cash,verify_overhead,-16784211.755547,-17999327.777108,-1215116.021561,1215116.021561
20260916,2026-09-16,onshore_all,terminal_cash,gate_fire_rate,-16002335.910371,-18991806.112761,-2989470.202390,2989470.202390
20260916,2026-09-16,onshore_all,terminal_cash,infer_decline_yr,-16918584.072571,-17919343.048344,-1000758.975773,1000758.975773
20260916,2026-09-16,onshore_all,terminal_cash,support_min_hh_month,-18172513.455584,-18704475.501015,-531962.045432,531962.045432
20260916,2026-09-16,onshore_all,terminal_cash,support_usd_hr,-19095303.789574,-21230318.848329,-2135015.058755,2135015.058755
20260916,2026-09-16,onshore_all,terminal_cash,pay_pct,-17546518.892206,-17792366.020604,-245847.128398,245847.128398
20260916,2026-09-16,onshore_all,terminal_cash,pay_fixed_usd,-18908638.566401,-19483512.921129,-574874.354728,574874.354728
20260916,2026-09-16,onshore_all,terminal_cash,hosting_hh_usd,-17213018.543770,-19528093.991905,-2315075.448135,2315075.448135
20260916,2026-09-16,onshore_all,terminal_cash,verif_cost_usd,-17370876.133124,-18917431.608596,-1546555.475473,1546555.475473
20260916,2026-09-16,onshore_all,terminal_cash,minutes_per_item,-13924791.242488,-24619142.992322,-10694351.749834,10694351.749834
20260916,2026-09-16,onshore_all,terminal_cash,examiner_rate_gbp_hr,-13055240.998415,-18075692.570494,-5020451.572079,5020451.572079
20260916,2026-09-16,onshore_all,terminal_cash,writer_gbp_item,-13736245.252348,-24636142.060891,-10899896.808543,10899896.808543
20260916,2026-09-16,onshore_all,terminal_cash,items_per_unit,-10403815.146647,-23771757.204454,-13367942.057807,13367942.057807
20260916,2026-09-16,onshore_all,terminal_cash,board_reuse,-20437997.822069,-13680505.464504,6757492.357565,6757492.357565
20260916,2026-09-16,onshore_all,terminal_cash,market_reuse,-19972834.673126,-14841835.562286,5130999.110840,5130999.110840
20260916,2026-09-16,onshore_all,terminal_cash,reval_frac_yr,-13646971.981596,-19747736.428274,-6100764.446678,6100764.446678
20260916,2026-09-16,onshore_all,terminal_cash,eng_usd_yr,-16364943.062265,-18557500.388325,-2192557.326060,2192557.326060
20260916,2026-09-16,onshore_all,terminal_cash,uk_gbp_yr,-13951007.547995,-23829462.843456,-9878455.295461,9878455.295461
20260916,2026-09-16,onshore_all,terminal_cash,overhead_mult,-17385211.480688,-21106493.326484,-3721281.845796,3721281.845796
20260916,2026-09-16,onshore_all,terminal_cash,units_per_content_head,-22286310.856172,-19938168.488769,2348142.367403,2348142.367403
20260916,2026-09-16,onshore_all,terminal_cash,eng_ramp_mult,-15092187.338660,-21497230.132457,-6405042.793797,6405042.793797
20260916,2026-09-16,onshore_all,terminal_cash,cac_anchor_usd,17441672.539565,-30267279.197501,-47708951.737066,47708951.737066
20260916,2026-09-16,onshore_all,terminal_cash,cac_rel_us,-12404762.421671,-21336653.062107,-8931890.640436,8931890.640436
20260916,2026-09-16,onshore_all,terminal_cash,cac_rel_in,-19019260.638526,-18847071.370368,172189.268158,172189.268158
20260916,2026-09-16,onshore_all,terminal_cash,cac_rel_row,-13950726.304177,-18280934.649851,-4330208.345674,4330208.345674
20260916,2026-09-16,onshore_all,terminal_cash,sat_kappa,10368255.684583,-27113552.697778,-37481808.382361,37481808.382361
20260916,2026-09-16,onshore_all,terminal_cash,cac_ref_spend_usd,-25601925.307410,-5660556.439744,19941368.867666,19941368.867666
20260916,2026-09-16,onshore_all,terminal_cash,pool_pressure_psi,-18298372.670365,-19990355.246588,-1691982.576223,1691982.576223
20260916,2026-09-16,onshore_all,terminal_cash,creator_share,-21734836.073958,-13446218.663565,8288617.410393,8288617.410393
20260916,2026-09-16,onshore_all,terminal_cash,creator_cac_rel,-15229657.586232,-19871216.437632,-4641558.851400,4641558.851400
20260916,2026-09-16,onshore_all,terminal_cash,pool_uk,-25217748.879289,-7806989.152321,17410759.726968,17410759.726968
20260916,2026-09-16,onshore_all,terminal_cash,pool_rel_us,-21310747.535641,-19291241.996562,2019505.539079,2019505.539079
20260916,2026-09-16,onshore_all,terminal_cash,pool_rel_in,-16841186.946020,-19379957.209448,-2538770.263428,2538770.263428
20260916,2026-09-16,onshore_all,terminal_cash,pool_rel_row,-17123956.849031,-15640655.908149,1483300.940881,1483300.940881
20260916,2026-09-16,onshore_all,terminal_cash,acq_season_amp,-16318058.490970,-18130190.568056,-1812132.077086,1812132.077086
20260916,2026-09-16,onshore_all,terminal_cash,seg_mix_exam,-19803451.340834,-17563510.418542,2239940.922292,2239940.922292
20260916,2026-09-16,onshore_all,terminal_cash,seg_mix_alevel,-16316496.473189,-15919908.478597,396587.994592,396587.994592
20260916,2026-09-16,onshore_all,terminal_cash,acq_pct_of_rev,-23690060.407545,-16865463.193755,6824597.213790,6824597.213790
20260916,2026-09-16,onshore_all,terminal_cash,acq_launch_ramp,-18392023.107887,-14013444.749569,4378578.358318,4378578.358318
20260916,2026-09-16,onshore_all,terminal_cash,shock_rho,-18346298.010858,-18604190.871233,-257892.860375,257892.860375
20260916,2026-09-16,onshore_all,terminal_cash,shock_sd,-21540873.563177,-18795710.783472,2745162.779706,2745162.779706
20260916,2026-09-16,onshore_all,terminal_cash,school_seats,-18255673.938033,-17622996.186796,632677.751238,632677.751238
20260916,2026-09-16,onshore_all,terminal_cash,school_gbp_seat_yr,-15273722.740819,-18037635.232252,-2763912.491434,2763912.491434
20260916,2026-09-16,onshore_all,terminal_cash,school_win_rate,-18587355.521260,-20193178.421519,-1605822.900258,1605822.900258
20260916,2026-09-16,onshore_all,terminal_cash,school_rep_pipeline_yr,-18272978.235061,-16564131.761563,1708846.473498,1708846.473498
20260916,2026-09-16,onshore_all,terminal_cash,school_renewal,-17371696.788152,-14776312.021212,2595384.766940,2595384.766940
20260916,2026-09-16,onshore_all,terminal_cash,school_cycle_m,-18288541.128784,-16884301.595255,1404239.533529,1404239.533529
20260916,2026-09-16,onshore_all,terminal_cash,us_sales_tax_eff,-17526352.528655,-19647047.084649,-2120694.555994,2120694.555994
20260916,2026-09-16,onshore_all,terminal_cash,step_entity_setup_usd,-20616186.727787,-20240022.551215,376164.176572,376164.176572
20260916,2026-09-16,onshore_all,terminal_cash,step_entity_annual_usd,-18467753.371760,-17197889.100488,1269864.271272,1269864.271272
20260916,2026-09-16,onshore_all,terminal_cash,step_cert_setup_usd,-18400829.048098,-19871127.689463,-1470298.641365,1470298.641365
20260916,2026-09-16,onshore_all,terminal_cash,step_cert_annual_usd,-18837375.439707,-15614685.690972,3222689.748735,3222689.748735
20260916,2026-09-16,onshore_all,terminal_cash,step_uk_rep_usd_yr,-17456653.829515,-17973456.533197,-516802.703682,516802.703682
20260916,2026-09-16,onshore_all,terminal_cash,step_counsel_initial_usd,-18750382.898327,-19019408.808285,-269025.909958,269025.909958
20260916,2026-09-16,onshore_all,terminal_cash,step_counsel_market_usd,-17109299.782902,-18829211.343569,-1719911.560668,1719911.560668
20260916,2026-09-16,onshore_all,terminal_cash,step_office_usd_head_yr,-20772948.165409,-18241386.532342,2531561.633068,2531561.633068
20260916,2026-09-16,onshore_all,terminal_cash,step_dpia_audit_usd_yr,-19772798.139266,-14647634.552094,5125163.587172,5125163.587172
20260916,2026-09-16,onshore_all,terminal_cash_rank,anchor_u,0.590174,0.413322,-0.176851,0.176851
20260916,2026-09-16,onshore_all,terminal_cash_rank,price_uk_tut_gbp,0.461820,0.522352,0.060532,0.060532
20260916,2026-09-16,onshore_all,terminal_cash_rank,price_uk_sw_gbp,0.490069,0.513098,0.023030,0.023030
20260916,2026-09-16,onshore_all,terminal_cash_rank,price_rel_us,0.494875,0.506966,0.012091,0.012091
20260916,2026-09-16,onshore_all,terminal_cash_rank,price_rel_in,0.500431,0.503726,0.003295,0.003295
20260916,2026-09-16,onshore_all,terminal_cash_rank,price_rel_row,0.505174,0.496599,-0.008576,0.008576
20260916,2026-09-16,onshore_all,terminal_cash_rank,price_drift_yr,0.487778,0.521572,0.033795,0.033795
20260916,2026-09-16,onshore_all,terminal_cash_rank,overage_price_frac,0.495939,0.504806,0.008867,0.008867
20260916,2026-09-16,onshore_all,terminal_cash_rank,sessions_per_hh_month,0.484166,0.516923,0.032757,0.032757
20260916,2026-09-16,onshore_all,terminal_cash_rank,sessions_cv,0.497210,0.498183,0.000973,0.000973
20260916,2026-09-16,onshore_all,terminal_cash_rank,usage_season_amp,0.502356,0.496142,-0.006214,0.006214
20260916,2026-09-16,onshore_all,terminal_cash_rank,churn_base,0.547765,0.465835,-0.081930,0.081930
20260916,2026-09-16,onshore_all,terminal_cash_rank,churn_m1_extra,0.522432,0.482879,-0.039554,0.039554
20260916,2026-09-16,onshore_all,terminal_cash_rank,summer_lapse_pre,0.510605,0.496056,-0.014549,0.014549
20260916,2026-09-16,onshore_all,terminal_cash_rank,progress_continue,0.488916,0.505279,0.016363,0.016363
20260916,2026-09-16,onshore_all,terminal_cash_rank,alevel_continue,0.488678,0.524806,0.036128,0.036128
20260916,2026-09-16,onshore_all,terminal_cash_rank,alevel_exit_rate,0.501786,0.496068,-0.005719,0.005719
20260916,2026-09-16,onshore_all,terminal_cash_rank,exam_carryover,0.494437,0.500184,0.005746,0.005746
20260916,2026-09-16,onshore_all,terminal_cash_rank,turns_per_session,0.500852,0.502361,0.001509,0.001509
20260916,2026-09-16,onshore_all,terminal_cash_rank,tok_in_per_turn,0.503910,0.493922,-0.009988,0.009988
20260916,2026-09-16,onshore_all,terminal_cash_rank,tok_out_per_turn,0.497428,0.501903,0.004476,0.004476
20260916,2026-09-16,onshore_all,terminal_cash_rank,price_in_mtok_usd,0.511715,0.501659,-0.010057,0.010057
20260916,2026-09-16,onshore_all,terminal_cash_rank,price_out_mtok_usd,0.513644,0.498881,-0.014762,0.014762
20260916,2026-09-16,onshore_all,terminal_cash_rank,verify_overhead,0.509583,0.495289,-0.014294,0.014294
20260916,2026-09-16,onshore_all,terminal_cash_rank,gate_fire_rate,0.505604,0.503374,-0.002229,0.002229
20260916,2026-09-16,onshore_all,terminal_cash_rank,infer_decline_yr,0.496295,0.497387,0.001091,0.001091
20260916,2026-09-16,onshore_all,terminal_cash_rank,support_min_hh_month,0.512449,0.485120,-0.027329,0.027329
20260916,2026-09-16,onshore_all,terminal_cash_rank,support_usd_hr,0.489239,0.501559,0.012319,0.012319
20260916,2026-09-16,onshore_all,terminal_cash_rank,pay_pct,0.498713,0.490734,-0.007979,0.007979
20260916,2026-09-16,onshore_all,terminal_cash_rank,pay_fixed_usd,0.496488,0.489589,-0.006899,0.006899
20260916,2026-09-16,onshore_all,terminal_cash_rank,hosting_hh_usd,0.517059,0.496835,-0.020224,0.020224
20260916,2026-09-16,onshore_all,terminal_cash_rank,verif_cost_usd,0.505785,0.491733,-0.014052,0.014052
20260916,2026-09-16,onshore_all,terminal_cash_rank,minutes_per_item,0.619874,0.390192,-0.229682,0.229682
20260916,2026-09-16,onshore_all,terminal_cash_rank,examiner_rate_gbp_hr,0.592062,0.433510,-0.158553,0.158553
20260916,2026-09-16,onshore_all,terminal_cash_rank,writer_gbp_item,0.610157,0.375590,-0.234566,0.234566
20260916,2026-09-16,onshore_all,terminal_cash_rank,items_per_unit,0.681476,0.343988,-0.337488,0.337488
20260916,2026-09-16,onshore_all,terminal_cash_rank,board_reuse,0.401648,0.604725,0.203077,0.203077
20260916,2026-09-16,onshore_all,terminal_cash_rank,market_reuse,0.441088,0.554784,0.113696,0.113696
20260916,2026-09-16,onshore_all,terminal_cash_rank,reval_frac_yr,0.550232,0.454954,-0.095277,0.095277
20260916,2026-09-16,onshore_all,terminal_cash_rank,eng_usd_yr,0.533660,0.451999,-0.081661,0.081661
20260916,2026-09-16,onshore_all,terminal_cash_rank,uk_gbp_yr,0.610879,0.383481,-0.227397,0.227397
20260916,2026-09-16,onshore_all,terminal_cash_rank,overhead_mult,0.551760,0.454819,-0.096941,0.096941
20260916,2026-09-16,onshore_all,terminal_cash_rank,units_per_content_head,0.426688,0.530081,0.103393,0.103393
20260916,2026-09-16,onshore_all,terminal_cash_rank,eng_ramp_mult,0.587175,0.417354,-0.169822,0.169822
20260916,2026-09-16,onshore_all,terminal_cash_rank,cac_anchor_usd,0.641798,0.415079,-0.226719,0.226719
20260916,2026-09-16,onshore_all,terminal_cash_rank,cac_rel_us,0.523161,0.496736,-0.026425,0.026425
20260916,2026-09-16,onshore_all,terminal_cash_rank,cac_rel_in,0.501739,0.496615,-0.005125,0.005125
20260916,2026-09-16,onshore_all,terminal_cash_rank,cac_rel_row,0.513864,0.499334,-0.014531,0.014531
20260916,2026-09-16,onshore_all,terminal_cash_rank,sat_kappa,0.540008,0.470247,-0.069761,0.069761
20260916,2026-09-16,onshore_all,terminal_cash_rank,cac_ref_spend_usd,0.443532,0.566315,0.122783,0.122783
20260916,2026-09-16,onshore_all,terminal_cash_rank,pool_pressure_psi,0.505217,0.497613,-0.007603,0.007603
20260916,2026-09-16,onshore_all,terminal_cash_rank,creator_share,0.483479,0.520537,0.037058,0.037058
20260916,2026-09-16,onshore_all,terminal_cash_rank,creator_cac_rel,0.510975,0.488135,-0.022840,0.022840
20260916,2026-09-16,onshore_all,terminal_cash_rank,pool_uk,0.485490,0.505855,0.020365,0.020365
20260916,2026-09-16,onshore_all,terminal_cash_rank,pool_rel_us,0.490290,0.498948,0.008657,0.008657
20260916,2026-09-16,onshore_all,terminal_cash_rank,pool_rel_in,0.502551,0.505173,0.002622,0.002622
20260916,2026-09-16,onshore_all,terminal_cash_rank,pool_rel_row,0.490403,0.503780,0.013377,0.013377
20260916,2026-09-16,onshore_all,terminal_cash_rank,acq_season_amp,0.496952,0.502611,0.005658,0.005658
20260916,2026-09-16,onshore_all,terminal_cash_rank,seg_mix_exam,0.487837,0.519566,0.031729,0.031729
20260916,2026-09-16,onshore_all,terminal_cash_rank,seg_mix_alevel,0.489912,0.509374,0.019462,0.019462
20260916,2026-09-16,onshore_all,terminal_cash_rank,acq_pct_of_rev,0.489155,0.493533,0.004378,0.004378
20260916,2026-09-16,onshore_all,terminal_cash_rank,acq_launch_ramp,0.497704,0.506927,0.009223,0.009223
20260916,2026-09-16,onshore_all,terminal_cash_rank,shock_rho,0.501081,0.496855,-0.004226,0.004226
20260916,2026-09-16,onshore_all,terminal_cash_rank,shock_sd,0.503000,0.502694,-0.000306,0.000306
20260916,2026-09-16,onshore_all,terminal_cash_rank,school_seats,0.484372,0.508358,0.023986,0.023986
20260916,2026-09-16,onshore_all,terminal_cash_rank,school_gbp_seat_yr,0.503321,0.497143,-0.006178,0.006178
20260916,2026-09-16,onshore_all,terminal_cash_rank,school_win_rate,0.490030,0.490297,0.000268,0.000268
20260916,2026-09-16,onshore_all,terminal_cash_rank,school_rep_pipeline_yr,0.496758,0.506496,0.009738,0.009738
20260916,2026-09-16,onshore_all,terminal_cash_rank,school_renewal,0.505058,0.509722,0.004665,0.004665
20260916,2026-09-16,onshore_all,terminal_cash_rank,school_cycle_m,0.496984,0.490566,-0.006418,0.006418
20260916,2026-09-16,onshore_all,terminal_cash_rank,us_sales_tax_eff,0.503671,0.489552,-0.014119,0.014119
20260916,2026-09-16,onshore_all,terminal_cash_rank,step_entity_setup_usd,0.486100,0.501696,0.015596,0.015596
20260916,2026-09-16,onshore_all,terminal_cash_rank,step_entity_annual_usd,0.510001,0.496517,-0.013483,0.013483
20260916,2026-09-16,onshore_all,terminal_cash_rank,step_cert_setup_usd,0.497685,0.501399,0.003714,0.003714
20260916,2026-09-16,onshore_all,terminal_cash_rank,step_cert_annual_usd,0.498744,0.499433,0.000689,0.000689
20260916,2026-09-16,onshore_all,terminal_cash_rank,step_uk_rep_usd_yr,0.496205,0.513500,0.017296,0.017296
20260916,2026-09-16,onshore_all,terminal_cash_rank,step_counsel_initial_usd,0.509164,0.497686,-0.011479,0.011479
20260916,2026-09-16,onshore_all,terminal_cash_rank,step_counsel_market_usd,0.512826,0.494387,-0.018438,0.018438
20260916,2026-09-16,onshore_all,terminal_cash_rank,step_office_usd_head_yr,0.496339,0.489715,-0.006624,0.006624
20260916,2026-09-16,onshore_all,terminal_cash_rank,step_dpia_audit_usd_yr,0.495246,0.494421,-0.000825,0.000825
20260916,2026-09-16,onshore_all,peak_funding_requirement,anchor_u,22786206.193278,30288358.820434,7502152.627156,7502152.627156
20260916,2026-09-16,onshore_all,peak_funding_requirement,price_uk_tut_gbp,28355380.498964,25437068.455991,-2918312.042973,2918312.042973
20260916,2026-09-16,onshore_all,peak_funding_requirement,price_uk_sw_gbp,27020471.671214,26274996.301082,-745475.370131,745475.370131
20260916,2026-09-16,onshore_all,peak_funding_requirement,price_rel_us,26989538.674804,26404036.267990,-585502.406814,585502.406814
20260916,2026-09-16,onshore_all,peak_funding_requirement,price_rel_in,26582136.522704,26519499.616952,-62636.905752,62636.905752
20260916,2026-09-16,onshore_all,peak_funding_requirement,price_rel_row,26513565.699835,26917805.961871,404240.262035,404240.262035
20260916,2026-09-16,onshore_all,peak_funding_requirement,price_drift_yr,27172251.156916,25867116.461938,-1305134.694978,1305134.694978
20260916,2026-09-16,onshore_all,peak_funding_requirement,overage_price_frac,26900829.890457,26511881.498583,-388948.391874,388948.391874
20260916,2026-09-16,onshore_all,peak_funding_requirement,sessions_per_hh_month,27326781.478879,25982325.419123,-1344456.059756,1344456.059756
20260916,2026-09-16,onshore_all,peak_funding_requirement,sessions_cv,26810859.573644,26796251.130781,-14608.442863,14608.442863
20260916,2026-09-16,onshore_all,peak_funding_requirement,usage_season_amp,26637136.975039,26778960.284280,141823.309241,141823.309241
20260916,2026-09-16,onshore_all,peak_funding_requirement,churn_base,24669753.000623,28100604.408678,3430851.408055,3430851.408055
20260916,2026-09-16,onshore_all,peak_funding_requirement,churn_m1_extra,25761840.703888,27361772.019162,1599931.315274,1599931.315274
20260916,2026-09-16,onshore_all,peak_funding_requirement,summer_lapse_pre,26324378.846488,26866761.835928,542382.989439,542382.989439
20260916,2026-09-16,onshore_all,peak_funding_requirement,progress_continue,27098243.027281,26487199.596826,-611043.430456,611043.430456
20260916,2026-09-16,onshore_all,peak_funding_requirement,alevel_continue,27115362.988178,25691943.867080,-1423419.121098,1423419.121098
20260916,2026-09-16,onshore_all,peak_funding_requirement,alevel_exit_rate,26660303.701260,26811575.776217,151272.074957,151272.074957
20260916,2026-09-16,onshore_all,peak_funding_requirement,exam_carryover,26915218.519228,26616349.822951,-298868.696277,298868.696277
20260916,2026-09-16,onshore_all,peak_funding_requirement,turns_per_session,26520259.517513,26651842.438098,131582.920585,131582.920585
20260916,2026-09-16,onshore_all,peak_funding_requirement,tok_in_per_turn,26433576.065588,26963588.832918,530012.767330,530012.767330
20260916,2026-09-16,onshore_all,peak_funding_requirement,tok_out_per_turn,26755285.488278,26625519.963254,-129765.525024,129765.525024
20260916,2026-09-16,onshore_all,peak_funding_requirement,price_in_mtok_usd,26276584.772261,26759168.936795,482584.164534,482584.164534
20260916,2026-09-16,onshore_all,peak_funding_requirement,price_out_mtok_usd,26259324.910488,26794277.402584,534952.492096,534952.492096
20260916,2026-09-16,onshore_all,peak_funding_requirement,verify_overhead,26327007.921272,26839913.723367,512905.802095,512905.802095
20260916,2026-09-16,onshore_all,peak_funding_requirement,gate_fire_rate,26517030.789638,26602578.206006,85547.416368,85547.416368
20260916,2026-09-16,onshore_all,peak_funding_requirement,infer_decline_yr,26876254.755090,26812525.509649,-63729.245441,63729.245441
20260916,2026-09-16,onshore_all,peak_funding_requirement,support_min_hh_month,26138907.491952,27213213.696420,1074306.204468,1074306.204468
20260916,2026-09-16,onshore_all,peak_funding_requirement,support_usd_hr,27092699.832067,26719421.594803,-373278.237264,373278.237264
20260916,2026-09-16,onshore_all,peak_funding_requirement,pay_pct,26649332.112730,27177623.077951,528290.965222,528290.965222
20260916,2026-09-16,onshore_all,peak_funding_requirement,pay_fixed_usd,26839491.133036,27099126.012458,259634.879422,259634.879422
20260916,2026-09-16,onshore_all,peak_funding_requirement,hosting_hh_usd,26055121.123877,26763882.072390,708760.948514,708760.948514
20260916,2026-09-16,onshore_all,peak_funding_requirement,verif_cost_usd,26530594.446415,27057362.612223,526768.165808,526768.165808
20260916,2026-09-16,onshore_all,peak_funding_requirement,minutes_per_item,22300459.648151,31256846.114410,8956386.466258,8956386.466258
20260916,2026-09-16,onshore_all,peak_funding_requirement,examiner_rate_gbp_hr,23229324.380969,29542370.543406,6313046.162438,6313046.162438
20260916,2026-09-16,onshore_all,peak_funding_requirement,writer_gbp_item,22560118.964034,31698085.432458,9137966.468424,9137966.468424
20260916,2026-09-16,onshore_all,peak_funding_requirement,items_per_unit,20131153.280951,33186782.850552,13055629.569601,13055629.569601
20260916,2026-09-16,onshore_all,peak_funding_requirement,board_reuse,30864186.197063,22668363.179666,-8195823.017396,8195823.017396
20260916,2026-09-16,onshore_all,peak_funding_requirement,market_reuse,29043646.319128,24576327.101042,-4467319.218087,4467319.218087
20260916,2026-09-16,onshore_all,peak_funding_requirement,reval_frac_yr,24801877.668342,28440155.503076,3638277.834734,3638277.834734
20260916,2026-09-16,onshore_all,peak_funding_requirement,eng_usd_yr,25345977.394069,28474445.651124,3128468.257055,3128468.257055
20260916,2026-09-16,onshore_all,peak_funding_requirement,uk_gbp_yr,22691862.136976,31026497.413743,8334635.276768,8334635.276768
20260916,2026-09-16,onshore_all,peak_funding_requirement,overhead_mult,24760758.110163,28450362.439516,3689604.329353,3689604.329353
20260916,2026-09-16,onshore_all,peak_funding_requirement,units_per_content_head,29496841.192446,25565526.375179,-3931314.817267,3931314.817267
20260916,2026-09-16,onshore_all,peak_funding_requirement,eng_ramp_mult,23638095.164512,29573507.971898,5935412.807386,5935412.807386
20260916,2026-09-16,onshore_all,peak_funding_requirement,cac_anchor_usd,20288248.305047,30268321.876381,9980073.571334,9980073.571334
20260916,2026-09-16,onshore_all,peak_funding_requirement,cac_rel_us,25752133.124339,26897875.265891,1145742.141552,1145742.141552
20260916,2026-09-16,onshore_all,peak_funding_requirement,cac_rel_in,26649959.618466,26723789.690808,73830.072342,73830.072342
20260916,2026-09-16,onshore_all,peak_funding_requirement,cac_rel_row,26330341.526173,26675837.568774,345496.042602,345496.042602
20260916,2026-09-16,onshore_all,peak_funding_requirement,sat_kappa,24783009.517045,28030005.746486,3246996.229440,3246996.229440
20260916,2026-09-16,onshore_all,peak_funding_requirement,cac_ref_spend_usd,29023594.493082,23768175.160390,-5255419.332692,5255419.332692
20260916,2026-09-16,onshore_all,peak_funding_requirement,pool_pressure_psi,26605926.283765,26813877.271477,207950.987712,207950.987712
20260916,2026-09-16,onshore_all,peak_funding_requirement,creator_share,27353505.824277,25643540.036707,-1709965.787570,1709965.787570
20260916,2026-09-16,onshore_all,peak_funding_requirement,creator_cac_rel,26278578.353823,27177812.363625,899234.009801,899234.009801
20260916,2026-09-16,onshore_all,peak_funding_requirement,pool_uk,27248583.079617,26467363.896121,-781219.183496,781219.183496
20260916,2026-09-16,onshore_all,peak_funding_requirement,pool_rel_us,27044898.666598,26806033.484615,-238865.181982,238865.181982
20260916,2026-09-16,onshore_all,peak_funding_requirement,pool_rel_in,26618090.286799,26416289.469090,-201800.817709,201800.817709
20260916,2026-09-16,onshore_all,peak_funding_requirement,pool_rel_row,27081458.657060,26516578.589460,-564880.067600,564880.067600
20260916,2026-09-16,onshore_all,peak_funding_requirement,acq_season_amp,26814255.064652,26600661.798121,-213593.266531,213593.266531
20260916,2026-09-16,onshore_all,peak_funding_requirement,seg_mix_exam,27139029.989256,26003941.780317,-1135088.208939,1135088.208939
20260916,2026-09-16,onshore_all,peak_funding_requirement,seg_mix_alevel,26912947.472147,26479654.839471,-433292.632675,433292.632675
20260916,2026-09-16,onshore_all,peak_funding_requirement,acq_pct_of_rev,27197149.644489,27050985.893186,-146163.751302,146163.751302
20260916,2026-09-16,onshore_all,peak_funding_requirement,acq_launch_ramp,26845268.995659,26375741.245066,-469527.750594,469527.750594
20260916,2026-09-16,onshore_all,peak_funding_requirement,shock_rho,26694171.744496,26834581.663824,140409.919327,140409.919327
20260916,2026-09-16,onshore_all,peak_funding_requirement,shock_sd,26554506.524141,26707504.575540,152998.051398,152998.051398
20260916,2026-09-16,onshore_all,peak_funding_requirement,school_seats,27167348.884170,26363014.415545,-804334.468625,804334.468625
20260916,2026-09-16,onshore_all,peak_funding_requirement,school_gbp_seat_yr,26630561.857873,26818125.671721,187563.813848,187563.813848
20260916,2026-09-16,onshore_all,peak_funding_requirement,school_win_rate,27067420.657240,27263714.984737,196294.327497,196294.327497
20260916,2026-09-16,onshore_all,peak_funding_requirement,school_rep_pipeline_yr,26841572.913307,26394929.670052,-446643.243255,446643.243255
20260916,2026-09-16,onshore_all,peak_funding_requirement,school_renewal,26578480.483854,26406893.390316,-171587.093538,171587.093538
20260916,2026-09-16,onshore_all,peak_funding_requirement,school_cycle_m,26746894.177618,27132733.921984,385839.744366,385839.744366
20260916,2026-09-16,onshore_all,peak_funding_requirement,us_sales_tax_eff,26552425.633243,27030565.369788,478139.736545,478139.736545
20260916,2026-09-16,onshore_all,peak_funding_requirement,step_entity_setup_usd,27192532.300608,26623497.180171,-569035.120437,569035.120437
20260916,2026-09-16,onshore_all,peak_funding_requirement,step_entity_annual_usd,26273969.295856,26857665.595306,583696.299450,583696.299450
20260916,2026-09-16,onshore_all,peak_funding_requirement,step_cert_setup_usd,26717527.064747,26588323.568493,-129203.496255,129203.496255
20260916,2026-09-16,onshore_all,peak_funding_requirement,step_cert_annual_usd,26728832.893336,26655382.257469,-73450.635867,73450.635867
20260916,2026-09-16,onshore_all,peak_funding_requirement,step_uk_rep_usd_yr,26820553.603039,26142032.660999,-678520.942040,678520.942040
20260916,2026-09-16,onshore_all,peak_funding_requirement,step_counsel_initial_usd,26350402.911571,26794779.624565,444376.712994,444376.712994
20260916,2026-09-16,onshore_all,peak_funding_requirement,step_counsel_market_usd,26245806.841898,26858514.766962,612707.925063,612707.925063
20260916,2026-09-16,onshore_all,peak_funding_requirement,step_office_usd_head_yr,26861710.167413,27063689.746620,201979.579206,201979.579206
20260916,2026-09-16,onshore_all,peak_funding_requirement,step_dpia_audit_usd_yr,26836224.164953,27002722.686977,166498.522024,166498.522024
20260916,2026-09-16,onshore_all,reaches_profitability,anchor_u,0.284000,0.020000,-0.264000,0.264000
20260916,2026-09-16,onshore_all,reaches_profitability,price_uk_tut_gbp,0.077500,0.198500,0.121000,0.121000
20260916,2026-09-16,onshore_all,reaches_profitability,price_uk_sw_gbp,0.144500,0.166000,0.021500,0.021500
20260916,2026-09-16,onshore_all,reaches_profitability,price_rel_us,0.139000,0.151500,0.012500,0.012500
20260916,2026-09-16,onshore_all,reaches_profitability,price_rel_in,0.141000,0.153000,0.012000,0.012000
20260916,2026-09-16,onshore_all,reaches_profitability,price_rel_row,0.135500,0.154500,0.019000,0.019000
20260916,2026-09-16,onshore_all,reaches_profitability,price_drift_yr,0.107500,0.182500,0.075000,0.075000
20260916,2026-09-16,onshore_all,reaches_profitability,overage_price_frac,0.131000,0.159500,0.028500,0.028500
20260916,2026-09-16,onshore_all,reaches_profitability,sessions_per_hh_month,0.126000,0.177000,0.051000,0.051000
20260916,2026-09-16,onshore_all,reaches_profitability,sessions_cv,0.144500,0.139000,-0.005500,0.005500
20260916,2026-09-16,onshore_all,reaches_profitability,usage_season_amp,0.137500,0.136000,-0.001500,0.001500
20260916,2026-09-16,onshore_all,reaches_profitability,churn_base,0.213500,0.088000,-0.125500,0.125500
20260916,2026-09-16,onshore_all,reaches_profitability,churn_m1_extra,0.185000,0.112500,-0.072500,0.072500
20260916,2026-09-16,onshore_all,reaches_profitability,summer_lapse_pre,0.152000,0.143500,-0.008500,0.008500
20260916,2026-09-16,onshore_all,reaches_profitability,progress_continue,0.147500,0.155500,0.008000,0.008000
20260916,2026-09-16,onshore_all,reaches_profitability,alevel_continue,0.131000,0.168500,0.037500,0.037500
20260916,2026-09-16,onshore_all,reaches_profitability,alevel_exit_rate,0.141500,0.145500,0.004000,0.004000
20260916,2026-09-16,onshore_all,reaches_profitability,exam_carryover,0.135500,0.139500,0.004000,0.004000
20260916,2026-09-16,onshore_all,reaches_profitability,turns_per_session,0.156000,0.150000,-0.006000,0.006000
20260916,2026-09-16,onshore_all,reaches_profitability,tok_in_per_turn,0.154000,0.135000,-0.019000,0.019000
20260916,2026-09-16,onshore_all,reaches_profitability,tok_out_per_turn,0.150000,0.138500,-0.011500,0.011500
20260916,2026-09-16,onshore_all,reaches_profitability,price_in_mtok_usd,0.153500,0.142500,-0.011000,0.011000
20260916,2026-09-16,onshore_all,reaches_profitability,price_out_mtok_usd,0.164000,0.145000,-0.019000,0.019000
20260916,2026-09-16,onshore_all,reaches_profitability,verify_overhead,0.149000,0.140500,-0.008500,0.008500
20260916,2026-09-16,onshore_all,reaches_profitability,gate_fire_rate,0.147000,0.156000,0.009000,0.009000
20260916,2026-09-16,onshore_all,reaches_profitability,infer_decline_yr,0.142000,0.155000,0.013000,0.013000
20260916,2026-09-16,onshore_all,reaches_profitability,support_min_hh_month,0.158500,0.139000,-0.019500,0.019500
20260916,2026-09-16,onshore_all,reaches_profitability,support_usd_hr,0.139500,0.141500,0.002000,0.002000
20260916,2026-09-16,onshore_all,reaches_profitability,pay_pct,0.148500,0.137000,-0.011500,0.011500
20260916,2026-09-16,onshore_all,reaches_profitability,pay_fixed_usd,0.137500,0.139000,0.001500,0.001500
20260916,2026-09-16,onshore_all,reaches_profitability,hosting_hh_usd,0.153500,0.146000,-0.007500,0.007500
20260916,2026-09-16,onshore_all,reaches_profitability,verif_cost_usd,0.141500,0.142500,0.001000,0.001000
20260916,2026-09-16,onshore_all,reaches_profitability,minutes_per_item,0.149000,0.140500,-0.008500,0.008500
20260916,2026-09-16,onshore_all,reaches_profitability,examiner_rate_gbp_hr,0.158500,0.149000,-0.009500,0.009500
20260916,2026-09-16,onshore_all,reaches_profitability,writer_gbp_item,0.151000,0.129500,-0.021500,0.021500
20260916,2026-09-16,onshore_all,reaches_profitability,items_per_unit,0.170500,0.130500,-0.040000,0.040000
20260916,2026-09-16,onshore_all,reaches_profitability,board_reuse,0.134000,0.159500,0.025500,0.025500
20260916,2026-09-16,onshore_all,reaches_profitability,market_reuse,0.144000,0.146500,0.002500,0.002500
20260916,2026-09-16,onshore_all,reaches_profitability,reval_frac_yr,0.170500,0.137500,-0.033000,0.033000
20260916,2026-09-16,onshore_all,reaches_profitability,eng_usd_yr,0.152000,0.130500,-0.021500,0.021500
20260916,2026-09-16,onshore_all,reaches_profitability,uk_gbp_yr,0.159500,0.121000,-0.038500,0.038500
20260916,2026-09-16,onshore_all,reaches_profitability,overhead_mult,0.151500,0.140000,-0.011500,0.011500
20260916,2026-09-16,onshore_all,reaches_profitability,units_per_content_head,0.139500,0.137500,-0.002000,0.002000
20260916,2026-09-16,onshore_all,reaches_profitability,eng_ramp_mult,0.157000,0.135500,-0.021500,0.021500
20260916,2026-09-16,onshore_all,reaches_profitability,cac_anchor_usd,0.424500,0.001000,-0.423500,0.423500
20260916,2026-09-16,onshore_all,reaches_profitability,cac_rel_us,0.189500,0.128000,-0.061500,0.061500
20260916,2026-09-16,onshore_all,reaches_profitability,cac_rel_in,0.158500,0.145500,-0.013000,0.013000
20260916,2026-09-16,onshore_all,reaches_profitability,cac_rel_row,0.160000,0.137000,-0.023000,0.023000
20260916,2026-09-16,onshore_all,reaches_profitability,sat_kappa,0.248500,0.076500,-0.172000,0.172000
20260916,2026-09-16,onshore_all,reaches_profitability,cac_ref_spend_usd,0.067000,0.260000,0.193000,0.193000
20260916,2026-09-16,onshore_all,reaches_profitability,pool_pressure_psi,0.153000,0.131500,-0.021500,0.021500
20260916,2026-09-16,onshore_all,reaches_profitability,creator_share,0.130000,0.182000,0.052000,0.052000
20260916,2026-09-16,onshore_all,reaches_profitability,creator_cac_rel,0.161500,0.123500,-0.038000,0.038000
20260916,2026-09-16,onshore_all,reaches_profitability,pool_uk,0.125500,0.158000,0.032500,0.032500
20260916,2026-09-16,onshore_all,reaches_profitability,pool_rel_us,0.127500,0.144500,0.017000,0.017000
20260916,2026-09-16,onshore_all,reaches_profitability,pool_rel_in,0.151000,0.152000,0.001000,0.001000
20260916,2026-09-16,onshore_all,reaches_profitability,pool_rel_row,0.137000,0.147500,0.010500,0.010500
20260916,2026-09-16,onshore_all,reaches_profitability,acq_season_amp,0.149000,0.145500,-0.003500,0.003500
20260916,2026-09-16,onshore_all,reaches_profitability,seg_mix_exam,0.132500,0.164500,0.032000,0.032000
20260916,2026-09-16,onshore_all,reaches_profitability,seg_mix_alevel,0.139500,0.159000,0.019500,0.019500
20260916,2026-09-16,onshore_all,reaches_profitability,acq_pct_of_rev,0.100000,0.155000,0.055000,0.055000
20260916,2026-09-16,onshore_all,reaches_profitability,acq_launch_ramp,0.144000,0.160000,0.016000,0.016000
20260916,2026-09-16,onshore_all,reaches_profitability,shock_rho,0.142500,0.146500,0.004000,0.004000
20260916,2026-09-16,onshore_all,reaches_profitability,shock_sd,0.132500,0.161000,0.028500,0.028500
20260916,2026-09-16,onshore_all,reaches_profitability,school_seats,0.147000,0.153500,0.006500,0.006500
20260916,2026-09-16,onshore_all,reaches_profitability,school_gbp_seat_yr,0.137500,0.144000,0.006500,0.006500
20260916,2026-09-16,onshore_all,reaches_profitability,school_win_rate,0.140000,0.135000,-0.005000,0.005000
20260916,2026-09-16,onshore_all,reaches_profitability,school_rep_pipeline_yr,0.145500,0.157000,0.011500,0.011500
20260916,2026-09-16,onshore_all,reaches_profitability,school_renewal,0.149500,0.155500,0.006000,0.006000
20260916,2026-09-16,onshore_all,reaches_profitability,school_cycle_m,0.141000,0.144000,0.003000,0.003000
20260916,2026-09-16,onshore_all,reaches_profitability,us_sales_tax_eff,0.143000,0.138500,-0.004500,0.004500
20260916,2026-09-16,onshore_all,reaches_profitability,step_entity_setup_usd,0.131500,0.151000,0.019500,0.019500
20260916,2026-09-16,onshore_all,reaches_profitability,step_entity_annual_usd,0.167000,0.142000,-0.025000,0.025000
20260916,2026-09-16,onshore_all,reaches_profitability,step_cert_setup_usd,0.143000,0.143000,0.000000,0.000000
20260916,2026-09-16,onshore_all,reaches_profitability,step_cert_annual_usd,0.145000,0.145500,0.000500,0.000500
20260916,2026-09-16,onshore_all,reaches_profitability,step_uk_rep_usd_yr,0.140500,0.147000,0.006500,0.006500
20260916,2026-09-16,onshore_all,reaches_profitability,step_counsel_initial_usd,0.150000,0.145500,-0.004500,0.004500
20260916,2026-09-16,onshore_all,reaches_profitability,step_counsel_market_usd,0.158500,0.136000,-0.022500,0.022500
20260916,2026-09-16,onshore_all,reaches_profitability,step_office_usd_head_yr,0.131500,0.135000,0.003500,0.003500
20260916,2026-09-16,onshore_all,reaches_profitability,step_dpia_audit_usd_yr,0.139000,0.140500,0.001500,0.001500
